2026-08-05 20:31:37.169 +05:30 [INF]  e-Tour API starting up
2026-08-05 20:31:37.294 +05:30 [FTL]  e-Tour API failed to start
System.TypeLoadException: Method 'GetSwagger' in type 'Swashbuckle.AspNetCore.SwaggerGen.SwaggerGenerator' from assembly 'Swashbuckle.AspNetCore.SwaggerGen, Version=7.2.0.0, Culture=neutral, PublicKeyToken=d84d99fb0135530a' does not have an implementation.
   at Microsoft.Extensions.DependencyInjection.SwaggerGenServiceCollectionExtensions.AddSwaggerGen(IServiceCollection services, Action`1 setupAction)
   at Microsoft.Extensions.DependencyInjection.SwaggerGenServiceCollectionExtensions.AddSwaggerGen(IServiceCollection services, Action`1 setupAction)
   at Program.<Main>$(String[] args) in D:\.NET Project\ETour.Api\Program.cs:line 173
2026-08-05 20:33:30.735 +05:30 [INF]  e-Tour API starting up
2026-08-05 20:33:31.005 +05:30 [INF]  Images served from D:\.NET Project\ETour.Api\images. Java service expected at http://localhost:8081
2026-08-05 20:33:31.046 +05:30 [INF] ETour.Api.Service.TourCompletionWorker Tour completion sweep scheduled daily at "07:00:00.0000000"
2026-08-05 20:33:31.126 +05:30 [INF] Microsoft.Hosting.Lifetime Now listening on: http://localhost:8080
2026-08-05 20:33:31.128 +05:30 [INF] Microsoft.Hosting.Lifetime Application started. Press Ctrl+C to shut down.
2026-08-05 20:33:31.128 +05:30 [INF] Microsoft.Hosting.Lifetime Hosting environment: Development
2026-08-05 20:33:31.129 +05:30 [INF] Microsoft.Hosting.Lifetime Content root path: D:\.NET Project\ETour.Api
2026-08-05 20:34:13.562 +05:30 [INF] Serilog.AspNetCore.RequestLoggingMiddleware GET /images/tours/kerala-backwaters.png responded 200 in 131.8 ms
2026-08-05 20:34:13.562 +05:30 [INF] Serilog.AspNetCore.RequestLoggingMiddleware GET /images/tours/middle-east-desert.png responded 200 in 86.2 ms
2026-08-05 20:34:13.576 +05:30 [INF] Serilog.AspNetCore.RequestLoggingMiddleware GET /images/tours/goa-festival.png responded 200 in 104.5 ms
2026-08-05 20:34:13.590 +05:30 [INF] Serilog.AspNetCore.RequestLoggingMiddleware GET /images/tours/rajasthan-palace.png responded 200 in 121.2 ms
2026-08-05 20:34:13.592 +05:30 [INF] Serilog.AspNetCore.RequestLoggingMiddleware GET /images/tours/bali-temple.png responded 200 in 121.7 ms
2026-08-05 20:34:13.607 +05:30 [INF] Serilog.AspNetCore.RequestLoggingMiddleware GET /images/tours/himalayas-leh.png responded 200 in 137.7 ms
2026-08-05 20:34:15.131 +05:30 [WRN] LuckyPennySoftware.AutoMapper.License You do not have a valid license key for the Lucky Penny software AutoMapper. This is allowed for development and testing scenarios. If you are running in production you are required to have a licensed version. Please visit https://luckypennysoftware.com to obtain a valid license.
2026-08-05 20:34:15.991 +05:30 [INF] Microsoft.EntityFrameworkCore.Database.Command Executed DbCommand (27ms) [Parameters=[], CommandType='"Text"', CommandTimeout='30']
SELECT `c`.`category_id`, `c`.`cat_code`, `c`.`cat_image_path`, `c`.`category_name`, `c`.`description`, `c`.`flag`, `c`.`parent_id`, `c`.`status`, `c`.`suitable_for`
FROM `category` AS `c`
WHERE `c`.`parent_id` IS NULL
ORDER BY `c`.`category_id`
2026-08-05 20:34:15.991 +05:30 [INF] Microsoft.EntityFrameworkCore.Database.Command Executed DbCommand (27ms) [Parameters=[], CommandType='"Text"', CommandTimeout='30']
SELECT `f`.`feedback_id`, `f`.`category`, `f`.`created_at`, `f`.`email`, `f`.`message`, `f`.`name`, `f`.`page_url`, `f`.`published`, `f`.`rating`, `f`.`status`, `f`.`user_id`
FROM `feedback` AS `f`
WHERE `f`.`published`
ORDER BY `f`.`feedback_id` DESC
2026-08-05 20:34:15.991 +05:30 [INF] Microsoft.EntityFrameworkCore.Database.Command Executed DbCommand (27ms) [Parameters=[], CommandType='"Text"', CommandTimeout='30']
SELECT `t`.`tour_id`, `t`.`add_ons`, `t`.`category_id`, `t`.`days`, `t`.`description`, `t`.`destination`, `t`.`do_and_dont`, `t`.`location`, `t`.`nights`, `t`.`passport_and_visa`, `t`.`price`, `t`.`stay_and_meals`, `t`.`subcat_id`, `t`.`tour_name`, `t`.`tour_type`, `t`.`weather`
FROM `tour` AS `t`
ORDER BY `t`.`tour_id`
2026-08-05 20:34:16.029 +05:30 [INF] Microsoft.EntityFrameworkCore.Database.Command Executed DbCommand (1ms) [Parameters=[], CommandType='"Text"', CommandTimeout='30']
SELECT `c`.`category_id`, `c`.`cat_code`, `c`.`cat_image_path`, `c`.`category_name`, `c`.`description`, `c`.`flag`, `c`.`parent_id`, `c`.`status`, `c`.`suitable_for`
FROM `category` AS `c`
2026-08-05 20:34:16.042 +05:30 [INF] Microsoft.EntityFrameworkCore.Database.Command Executed DbCommand (2ms) [Parameters=[], CommandType='"Text"', CommandTimeout='30']
SELECT `t`.`tour_id` AS `TourId`, `t`.`category_id` AS `CategoryId`
FROM `tour` AS `t`
2026-08-05 20:34:16.044 +05:30 [INF] Serilog.AspNetCore.RequestLoggingMiddleware GET /api/feedback/published responded 200 in 2444.4 ms
2026-08-05 20:34:16.083 +05:30 [INF] Serilog.AspNetCore.RequestLoggingMiddleware GET /api/categories/roots responded 200 in 2461.0 ms
2026-08-05 20:34:16.088 +05:30 [INF] Microsoft.EntityFrameworkCore.Database.Command Executed DbCommand (5ms) [Parameters=[], CommandType='"Text"', CommandTimeout='30']
SELECT `c`.`tour_id` AS `TourId`, MIN(`c`.`adult_price`) AS `Min`
FROM `cost` AS `c`
WHERE `c`.`tour_id` IS NOT NULL AND (`c`.`adult_price` IS NOT NULL)
GROUP BY `c`.`tour_id`
2026-08-05 20:34:16.116 +05:30 [INF] Microsoft.EntityFrameworkCore.Database.Command Executed DbCommand (2ms) [Parameters=[], CommandType='"Text"', CommandTimeout='30']
SELECT `r`.`tour_id` AS `TourId`, AVG(CAST(`r`.`rating` AS double)) AS `Avg`, CAST(COUNT(*) AS signed) AS `Count`
FROM `review` AS `r`
WHERE `r`.`tour_id` IS NOT NULL AND (`r`.`rating` IS NOT NULL)
GROUP BY `r`.`tour_id`
2026-08-05 20:34:16.141 +05:30 [INF] Microsoft.EntityFrameworkCore.Database.Command Executed DbCommand (3ms) [Parameters=[], CommandType='"Text"', CommandTimeout='30']
SELECT `f`.`feedback_id`, `f`.`category`, `f`.`created_at`, `f`.`email`, `f`.`message`, `f`.`name`, `f`.`page_url`, `f`.`published`, `f`.`rating`, `f`.`status`, `f`.`user_id`
FROM `feedback` AS `f`
WHERE `f`.`published`
ORDER BY `f`.`feedback_id` DESC
2026-08-05 20:34:16.141 +05:30 [INF] Microsoft.EntityFrameworkCore.Database.Command Executed DbCommand (3ms) [Parameters=[], CommandType='"Text"', CommandTimeout='30']
SELECT `c`.`category_id`, `c`.`cat_code`, `c`.`cat_image_path`, `c`.`category_name`, `c`.`description`, `c`.`flag`, `c`.`parent_id`, `c`.`status`, `c`.`suitable_for`
FROM `category` AS `c`
WHERE `c`.`parent_id` IS NULL
ORDER BY `c`.`category_id`
2026-08-05 20:34:16.143 +05:30 [INF] Serilog.AspNetCore.RequestLoggingMiddleware GET /api/feedback/published responded 200 in 96.0 ms
2026-08-05 20:34:16.147 +05:30 [INF] Microsoft.EntityFrameworkCore.Database.Command Executed DbCommand (7ms) [Parameters=[], CommandType='"Text"', CommandTimeout='30']
SELECT `t`.`tour_id` AS `TourId`, (
    SELECT `t0`.`source`
    FROM `tour_images` AS `t0`
    WHERE (`t0`.`is_primary` AND (`t0`.`tour_id` IS NOT NULL)) AND (`t`.`tour_id` = `t0`.`tour_id`)
    LIMIT 1) AS `Source`
FROM `tour_images` AS `t`
WHERE `t`.`is_primary` AND (`t`.`tour_id` IS NOT NULL)
GROUP BY `t`.`tour_id`
2026-08-05 20:34:16.148 +05:30 [INF] Microsoft.EntityFrameworkCore.Database.Command Executed DbCommand (1ms) [Parameters=[], CommandType='"Text"', CommandTimeout='30']
SELECT `c`.`category_id`, `c`.`cat_code`, `c`.`cat_image_path`, `c`.`category_name`, `c`.`description`, `c`.`flag`, `c`.`parent_id`, `c`.`status`, `c`.`suitable_for`
FROM `category` AS `c`
2026-08-05 20:34:16.153 +05:30 [INF] Microsoft.EntityFrameworkCore.Database.Command Executed DbCommand (1ms) [Parameters=[], CommandType='"Text"', CommandTimeout='30']
SELECT `t`.`tour_id` AS `TourId`, `t`.`category_id` AS `CategoryId`
FROM `tour` AS `t`
2026-08-05 20:34:16.156 +05:30 [INF] Serilog.AspNetCore.RequestLoggingMiddleware GET /api/categories/roots responded 200 in 65.7 ms
2026-08-05 20:34:16.170 +05:30 [INF] Serilog.AspNetCore.RequestLoggingMiddleware GET /api/tours responded 200 in 2548.1 ms
2026-08-05 20:34:16.184 +05:30 [INF] Microsoft.EntityFrameworkCore.Database.Command Executed DbCommand (0ms) [Parameters=[], CommandType='"Text"', CommandTimeout='30']
SELECT `t`.`tour_id`, `t`.`add_ons`, `t`.`category_id`, `t`.`days`, `t`.`description`, `t`.`destination`, `t`.`do_and_dont`, `t`.`location`, `t`.`nights`, `t`.`passport_and_visa`, `t`.`price`, `t`.`stay_and_meals`, `t`.`subcat_id`, `t`.`tour_name`, `t`.`tour_type`, `t`.`weather`
FROM `tour` AS `t`
ORDER BY `t`.`tour_id`
2026-08-05 20:34:16.191 +05:30 [INF] Microsoft.EntityFrameworkCore.Database.Command Executed DbCommand (2ms) [Parameters=[], CommandType='"Text"', CommandTimeout='30']
SELECT `c`.`tour_id` AS `TourId`, MIN(`c`.`adult_price`) AS `Min`
FROM `cost` AS `c`
WHERE `c`.`tour_id` IS NOT NULL AND (`c`.`adult_price` IS NOT NULL)
GROUP BY `c`.`tour_id`
2026-08-05 20:34:16.197 +05:30 [INF] Microsoft.EntityFrameworkCore.Database.Command Executed DbCommand (1ms) [Parameters=[], CommandType='"Text"', CommandTimeout='30']
SELECT `r`.`tour_id` AS `TourId`, AVG(CAST(`r`.`rating` AS double)) AS `Avg`, CAST(COUNT(*) AS signed) AS `Count`
FROM `review` AS `r`
WHERE `r`.`tour_id` IS NOT NULL AND (`r`.`rating` IS NOT NULL)
GROUP BY `r`.`tour_id`
2026-08-05 20:34:16.204 +05:30 [INF] Microsoft.EntityFrameworkCore.Database.Command Executed DbCommand (3ms) [Parameters=[], CommandType='"Text"', CommandTimeout='30']
SELECT `t`.`tour_id` AS `TourId`, (
    SELECT `t0`.`source`
    FROM `tour_images` AS `t0`
    WHERE (`t0`.`is_primary` AND (`t0`.`tour_id` IS NOT NULL)) AND (`t`.`tour_id` = `t0`.`tour_id`)
    LIMIT 1) AS `Source`
FROM `tour_images` AS `t`
WHERE `t`.`is_primary` AND (`t`.`tour_id` IS NOT NULL)
GROUP BY `t`.`tour_id`
2026-08-05 20:34:16.207 +05:30 [INF] Serilog.AspNetCore.RequestLoggingMiddleware GET /api/tours responded 200 in 30.5 ms
2026-08-05 20:34:16.254 +05:30 [INF] Serilog.AspNetCore.RequestLoggingMiddleware GET /images/tours/char-dham.png responded 200 in 15.2 ms
2026-08-05 20:34:16.257 +05:30 [INF] Serilog.AspNetCore.RequestLoggingMiddleware GET /images/tours/monsoon-waterfall.png responded 200 in 17.9 ms
2026-08-05 20:34:16.262 +05:30 [INF] Serilog.AspNetCore.RequestLoggingMiddleware GET /images/tours/cricket-stadium.png responded 200 in 23.8 ms
2026-08-05 20:34:16.267 +05:30 [INF] Serilog.AspNetCore.RequestLoggingMiddleware GET /images/tours/europe-alps.png responded 200 in 27.6 ms
2026-08-05 20:34:16.269 +05:30 [INF] Serilog.AspNetCore.RequestLoggingMiddleware GET /images/tours/kashmir-dal-lake.png responded 200 in 29.6 ms
2026-08-05 20:34:16.275 +05:30 [INF] Serilog.AspNetCore.RequestLoggingMiddleware GET /images/tours/maldives-villa.png responded 200 in 35.0 ms
2026-08-05 20:34:33.886 +05:30 [INF] Microsoft.EntityFrameworkCore.Database.Command Executed DbCommand (1ms) [Parameters=[], CommandType='"Text"', CommandTimeout='30']
SELECT `c`.`category_id`, `c`.`cat_code`, `c`.`cat_image_path`, `c`.`category_name`, `c`.`description`, `c`.`flag`, `c`.`parent_id`, `c`.`status`, `c`.`suitable_for`
FROM `category` AS `c`
WHERE `c`.`parent_id` IS NULL
ORDER BY `c`.`category_id`
2026-08-05 20:34:33.886 +05:30 [INF] Microsoft.EntityFrameworkCore.Database.Command Executed DbCommand (1ms) [Parameters=[], CommandType='"Text"', CommandTimeout='30']
SELECT `f`.`feedback_id`, `f`.`category`, `f`.`created_at`, `f`.`email`, `f`.`message`, `f`.`name`, `f`.`page_url`, `f`.`published`, `f`.`rating`, `f`.`status`, `f`.`user_id`
FROM `feedback` AS `f`
WHERE `f`.`published`
ORDER BY `f`.`feedback_id` DESC
2026-08-05 20:34:33.887 +05:30 [INF] Microsoft.EntityFrameworkCore.Database.Command Executed DbCommand (2ms) [Parameters=[], CommandType='"Text"', CommandTimeout='30']
SELECT `t`.`tour_id`, `t`.`add_ons`, `t`.`category_id`, `t`.`days`, `t`.`description`, `t`.`destination`, `t`.`do_and_dont`, `t`.`location`, `t`.`nights`, `t`.`passport_and_visa`, `t`.`price`, `t`.`stay_and_meals`, `t`.`subcat_id`, `t`.`tour_name`, `t`.`tour_type`, `t`.`weather`
FROM `tour` AS `t`
ORDER BY `t`.`tour_id`
2026-08-05 20:34:33.891 +05:30 [INF] Serilog.AspNetCore.RequestLoggingMiddleware GET /api/feedback/published responded 200 in 15.6 ms
2026-08-05 20:34:33.891 +05:30 [INF] Microsoft.EntityFrameworkCore.Database.Command Executed DbCommand (1ms) [Parameters=[], CommandType='"Text"', CommandTimeout='30']
SELECT `c`.`category_id`, `c`.`cat_code`, `c`.`cat_image_path`, `c`.`category_name`, `c`.`description`, `c`.`flag`, `c`.`parent_id`, `c`.`status`, `c`.`suitable_for`
FROM `category` AS `c`
2026-08-05 20:34:33.897 +05:30 [INF] Microsoft.EntityFrameworkCore.Database.Command Executed DbCommand (2ms) [Parameters=[], CommandType='"Text"', CommandTimeout='30']
SELECT `c`.`tour_id` AS `TourId`, MIN(`c`.`adult_price`) AS `Min`
FROM `cost` AS `c`
WHERE `c`.`tour_id` IS NOT NULL AND (`c`.`adult_price` IS NOT NULL)
GROUP BY `c`.`tour_id`
2026-08-05 20:34:33.900 +05:30 [INF] Microsoft.EntityFrameworkCore.Database.Command Executed DbCommand (0ms) [Parameters=[], CommandType='"Text"', CommandTimeout='30']
SELECT `t`.`tour_id` AS `TourId`, `t`.`category_id` AS `CategoryId`
FROM `tour` AS `t`
2026-08-05 20:34:33.903 +05:30 [INF] Serilog.AspNetCore.RequestLoggingMiddleware GET /api/categories/roots responded 200 in 27.9 ms
2026-08-05 20:34:33.903 +05:30 [INF] Microsoft.EntityFrameworkCore.Database.Command Executed DbCommand (2ms) [Parameters=[], CommandType='"Text"', CommandTimeout='30']
SELECT `r`.`tour_id` AS `TourId`, AVG(CAST(`r`.`rating` AS double)) AS `Avg`, CAST(COUNT(*) AS signed) AS `Count`
FROM `review` AS `r`
WHERE `r`.`tour_id` IS NOT NULL AND (`r`.`rating` IS NOT NULL)
GROUP BY `r`.`tour_id`
2026-08-05 20:34:33.907 +05:30 [INF] Microsoft.EntityFrameworkCore.Database.Command Executed DbCommand (2ms) [Parameters=[], CommandType='"Text"', CommandTimeout='30']
SELECT `f`.`feedback_id`, `f`.`category`, `f`.`created_at`, `f`.`email`, `f`.`message`, `f`.`name`, `f`.`page_url`, `f`.`published`, `f`.`rating`, `f`.`status`, `f`.`user_id`
FROM `feedback` AS `f`
WHERE `f`.`published`
ORDER BY `f`.`feedback_id` DESC
2026-08-05 20:34:33.911 +05:30 [INF] Microsoft.EntityFrameworkCore.Database.Command Executed DbCommand (1ms) [Parameters=[], CommandType='"Text"', CommandTimeout='30']
SELECT `t`.`tour_id` AS `TourId`, (
    SELECT `t0`.`source`
    FROM `tour_images` AS `t0`
    WHERE (`t0`.`is_primary` AND (`t0`.`tour_id` IS NOT NULL)) AND (`t`.`tour_id` = `t0`.`tour_id`)
    LIMIT 1) AS `Source`
FROM `tour_images` AS `t`
WHERE `t`.`is_primary` AND (`t`.`tour_id` IS NOT NULL)
GROUP BY `t`.`tour_id`
2026-08-05 20:34:33.911 +05:30 [INF] Serilog.AspNetCore.RequestLoggingMiddleware GET /api/feedback/published responded 200 in 12.0 ms
2026-08-05 20:34:33.913 +05:30 [INF] Microsoft.EntityFrameworkCore.Database.Command Executed DbCommand (1ms) [Parameters=[], CommandType='"Text"', CommandTimeout='30']
SELECT `c`.`category_id`, `c`.`cat_code`, `c`.`cat_image_path`, `c`.`category_name`, `c`.`description`, `c`.`flag`, `c`.`parent_id`, `c`.`status`, `c`.`suitable_for`
FROM `category` AS `c`
WHERE `c`.`parent_id` IS NULL
ORDER BY `c`.`category_id`
2026-08-05 20:34:33.914 +05:30 [INF] Serilog.AspNetCore.RequestLoggingMiddleware GET /api/tours responded 200 in 38.7 ms
2026-08-05 20:34:33.920 +05:30 [INF] Microsoft.EntityFrameworkCore.Database.Command Executed DbCommand (1ms) [Parameters=[], CommandType='"Text"', CommandTimeout='30']
SELECT `c`.`category_id`, `c`.`cat_code`, `c`.`cat_image_path`, `c`.`category_name`, `c`.`description`, `c`.`flag`, `c`.`parent_id`, `c`.`status`, `c`.`suitable_for`
FROM `category` AS `c`
2026-08-05 20:34:33.924 +05:30 [INF] Microsoft.EntityFrameworkCore.Database.Command Executed DbCommand (0ms) [Parameters=[], CommandType='"Text"', CommandTimeout='30']
SELECT `t`.`tour_id` AS `TourId`, `t`.`category_id` AS `CategoryId`
FROM `tour` AS `t`
2026-08-05 20:34:33.925 +05:30 [INF] Microsoft.EntityFrameworkCore.Database.Command Executed DbCommand (1ms) [Parameters=[], CommandType='"Text"', CommandTimeout='30']
SELECT `t`.`tour_id`, `t`.`add_ons`, `t`.`category_id`, `t`.`days`, `t`.`description`, `t`.`destination`, `t`.`do_and_dont`, `t`.`location`, `t`.`nights`, `t`.`passport_and_visa`, `t`.`price`, `t`.`stay_and_meals`, `t`.`subcat_id`, `t`.`tour_name`, `t`.`tour_type`, `t`.`weather`
FROM `tour` AS `t`
ORDER BY `t`.`tour_id`
2026-08-05 20:34:33.927 +05:30 [INF] Serilog.AspNetCore.RequestLoggingMiddleware GET /api/categories/roots responded 200 in 19.9 ms
2026-08-05 20:34:33.933 +05:30 [INF] Microsoft.EntityFrameworkCore.Database.Command Executed DbCommand (2ms) [Parameters=[], CommandType='"Text"', CommandTimeout='30']
SELECT `c`.`tour_id` AS `TourId`, MIN(`c`.`adult_price`) AS `Min`
FROM `cost` AS `c`
WHERE `c`.`tour_id` IS NOT NULL AND (`c`.`adult_price` IS NOT NULL)
GROUP BY `c`.`tour_id`
2026-08-05 20:34:33.937 +05:30 [INF] Microsoft.EntityFrameworkCore.Database.Command Executed DbCommand (1ms) [Parameters=[], CommandType='"Text"', CommandTimeout='30']
SELECT `r`.`tour_id` AS `TourId`, AVG(CAST(`r`.`rating` AS double)) AS `Avg`, CAST(COUNT(*) AS signed) AS `Count`
FROM `review` AS `r`
WHERE `r`.`tour_id` IS NOT NULL AND (`r`.`rating` IS NOT NULL)
GROUP BY `r`.`tour_id`
2026-08-05 20:34:33.941 +05:30 [INF] Microsoft.EntityFrameworkCore.Database.Command Executed DbCommand (1ms) [Parameters=[], CommandType='"Text"', CommandTimeout='30']
SELECT `t`.`tour_id` AS `TourId`, (
    SELECT `t0`.`source`
    FROM `tour_images` AS `t0`
    WHERE (`t0`.`is_primary` AND (`t0`.`tour_id` IS NOT NULL)) AND (`t`.`tour_id` = `t0`.`tour_id`)
    LIMIT 1) AS `Source`
FROM `tour_images` AS `t`
WHERE `t`.`is_primary` AND (`t`.`tour_id` IS NOT NULL)
GROUP BY `t`.`tour_id`
2026-08-05 20:34:33.943 +05:30 [INF] Serilog.AspNetCore.RequestLoggingMiddleware GET /api/tours responded 200 in 24.2 ms
2026-08-05 20:34:35.434 +05:30 [INF] Microsoft.EntityFrameworkCore.Database.Command Executed DbCommand (1ms) [Parameters=[], CommandType='"Text"', CommandTimeout='30']
SELECT `t`.`tour_id`, `t`.`add_ons`, `t`.`category_id`, `t`.`days`, `t`.`description`, `t`.`destination`, `t`.`do_and_dont`, `t`.`location`, `t`.`nights`, `t`.`passport_and_visa`, `t`.`price`, `t`.`stay_and_meals`, `t`.`subcat_id`, `t`.`tour_name`, `t`.`tour_type`, `t`.`weather`
FROM `tour` AS `t`
ORDER BY `t`.`tour_id`
2026-08-05 20:34:35.436 +05:30 [INF] Microsoft.EntityFrameworkCore.Database.Command Executed DbCommand (2ms) [Parameters=[], CommandType='"Text"', CommandTimeout='30']
SELECT `c`.`category_id`, `c`.`cat_code`, `c`.`cat_image_path`, `c`.`category_name`, `c`.`description`, `c`.`flag`, `c`.`parent_id`, `c`.`status`, `c`.`suitable_for`
FROM `category` AS `c`
WHERE `c`.`parent_id` IS NULL
ORDER BY `c`.`category_id`
2026-08-05 20:34:35.439 +05:30 [INF] Microsoft.EntityFrameworkCore.Database.Command Executed DbCommand (1ms) [Parameters=[], CommandType='"Text"', CommandTimeout='30']
SELECT `c`.`tour_id` AS `TourId`, MIN(`c`.`adult_price`) AS `Min`
FROM `cost` AS `c`
WHERE `c`.`tour_id` IS NOT NULL AND (`c`.`adult_price` IS NOT NULL)
GROUP BY `c`.`tour_id`
2026-08-05 20:34:35.439 +05:30 [INF] Microsoft.EntityFrameworkCore.Database.Command Executed DbCommand (0ms) [Parameters=[], CommandType='"Text"', CommandTimeout='30']
SELECT `c`.`category_id`, `c`.`cat_code`, `c`.`cat_image_path`, `c`.`category_name`, `c`.`description`, `c`.`flag`, `c`.`parent_id`, `c`.`status`, `c`.`suitable_for`
FROM `category` AS `c`
2026-08-05 20:34:35.442 +05:30 [INF] Microsoft.EntityFrameworkCore.Database.Command Executed DbCommand (1ms) [Parameters=[], CommandType='"Text"', CommandTimeout='30']
SELECT `r`.`tour_id` AS `TourId`, AVG(CAST(`r`.`rating` AS double)) AS `Avg`, CAST(COUNT(*) AS signed) AS `Count`
FROM `review` AS `r`
WHERE `r`.`tour_id` IS NOT NULL AND (`r`.`rating` IS NOT NULL)
GROUP BY `r`.`tour_id`
2026-08-05 20:34:35.443 +05:30 [INF] Microsoft.EntityFrameworkCore.Database.Command Executed DbCommand (0ms) [Parameters=[], CommandType='"Text"', CommandTimeout='30']
SELECT `t`.`tour_id` AS `TourId`, `t`.`category_id` AS `CategoryId`
FROM `tour` AS `t`
2026-08-05 20:34:35.444 +05:30 [INF] Microsoft.EntityFrameworkCore.Database.Command Executed DbCommand (1ms) [Parameters=[], CommandType='"Text"', CommandTimeout='30']
SELECT `t`.`tour_id` AS `TourId`, (
    SELECT `t0`.`source`
    FROM `tour_images` AS `t0`
    WHERE (`t0`.`is_primary` AND (`t0`.`tour_id` IS NOT NULL)) AND (`t`.`tour_id` = `t0`.`tour_id`)
    LIMIT 1) AS `Source`
FROM `tour_images` AS `t`
WHERE `t`.`is_primary` AND (`t`.`tour_id` IS NOT NULL)
GROUP BY `t`.`tour_id`
2026-08-05 20:34:35.445 +05:30 [INF] Serilog.AspNetCore.RequestLoggingMiddleware GET /api/categories/roots responded 200 in 16.1 ms
2026-08-05 20:34:35.447 +05:30 [INF] Serilog.AspNetCore.RequestLoggingMiddleware GET /api/tours responded 200 in 18.4 ms
2026-08-05 20:34:35.457 +05:30 [INF] Microsoft.EntityFrameworkCore.Database.Command Executed DbCommand (1ms) [Parameters=[], CommandType='"Text"', CommandTimeout='30']
SELECT `c`.`category_id`, `c`.`cat_code`, `c`.`cat_image_path`, `c`.`category_name`, `c`.`description`, `c`.`flag`, `c`.`parent_id`, `c`.`status`, `c`.`suitable_for`
FROM `category` AS `c`
WHERE `c`.`parent_id` IS NULL
ORDER BY `c`.`category_id`
2026-08-05 20:34:35.458 +05:30 [INF] Microsoft.EntityFrameworkCore.Database.Command Executed DbCommand (0ms) [Parameters=[], CommandType='"Text"', CommandTimeout='30']
SELECT `t`.`tour_id`, `t`.`add_ons`, `t`.`category_id`, `t`.`days`, `t`.`description`, `t`.`destination`, `t`.`do_and_dont`, `t`.`location`, `t`.`nights`, `t`.`passport_and_visa`, `t`.`price`, `t`.`stay_and_meals`, `t`.`subcat_id`, `t`.`tour_name`, `t`.`tour_type`, `t`.`weather`
FROM `tour` AS `t`
ORDER BY `t`.`tour_id`
2026-08-05 20:34:35.461 +05:30 [INF] Microsoft.EntityFrameworkCore.Database.Command Executed DbCommand (1ms) [Parameters=[], CommandType='"Text"', CommandTimeout='30']
SELECT `c`.`category_id`, `c`.`cat_code`, `c`.`cat_image_path`, `c`.`category_name`, `c`.`description`, `c`.`flag`, `c`.`parent_id`, `c`.`status`, `c`.`suitable_for`
FROM `category` AS `c`
2026-08-05 20:34:35.463 +05:30 [INF] Microsoft.EntityFrameworkCore.Database.Command Executed DbCommand (1ms) [Parameters=[], CommandType='"Text"', CommandTimeout='30']
SELECT `c`.`tour_id` AS `TourId`, MIN(`c`.`adult_price`) AS `Min`
FROM `cost` AS `c`
WHERE `c`.`tour_id` IS NOT NULL AND (`c`.`adult_price` IS NOT NULL)
GROUP BY `c`.`tour_id`
2026-08-05 20:34:35.465 +05:30 [INF] Microsoft.EntityFrameworkCore.Database.Command Executed DbCommand (1ms) [Parameters=[], CommandType='"Text"', CommandTimeout='30']
SELECT `t`.`tour_id` AS `TourId`, `t`.`category_id` AS `CategoryId`
FROM `tour` AS `t`
2026-08-05 20:34:35.468 +05:30 [INF] Microsoft.EntityFrameworkCore.Database.Command Executed DbCommand (1ms) [Parameters=[], CommandType='"Text"', CommandTimeout='30']
SELECT `r`.`tour_id` AS `TourId`, AVG(CAST(`r`.`rating` AS double)) AS `Avg`, CAST(COUNT(*) AS signed) AS `Count`
FROM `review` AS `r`
WHERE `r`.`tour_id` IS NOT NULL AND (`r`.`rating` IS NOT NULL)
GROUP BY `r`.`tour_id`
2026-08-05 20:34:35.468 +05:30 [INF] Serilog.AspNetCore.RequestLoggingMiddleware GET /api/categories/roots responded 200 in 16.6 ms
2026-08-05 20:34:35.472 +05:30 [INF] Microsoft.EntityFrameworkCore.Database.Command Executed DbCommand (1ms) [Parameters=[], CommandType='"Text"', CommandTimeout='30']
SELECT `t`.`tour_id` AS `TourId`, (
    SELECT `t0`.`source`
    FROM `tour_images` AS `t0`
    WHERE (`t0`.`is_primary` AND (`t0`.`tour_id` IS NOT NULL)) AND (`t`.`tour_id` = `t0`.`tour_id`)
    LIMIT 1) AS `Source`
FROM `tour_images` AS `t`
WHERE `t`.`is_primary` AND (`t`.`tour_id` IS NOT NULL)
GROUP BY `t`.`tour_id`
2026-08-05 20:34:35.477 +05:30 [INF] Serilog.AspNetCore.RequestLoggingMiddleware GET /api/tours responded 200 in 24.5 ms
2026-08-05 20:34:38.524 +05:30 [INF] Microsoft.EntityFrameworkCore.Database.Command Executed DbCommand (1ms) [Parameters=[], CommandType='"Text"', CommandTimeout='30']
SELECT `t`.`tour_id`, `t`.`add_ons`, `t`.`category_id`, `t`.`days`, `t`.`description`, `t`.`destination`, `t`.`do_and_dont`, `t`.`location`, `t`.`nights`, `t`.`passport_and_visa`, `t`.`price`, `t`.`stay_and_meals`, `t`.`subcat_id`, `t`.`tour_name`, `t`.`tour_type`, `t`.`weather`
FROM `tour` AS `t`
ORDER BY `t`.`tour_id`
2026-08-05 20:34:38.529 +05:30 [INF] Microsoft.EntityFrameworkCore.Database.Command Executed DbCommand (1ms) [Parameters=[], CommandType='"Text"', CommandTimeout='30']
SELECT `c`.`tour_id` AS `TourId`, MIN(`c`.`adult_price`) AS `Min`
FROM `cost` AS `c`
WHERE `c`.`tour_id` IS NOT NULL AND (`c`.`adult_price` IS NOT NULL)
GROUP BY `c`.`tour_id`
2026-08-05 20:34:38.533 +05:30 [INF] Microsoft.EntityFrameworkCore.Database.Command Executed DbCommand (1ms) [Parameters=[], CommandType='"Text"', CommandTimeout='30']
SELECT `r`.`tour_id` AS `TourId`, AVG(CAST(`r`.`rating` AS double)) AS `Avg`, CAST(COUNT(*) AS signed) AS `Count`
FROM `review` AS `r`
WHERE `r`.`tour_id` IS NOT NULL AND (`r`.`rating` IS NOT NULL)
GROUP BY `r`.`tour_id`
2026-08-05 20:34:38.537 +05:30 [INF] Microsoft.EntityFrameworkCore.Database.Command Executed DbCommand (1ms) [Parameters=[], CommandType='"Text"', CommandTimeout='30']
SELECT `t`.`tour_id` AS `TourId`, (
    SELECT `t0`.`source`
    FROM `tour_images` AS `t0`
    WHERE (`t0`.`is_primary` AND (`t0`.`tour_id` IS NOT NULL)) AND (`t`.`tour_id` = `t0`.`tour_id`)
    LIMIT 1) AS `Source`
FROM `tour_images` AS `t`
WHERE `t`.`is_primary` AND (`t`.`tour_id` IS NOT NULL)
GROUP BY `t`.`tour_id`
2026-08-05 20:34:38.539 +05:30 [INF] Serilog.AspNetCore.RequestLoggingMiddleware GET /api/tours responded 200 in 21.9 ms
2026-08-05 20:34:38.553 +05:30 [INF] Microsoft.EntityFrameworkCore.Database.Command Executed DbCommand (1ms) [Parameters=[], CommandType='"Text"', CommandTimeout='30']
SELECT `t`.`tour_id`, `t`.`add_ons`, `t`.`category_id`, `t`.`days`, `t`.`description`, `t`.`destination`, `t`.`do_and_dont`, `t`.`location`, `t`.`nights`, `t`.`passport_and_visa`, `t`.`price`, `t`.`stay_and_meals`, `t`.`subcat_id`, `t`.`tour_name`, `t`.`tour_type`, `t`.`weather`
FROM `tour` AS `t`
ORDER BY `t`.`tour_id`
2026-08-05 20:34:38.558 +05:30 [INF] Microsoft.EntityFrameworkCore.Database.Command Executed DbCommand (1ms) [Parameters=[], CommandType='"Text"', CommandTimeout='30']
SELECT `c`.`tour_id` AS `TourId`, MIN(`c`.`adult_price`) AS `Min`
FROM `cost` AS `c`
WHERE `c`.`tour_id` IS NOT NULL AND (`c`.`adult_price` IS NOT NULL)
GROUP BY `c`.`tour_id`
2026-08-05 20:34:38.563 +05:30 [INF] Microsoft.EntityFrameworkCore.Database.Command Executed DbCommand (1ms) [Parameters=[], CommandType='"Text"', CommandTimeout='30']
SELECT `r`.`tour_id` AS `TourId`, AVG(CAST(`r`.`rating` AS double)) AS `Avg`, CAST(COUNT(*) AS signed) AS `Count`
FROM `review` AS `r`
WHERE `r`.`tour_id` IS NOT NULL AND (`r`.`rating` IS NOT NULL)
GROUP BY `r`.`tour_id`
2026-08-05 20:34:38.566 +05:30 [INF] Microsoft.EntityFrameworkCore.Database.Command Executed DbCommand (1ms) [Parameters=[], CommandType='"Text"', CommandTimeout='30']
SELECT `t`.`tour_id` AS `TourId`, (
    SELECT `t0`.`source`
    FROM `tour_images` AS `t0`
    WHERE (`t0`.`is_primary` AND (`t0`.`tour_id` IS NOT NULL)) AND (`t`.`tour_id` = `t0`.`tour_id`)
    LIMIT 1) AS `Source`
FROM `tour_images` AS `t`
WHERE `t`.`is_primary` AND (`t`.`tour_id` IS NOT NULL)
GROUP BY `t`.`tour_id`
2026-08-05 20:34:38.569 +05:30 [INF] Serilog.AspNetCore.RequestLoggingMiddleware GET /api/tours responded 200 in 23.6 ms
2026-08-05 20:34:38.587 +05:30 [INF] Serilog.AspNetCore.RequestLoggingMiddleware GET /images/tours/australia-stadium.png responded 404 in 3.5 ms
2026-08-05 20:34:38.602 +05:30 [INF] Serilog.AspNetCore.RequestLoggingMiddleware GET /images/tours/srilanka-cricket.png responded 200 in 17.8 ms
2026-08-05 20:34:38.605 +05:30 [INF] Serilog.AspNetCore.RequestLoggingMiddleware GET /images/tours/assam-tea.png responded 200 in 20.8 ms
2026-08-05 20:34:38.607 +05:30 [INF] Serilog.AspNetCore.RequestLoggingMiddleware GET /images/tours/rann-utsav.png responded 200 in 23.1 ms
2026-08-05 20:34:39.336 +05:30 [INF] Serilog.AspNetCore.RequestLoggingMiddleware GET /images/tours/england-stadium.png responded 404 in 0.4 ms
2026-08-05 20:34:39.351 +05:30 [INF] Serilog.AspNetCore.RequestLoggingMiddleware GET /images/tours/music-concert.png responded 200 in 15.7 ms
2026-08-05 20:34:39.352 +05:30 [INF] Serilog.AspNetCore.RequestLoggingMiddleware GET /images/tours/china-tibet.png responded 200 in 16.2 ms
2026-08-05 20:34:39.359 +05:30 [INF] Serilog.AspNetCore.RequestLoggingMiddleware GET /images/tours/austria-alps.png responded 200 in 23.1 ms
2026-08-05 20:34:42.366 +05:30 [INF] Serilog.AspNetCore.RequestLoggingMiddleware GET /images/tours/shimla-hills.png responded 200 in 11.1 ms
2026-08-05 20:34:42.367 +05:30 [INF] Serilog.AspNetCore.RequestLoggingMiddleware GET /images/tours/hongkong-skyline.png responded 200 in 13.1 ms
2026-08-05 20:34:42.371 +05:30 [INF] Serilog.AspNetCore.RequestLoggingMiddleware GET /images/tours/srilanka-beach.png responded 200 in 15.8 ms
2026-08-05 20:34:47.540 +05:30 [INF] Microsoft.Hosting.Lifetime Application is shutting down...
2026-08-05 20:35:04.746 +05:30 [INF]  e-Tour API starting up
2026-08-05 20:35:04.966 +05:30 [INF]  Images served from D:\.NET Project\ETour.Api\images. Java service expected at http://localhost:8081
2026-08-05 20:35:05.005 +05:30 [INF] ETour.Api.Service.TourCompletionWorker Tour completion sweep scheduled daily at "07:00:00.0000000"
2026-08-05 20:35:05.056 +05:30 [INF] Microsoft.Hosting.Lifetime Now listening on: http://localhost:8080
2026-08-05 20:35:05.057 +05:30 [INF] Microsoft.Hosting.Lifetime Application started. Press Ctrl+C to shut down.
2026-08-05 20:35:05.058 +05:30 [INF] Microsoft.Hosting.Lifetime Hosting environment: Development
2026-08-05 20:35:05.059 +05:30 [INF] Microsoft.Hosting.Lifetime Content root path: D:\.NET Project\ETour.Api
2026-08-05 20:35:10.482 +05:30 [WRN] LuckyPennySoftware.AutoMapper.License You do not have a valid license key for the Lucky Penny software AutoMapper. This is allowed for development and testing scenarios. If you are running in production you are required to have a licensed version. Please visit https://luckypennysoftware.com to obtain a valid license.
2026-08-05 20:35:11.267 +05:30 [INF] Microsoft.EntityFrameworkCore.Database.Command Executed DbCommand (22ms) [Parameters=[], CommandType='"Text"', CommandTimeout='30']
SELECT `t`.`tour_id`, `t`.`add_ons`, `t`.`category_id`, `t`.`days`, `t`.`description`, `t`.`destination`, `t`.`do_and_dont`, `t`.`location`, `t`.`nights`, `t`.`passport_and_visa`, `t`.`price`, `t`.`stay_and_meals`, `t`.`subcat_id`, `t`.`tour_name`, `t`.`tour_type`, `t`.`weather`
FROM `tour` AS `t`
ORDER BY `t`.`tour_id`
2026-08-05 20:35:11.267 +05:30 [INF] Microsoft.EntityFrameworkCore.Database.Command Executed DbCommand (22ms) [Parameters=[], CommandType='"Text"', CommandTimeout='30']
SELECT `c`.`category_id`, `c`.`cat_code`, `c`.`cat_image_path`, `c`.`category_name`, `c`.`description`, `c`.`flag`, `c`.`parent_id`, `c`.`status`, `c`.`suitable_for`
FROM `category` AS `c`
WHERE `c`.`parent_id` IS NULL
ORDER BY `c`.`category_id`
2026-08-05 20:35:11.267 +05:30 [INF] Microsoft.EntityFrameworkCore.Database.Command Executed DbCommand (22ms) [Parameters=[], CommandType='"Text"', CommandTimeout='30']
SELECT `f`.`feedback_id`, `f`.`category`, `f`.`created_at`, `f`.`email`, `f`.`message`, `f`.`name`, `f`.`page_url`, `f`.`published`, `f`.`rating`, `f`.`status`, `f`.`user_id`
FROM `feedback` AS `f`
WHERE `f`.`published`
ORDER BY `f`.`feedback_id` DESC
2026-08-05 20:35:11.323 +05:30 [INF] Microsoft.EntityFrameworkCore.Database.Command Executed DbCommand (6ms) [Parameters=[], CommandType='"Text"', CommandTimeout='30']
SELECT `c`.`category_id`, `c`.`cat_code`, `c`.`cat_image_path`, `c`.`category_name`, `c`.`description`, `c`.`flag`, `c`.`parent_id`, `c`.`status`, `c`.`suitable_for`
FROM `category` AS `c`
2026-08-05 20:35:11.344 +05:30 [INF] Microsoft.EntityFrameworkCore.Database.Command Executed DbCommand (2ms) [Parameters=[], CommandType='"Text"', CommandTimeout='30']
SELECT `t`.`tour_id` AS `TourId`, `t`.`category_id` AS `CategoryId`
FROM `tour` AS `t`
2026-08-05 20:35:11.345 +05:30 [INF] Serilog.AspNetCore.RequestLoggingMiddleware GET /api/feedback/published responded 200 in 1244.4 ms
2026-08-05 20:35:11.375 +05:30 [INF] Microsoft.EntityFrameworkCore.Database.Command Executed DbCommand (3ms) [Parameters=[], CommandType='"Text"', CommandTimeout='30']
SELECT `c`.`tour_id` AS `TourId`, MIN(`c`.`adult_price`) AS `Min`
FROM `cost` AS `c`
WHERE `c`.`tour_id` IS NOT NULL AND (`c`.`adult_price` IS NOT NULL)
GROUP BY `c`.`tour_id`
2026-08-05 20:35:11.379 +05:30 [INF] Serilog.AspNetCore.RequestLoggingMiddleware GET /api/categories/roots responded 200 in 1280.7 ms
2026-08-05 20:35:11.400 +05:30 [INF] Microsoft.EntityFrameworkCore.Database.Command Executed DbCommand (1ms) [Parameters=[], CommandType='"Text"', CommandTimeout='30']
SELECT `r`.`tour_id` AS `TourId`, AVG(CAST(`r`.`rating` AS double)) AS `Avg`, CAST(COUNT(*) AS signed) AS `Count`
FROM `review` AS `r`
WHERE `r`.`tour_id` IS NOT NULL AND (`r`.`rating` IS NOT NULL)
GROUP BY `r`.`tour_id`
2026-08-05 20:35:11.439 +05:30 [INF] Serilog.AspNetCore.RequestLoggingMiddleware GET /api/auth/providers responded 200 in 15.1 ms
2026-08-05 20:35:11.446 +05:30 [INF] Microsoft.EntityFrameworkCore.Database.Command Executed DbCommand (1ms) [Parameters=[], CommandType='"Text"', CommandTimeout='30']
SELECT `f`.`feedback_id`, `f`.`category`, `f`.`created_at`, `f`.`email`, `f`.`message`, `f`.`name`, `f`.`page_url`, `f`.`published`, `f`.`rating`, `f`.`status`, `f`.`user_id`
FROM `feedback` AS `f`
WHERE `f`.`published`
ORDER BY `f`.`feedback_id` DESC
2026-08-05 20:35:11.446 +05:30 [INF] Microsoft.EntityFrameworkCore.Database.Command Executed DbCommand (1ms) [Parameters=[], CommandType='"Text"', CommandTimeout='30']
SELECT `c`.`category_id`, `c`.`cat_code`, `c`.`cat_image_path`, `c`.`category_name`, `c`.`description`, `c`.`flag`, `c`.`parent_id`, `c`.`status`, `c`.`suitable_for`
FROM `category` AS `c`
WHERE `c`.`parent_id` IS NULL
ORDER BY `c`.`category_id`
2026-08-05 20:35:11.448 +05:30 [INF] Microsoft.EntityFrameworkCore.Database.Command Executed DbCommand (4ms) [Parameters=[], CommandType='"Text"', CommandTimeout='30']
SELECT `t`.`tour_id` AS `TourId`, (
    SELECT `t0`.`source`
    FROM `tour_images` AS `t0`
    WHERE (`t0`.`is_primary` AND (`t0`.`tour_id` IS NOT NULL)) AND (`t`.`tour_id` = `t0`.`tour_id`)
    LIMIT 1) AS `Source`
FROM `tour_images` AS `t`
WHERE `t`.`is_primary` AND (`t`.`tour_id` IS NOT NULL)
GROUP BY `t`.`tour_id`
2026-08-05 20:35:11.450 +05:30 [INF] Serilog.AspNetCore.RequestLoggingMiddleware GET /api/feedback/published responded 200 in 100.8 ms
2026-08-05 20:35:11.450 +05:30 [INF] Serilog.AspNetCore.RequestLoggingMiddleware GET /api/auth/providers responded 200 in 3.8 ms
2026-08-05 20:35:11.453 +05:30 [INF] Microsoft.EntityFrameworkCore.Database.Command Executed DbCommand (1ms) [Parameters=[], CommandType='"Text"', CommandTimeout='30']
SELECT `c`.`category_id`, `c`.`cat_code`, `c`.`cat_image_path`, `c`.`category_name`, `c`.`description`, `c`.`flag`, `c`.`parent_id`, `c`.`status`, `c`.`suitable_for`
FROM `category` AS `c`
2026-08-05 20:35:11.461 +05:30 [INF] Microsoft.EntityFrameworkCore.Database.Command Executed DbCommand (1ms) [Parameters=[], CommandType='"Text"', CommandTimeout='30']
SELECT `t`.`tour_id` AS `TourId`, `t`.`category_id` AS `CategoryId`
FROM `tour` AS `t`
2026-08-05 20:35:11.464 +05:30 [INF] Serilog.AspNetCore.RequestLoggingMiddleware GET /api/categories/roots responded 200 in 79.3 ms
2026-08-05 20:35:11.474 +05:30 [INF] Serilog.AspNetCore.RequestLoggingMiddleware GET /api/tours responded 200 in 1375.7 ms
2026-08-05 20:35:11.484 +05:30 [INF] Microsoft.EntityFrameworkCore.Database.Command Executed DbCommand (1ms) [Parameters=[], CommandType='"Text"', CommandTimeout='30']
SELECT `t`.`tour_id`, `t`.`add_ons`, `t`.`category_id`, `t`.`days`, `t`.`description`, `t`.`destination`, `t`.`do_and_dont`, `t`.`location`, `t`.`nights`, `t`.`passport_and_visa`, `t`.`price`, `t`.`stay_and_meals`, `t`.`subcat_id`, `t`.`tour_name`, `t`.`tour_type`, `t`.`weather`
FROM `tour` AS `t`
ORDER BY `t`.`tour_id`
2026-08-05 20:35:11.489 +05:30 [INF] Microsoft.EntityFrameworkCore.Database.Command Executed DbCommand (1ms) [Parameters=[], CommandType='"Text"', CommandTimeout='30']
SELECT `c`.`tour_id` AS `TourId`, MIN(`c`.`adult_price`) AS `Min`
FROM `cost` AS `c`
WHERE `c`.`tour_id` IS NOT NULL AND (`c`.`adult_price` IS NOT NULL)
GROUP BY `c`.`tour_id`
2026-08-05 20:35:11.493 +05:30 [INF] Microsoft.EntityFrameworkCore.Database.Command Executed DbCommand (1ms) [Parameters=[], CommandType='"Text"', CommandTimeout='30']
SELECT `r`.`tour_id` AS `TourId`, AVG(CAST(`r`.`rating` AS double)) AS `Avg`, CAST(COUNT(*) AS signed) AS `Count`
FROM `review` AS `r`
WHERE `r`.`tour_id` IS NOT NULL AND (`r`.`rating` IS NOT NULL)
GROUP BY `r`.`tour_id`
2026-08-05 20:35:11.499 +05:30 [INF] Microsoft.EntityFrameworkCore.Database.Command Executed DbCommand (3ms) [Parameters=[], CommandType='"Text"', CommandTimeout='30']
SELECT `t`.`tour_id` AS `TourId`, (
    SELECT `t0`.`source`
    FROM `tour_images` AS `t0`
    WHERE (`t0`.`is_primary` AND (`t0`.`tour_id` IS NOT NULL)) AND (`t`.`tour_id` = `t0`.`tour_id`)
    LIMIT 1) AS `Source`
FROM `tour_images` AS `t`
WHERE `t`.`is_primary` AND (`t`.`tour_id` IS NOT NULL)
GROUP BY `t`.`tour_id`
2026-08-05 20:35:11.502 +05:30 [INF] Serilog.AspNetCore.RequestLoggingMiddleware GET /api/tours responded 200 in 22.9 ms
2026-08-05 20:35:20.176 +05:30 [INF] Microsoft.EntityFrameworkCore.Database.Command Executed DbCommand (21ms) [Parameters=[@__r_Username_0='?' (Size = 50)], CommandType='"Text"', CommandTimeout='30']
SELECT `u`.`user_id`, `u`.`address`, `u`.`auth_provider`, `u`.`city`, `u`.`created_at`, `u`.`email`, `u`.`first_name`, `u`.`gender`, `u`.`isactive`, `u`.`last_name`, `u`.`password_hash`, `u`.`phone_number`, `u`.`provider_id`, `u`.`role_id`, `u`.`username`, `r`.`role_id`, `r`.`description`, `r`.`role_name`
FROM `users` AS `u`
LEFT JOIN `role` AS `r` ON `u`.`role_id` = `r`.`role_id`
WHERE `u`.`username` = @__r_Username_0
LIMIT 1
2026-08-05 20:35:20.413 +05:30 [INF] Serilog.AspNetCore.RequestLoggingMiddleware POST /api/auth/login responded 200 in 407.0 ms
2026-08-05 20:35:20.495 +05:30 [INF] Microsoft.EntityFrameworkCore.Database.Command Executed DbCommand (1ms) [Parameters=[@__username_0='?' (Size = 50)], CommandType='"Text"', CommandTimeout='30']
SELECT `u`.`user_id`, `u`.`address`, `u`.`auth_provider`, `u`.`city`, `u`.`created_at`, `u`.`email`, `u`.`first_name`, `u`.`gender`, `u`.`isactive`, `u`.`last_name`, `u`.`password_hash`, `u`.`phone_number`, `u`.`provider_id`, `u`.`role_id`, `u`.`username`
FROM `users` AS `u`
WHERE `u`.`username` = @__username_0
LIMIT 1
2026-08-05 20:35:20.495 +05:30 [INF] Microsoft.EntityFrameworkCore.Database.Command Executed DbCommand (1ms) [Parameters=[@__username_0='?' (Size = 50)], CommandType='"Text"', CommandTimeout='30']
SELECT `u`.`user_id`, `u`.`address`, `u`.`auth_provider`, `u`.`city`, `u`.`created_at`, `u`.`email`, `u`.`first_name`, `u`.`gender`, `u`.`isactive`, `u`.`last_name`, `u`.`password_hash`, `u`.`phone_number`, `u`.`provider_id`, `u`.`role_id`, `u`.`username`
FROM `users` AS `u`
WHERE `u`.`username` = @__username_0
LIMIT 1
2026-08-05 20:35:20.497 +05:30 [INF] Microsoft.EntityFrameworkCore.Database.Command Executed DbCommand (1ms) [Parameters=[@__username_0='?' (Size = 50)], CommandType='"Text"', CommandTimeout='30']
SELECT `u`.`user_id`, `u`.`address`, `u`.`auth_provider`, `u`.`city`, `u`.`created_at`, `u`.`email`, `u`.`first_name`, `u`.`gender`, `u`.`isactive`, `u`.`last_name`, `u`.`password_hash`, `u`.`phone_number`, `u`.`provider_id`, `u`.`role_id`, `u`.`username`, `r`.`role_id`, `r`.`description`, `r`.`role_name`
FROM `users` AS `u`
LEFT JOIN `role` AS `r` ON `u`.`role_id` = `r`.`role_id`
WHERE `u`.`username` = @__username_0
LIMIT 1
2026-08-05 20:35:20.505 +05:30 [INF] Serilog.AspNetCore.RequestLoggingMiddleware GET /api/auth/me responded 200 in 73.1 ms
2026-08-05 20:35:20.519 +05:30 [INF] Microsoft.EntityFrameworkCore.Database.Command Executed DbCommand (1ms) [Parameters=[@__username_0='?' (Size = 50)], CommandType='"Text"', CommandTimeout='30']
SELECT `u`.`user_id`, `u`.`address`, `u`.`auth_provider`, `u`.`city`, `u`.`created_at`, `u`.`email`, `u`.`first_name`, `u`.`gender`, `u`.`isactive`, `u`.`last_name`, `u`.`password_hash`, `u`.`phone_number`, `u`.`provider_id`, `u`.`role_id`, `u`.`username`, `r`.`role_id`, `r`.`description`, `r`.`role_name`
FROM `users` AS `u`
LEFT JOIN `role` AS `r` ON `u`.`role_id` = `r`.`role_id`
WHERE `u`.`username` = @__username_0
LIMIT 1
2026-08-05 20:35:20.523 +05:30 [INF] Serilog.AspNetCore.RequestLoggingMiddleware GET /api/auth/me responded 200 in 12.9 ms
2026-08-05 20:35:20.523 +05:30 [INF] Microsoft.EntityFrameworkCore.Database.Command Executed DbCommand (7ms) [Parameters=[@__customer_UserId_0='?' (DbType = Int32)], CommandType='"Text"', CommandTimeout='30']
SELECT `b`.`booking_id`, `b`.`booking_date`, `b`.`booking_status`, `b`.`contact_email`, `b`.`contact_name`, `b`.`contact_phone`, `b`.`schedule_id`, `b`.`total_amount`, `b`.`tour_id`, `b`.`user_id`, `t`.`tour_id`, `t`.`add_ons`, `t`.`category_id`, `t`.`days`, `t`.`description`, `t`.`destination`, `t`.`do_and_dont`, `t`.`location`, `t`.`nights`, `t`.`passport_and_visa`, `t`.`price`, `t`.`stay_and_meals`, `t`.`subcat_id`, `t`.`tour_name`, `t`.`tour_type`, `t`.`weather`, `s`.`schedule_id`, `s`.`available_seats`, `s`.`start_date`, `s`.`status`, `s`.`total_seats`, `s`.`tour_id`
FROM `booking` AS `b`
LEFT JOIN `tour` AS `t` ON `b`.`tour_id` = `t`.`tour_id`
LEFT JOIN `schedule` AS `s` ON `b`.`schedule_id` = `s`.`schedule_id`
WHERE `b`.`user_id` = @__customer_UserId_0
ORDER BY `b`.`booking_date` DESC
2026-08-05 20:35:20.541 +05:30 [INF] Microsoft.EntityFrameworkCore.Database.Command Executed DbCommand (1ms) [Parameters=[], CommandType='"Text"', CommandTimeout='30']
SELECT `r`.`booking_id`
FROM `review` AS `r`
WHERE `r`.`booking_id` IS NOT NULL
2026-08-05 20:35:20.549 +05:30 [INF] Serilog.AspNetCore.RequestLoggingMiddleware GET /api/reviews/reviewable responded 200 in 116.9 ms
2026-08-05 20:35:20.556 +05:30 [INF] Microsoft.EntityFrameworkCore.Database.Command Executed DbCommand (4ms) [Parameters=[@__user_UserId_0='?' (DbType = Int32)], CommandType='"Text"', CommandTimeout='30']
SELECT `b`.`booking_id`, `b`.`booking_date`, `b`.`booking_status`, `b`.`contact_email`, `b`.`contact_name`, `b`.`contact_phone`, `b`.`schedule_id`, `b`.`total_amount`, `b`.`tour_id`, `b`.`user_id`, `u`.`user_id`, `u`.`address`, `u`.`auth_provider`, `u`.`city`, `u`.`created_at`, `u`.`email`, `u`.`first_name`, `u`.`gender`, `u`.`isactive`, `u`.`last_name`, `u`.`password_hash`, `u`.`phone_number`, `u`.`provider_id`, `u`.`role_id`, `u`.`username`, `t`.`tour_id`, `t`.`add_ons`, `t`.`category_id`, `t`.`days`, `t`.`description`, `t`.`destination`, `t`.`do_and_dont`, `t`.`location`, `t`.`nights`, `t`.`passport_and_visa`, `t`.`price`, `t`.`stay_and_meals`, `t`.`subcat_id`, `t`.`tour_name`, `t`.`tour_type`, `t`.`weather`, `s`.`schedule_id`, `s`.`available_seats`, `s`.`start_date`, `s`.`status`, `s`.`total_seats`, `s`.`tour_id`, `p`.`pax_id`, `p`.`age`, `p`.`birth_date`, `p`.`booking_id`, `p`.`email`, `p`.`full_name`, `p`.`gender`, `p`.`passport_number`, `p`.`pax_type`
FROM `booking` AS `b`
LEFT JOIN `users` AS `u` ON `b`.`user_id` = `u`.`user_id`
LEFT JOIN `tour` AS `t` ON `b`.`tour_id` = `t`.`tour_id`
LEFT JOIN `schedule` AS `s` ON `b`.`schedule_id` = `s`.`schedule_id`
LEFT JOIN `passenger_details` AS `p` ON `b`.`booking_id` = `p`.`booking_id`
WHERE `b`.`user_id` = @__user_UserId_0
ORDER BY `b`.`booking_date` DESC, `b`.`booking_id` DESC, `u`.`user_id`, `t`.`tour_id`, `s`.`schedule_id`
2026-08-05 20:35:20.560 +05:30 [INF] Microsoft.EntityFrameworkCore.Database.Command Executed DbCommand (0ms) [Parameters=[@__username_0='?' (Size = 50)], CommandType='"Text"', CommandTimeout='30']
SELECT `u`.`user_id`, `u`.`address`, `u`.`auth_provider`, `u`.`city`, `u`.`created_at`, `u`.`email`, `u`.`first_name`, `u`.`gender`, `u`.`isactive`, `u`.`last_name`, `u`.`password_hash`, `u`.`phone_number`, `u`.`provider_id`, `u`.`role_id`, `u`.`username`
FROM `users` AS `u`
WHERE `u`.`username` = @__username_0
LIMIT 1
2026-08-05 20:35:20.564 +05:30 [INF] Microsoft.EntityFrameworkCore.Database.Command Executed DbCommand (2ms) [Parameters=[@__customer_UserId_0='?' (DbType = Int32)], CommandType='"Text"', CommandTimeout='30']
SELECT `b`.`booking_id`, `b`.`booking_date`, `b`.`booking_status`, `b`.`contact_email`, `b`.`contact_name`, `b`.`contact_phone`, `b`.`schedule_id`, `b`.`total_amount`, `b`.`tour_id`, `b`.`user_id`, `t`.`tour_id`, `t`.`add_ons`, `t`.`category_id`, `t`.`days`, `t`.`description`, `t`.`destination`, `t`.`do_and_dont`, `t`.`location`, `t`.`nights`, `t`.`passport_and_visa`, `t`.`price`, `t`.`stay_and_meals`, `t`.`subcat_id`, `t`.`tour_name`, `t`.`tour_type`, `t`.`weather`, `s`.`schedule_id`, `s`.`available_seats`, `s`.`start_date`, `s`.`status`, `s`.`total_seats`, `s`.`tour_id`
FROM `booking` AS `b`
LEFT JOIN `tour` AS `t` ON `b`.`tour_id` = `t`.`tour_id`
LEFT JOIN `schedule` AS `s` ON `b`.`schedule_id` = `s`.`schedule_id`
WHERE `b`.`user_id` = @__customer_UserId_0
ORDER BY `b`.`booking_date` DESC
2026-08-05 20:35:20.567 +05:30 [INF] Microsoft.EntityFrameworkCore.Database.Command Executed DbCommand (0ms) [Parameters=[], CommandType='"Text"', CommandTimeout='30']
SELECT `r`.`booking_id`
FROM `review` AS `r`
WHERE `r`.`booking_id` IS NOT NULL
2026-08-05 20:35:20.568 +05:30 [INF] Serilog.AspNetCore.RequestLoggingMiddleware GET /api/reviews/reviewable responded 200 in 13.7 ms
2026-08-05 20:35:20.663 +05:30 [INF] Microsoft.EntityFrameworkCore.Database.Command Executed DbCommand (1ms) [Parameters=[@__bookingId_0='?' (DbType = Int32)], CommandType='"Text"', CommandTimeout='30']
SELECT `p`.`payment_id`, `p`.`amount`, `p`.`booking_id`, `p`.`payment_date`, `p`.`payment_method`, `p`.`payment_status`
FROM `payment` AS `p`
WHERE `p`.`booking_id` = @__bookingId_0
ORDER BY `p`.`payment_id` DESC
LIMIT 1
2026-08-05 20:35:20.673 +05:30 [INF] Microsoft.EntityFrameworkCore.Database.Command Executed DbCommand (1ms) [Parameters=[@__tid_0='?' (DbType = Int32)], CommandType='"Text"', CommandTimeout='30']
SELECT `c`.`cost_id`, `c`.`adult_price`, `c`.`child_with_bed_price`, `c`.`child_without_bed_price`, `c`.`extra_person_price`, `c`.`is_active`, `c`.`single_person_price`, `c`.`tour_id`, `c`.`valid_from`, `c`.`valid_to`
FROM `cost` AS `c`
WHERE (`c`.`tour_id` = @__tid_0) AND `c`.`is_active`
2026-08-05 20:35:20.681 +05:30 [INF] Microsoft.EntityFrameworkCore.Database.Command Executed DbCommand (0ms) [Parameters=[@__bookingId_0='?' (DbType = Int32)], CommandType='"Text"', CommandTimeout='30']
SELECT `p`.`payment_id`, `p`.`amount`, `p`.`booking_id`, `p`.`payment_date`, `p`.`payment_method`, `p`.`payment_status`
FROM `payment` AS `p`
WHERE `p`.`booking_id` = @__bookingId_0
ORDER BY `p`.`payment_id` DESC
LIMIT 1
2026-08-05 20:35:20.684 +05:30 [INF] Microsoft.EntityFrameworkCore.Database.Command Executed DbCommand (1ms) [Parameters=[@__tid_0='?' (DbType = Int32)], CommandType='"Text"', CommandTimeout='30']
SELECT `c`.`cost_id`, `c`.`adult_price`, `c`.`child_with_bed_price`, `c`.`child_without_bed_price`, `c`.`extra_person_price`, `c`.`is_active`, `c`.`single_person_price`, `c`.`tour_id`, `c`.`valid_from`, `c`.`valid_to`
FROM `cost` AS `c`
WHERE (`c`.`tour_id` = @__tid_0) AND `c`.`is_active`
2026-08-05 20:35:20.687 +05:30 [INF] Microsoft.EntityFrameworkCore.Database.Command Executed DbCommand (0ms) [Parameters=[@__bookingId_0='?' (DbType = Int32)], CommandType='"Text"', CommandTimeout='30']
SELECT `p`.`payment_id`, `p`.`amount`, `p`.`booking_id`, `p`.`payment_date`, `p`.`payment_method`, `p`.`payment_status`
FROM `payment` AS `p`
WHERE `p`.`booking_id` = @__bookingId_0
ORDER BY `p`.`payment_id` DESC
LIMIT 1
2026-08-05 20:35:20.689 +05:30 [INF] Microsoft.EntityFrameworkCore.Database.Command Executed DbCommand (0ms) [Parameters=[@__tid_0='?' (DbType = Int32)], CommandType='"Text"', CommandTimeout='30']
SELECT `c`.`cost_id`, `c`.`adult_price`, `c`.`child_with_bed_price`, `c`.`child_without_bed_price`, `c`.`extra_person_price`, `c`.`is_active`, `c`.`single_person_price`, `c`.`tour_id`, `c`.`valid_from`, `c`.`valid_to`
FROM `cost` AS `c`
WHERE (`c`.`tour_id` = @__tid_0) AND `c`.`is_active`
2026-08-05 20:35:20.691 +05:30 [INF] Microsoft.EntityFrameworkCore.Database.Command Executed DbCommand (0ms) [Parameters=[@__bookingId_0='?' (DbType = Int32)], CommandType='"Text"', CommandTimeout='30']
SELECT `p`.`payment_id`, `p`.`amount`, `p`.`booking_id`, `p`.`payment_date`, `p`.`payment_method`, `p`.`payment_status`
FROM `payment` AS `p`
WHERE `p`.`booking_id` = @__bookingId_0
ORDER BY `p`.`payment_id` DESC
LIMIT 1
2026-08-05 20:35:20.693 +05:30 [INF] Microsoft.EntityFrameworkCore.Database.Command Executed DbCommand (0ms) [Parameters=[@__tid_0='?' (DbType = Int32)], CommandType='"Text"', CommandTimeout='30']
SELECT `c`.`cost_id`, `c`.`adult_price`, `c`.`child_with_bed_price`, `c`.`child_without_bed_price`, `c`.`extra_person_price`, `c`.`is_active`, `c`.`single_person_price`, `c`.`tour_id`, `c`.`valid_from`, `c`.`valid_to`
FROM `cost` AS `c`
WHERE (`c`.`tour_id` = @__tid_0) AND `c`.`is_active`
2026-08-05 20:35:20.696 +05:30 [INF] Microsoft.EntityFrameworkCore.Database.Command Executed DbCommand (0ms) [Parameters=[@__bookingId_0='?' (DbType = Int32)], CommandType='"Text"', CommandTimeout='30']
SELECT `p`.`payment_id`, `p`.`amount`, `p`.`booking_id`, `p`.`payment_date`, `p`.`payment_method`, `p`.`payment_status`
FROM `payment` AS `p`
WHERE `p`.`booking_id` = @__bookingId_0
ORDER BY `p`.`payment_id` DESC
LIMIT 1
2026-08-05 20:35:20.698 +05:30 [INF] Microsoft.EntityFrameworkCore.Database.Command Executed DbCommand (0ms) [Parameters=[@__tid_0='?' (DbType = Int32)], CommandType='"Text"', CommandTimeout='30']
SELECT `c`.`cost_id`, `c`.`adult_price`, `c`.`child_with_bed_price`, `c`.`child_without_bed_price`, `c`.`extra_person_price`, `c`.`is_active`, `c`.`single_person_price`, `c`.`tour_id`, `c`.`valid_from`, `c`.`valid_to`
FROM `cost` AS `c`
WHERE (`c`.`tour_id` = @__tid_0) AND `c`.`is_active`
2026-08-05 20:35:20.705 +05:30 [INF] Serilog.AspNetCore.RequestLoggingMiddleware GET /api/bookings/my responded 200 in 273.3 ms
2026-08-05 20:35:20.715 +05:30 [INF] Microsoft.EntityFrameworkCore.Database.Command Executed DbCommand (0ms) [Parameters=[@__username_0='?' (Size = 50)], CommandType='"Text"', CommandTimeout='30']
SELECT `u`.`user_id`, `u`.`address`, `u`.`auth_provider`, `u`.`city`, `u`.`created_at`, `u`.`email`, `u`.`first_name`, `u`.`gender`, `u`.`isactive`, `u`.`last_name`, `u`.`password_hash`, `u`.`phone_number`, `u`.`provider_id`, `u`.`role_id`, `u`.`username`
FROM `users` AS `u`
WHERE `u`.`username` = @__username_0
LIMIT 1
2026-08-05 20:35:20.718 +05:30 [INF] Microsoft.EntityFrameworkCore.Database.Command Executed DbCommand (2ms) [Parameters=[@__user_UserId_0='?' (DbType = Int32)], CommandType='"Text"', CommandTimeout='30']
SELECT `b`.`booking_id`, `b`.`booking_date`, `b`.`booking_status`, `b`.`contact_email`, `b`.`contact_name`, `b`.`contact_phone`, `b`.`schedule_id`, `b`.`total_amount`, `b`.`tour_id`, `b`.`user_id`, `u`.`user_id`, `u`.`address`, `u`.`auth_provider`, `u`.`city`, `u`.`created_at`, `u`.`email`, `u`.`first_name`, `u`.`gender`, `u`.`isactive`, `u`.`last_name`, `u`.`password_hash`, `u`.`phone_number`, `u`.`provider_id`, `u`.`role_id`, `u`.`username`, `t`.`tour_id`, `t`.`add_ons`, `t`.`category_id`, `t`.`days`, `t`.`description`, `t`.`destination`, `t`.`do_and_dont`, `t`.`location`, `t`.`nights`, `t`.`passport_and_visa`, `t`.`price`, `t`.`stay_and_meals`, `t`.`subcat_id`, `t`.`tour_name`, `t`.`tour_type`, `t`.`weather`, `s`.`schedule_id`, `s`.`available_seats`, `s`.`start_date`, `s`.`status`, `s`.`total_seats`, `s`.`tour_id`, `p`.`pax_id`, `p`.`age`, `p`.`birth_date`, `p`.`booking_id`, `p`.`email`, `p`.`full_name`, `p`.`gender`, `p`.`passport_number`, `p`.`pax_type`
FROM `booking` AS `b`
LEFT JOIN `users` AS `u` ON `b`.`user_id` = `u`.`user_id`
LEFT JOIN `tour` AS `t` ON `b`.`tour_id` = `t`.`tour_id`
LEFT JOIN `schedule` AS `s` ON `b`.`schedule_id` = `s`.`schedule_id`
LEFT JOIN `passenger_details` AS `p` ON `b`.`booking_id` = `p`.`booking_id`
WHERE `b`.`user_id` = @__user_UserId_0
ORDER BY `b`.`booking_date` DESC, `b`.`booking_id` DESC, `u`.`user_id`, `t`.`tour_id`, `s`.`schedule_id`
2026-08-05 20:35:20.723 +05:30 [INF] Microsoft.EntityFrameworkCore.Database.Command Executed DbCommand (0ms) [Parameters=[@__bookingId_0='?' (DbType = Int32)], CommandType='"Text"', CommandTimeout='30']
SELECT `p`.`payment_id`, `p`.`amount`, `p`.`booking_id`, `p`.`payment_date`, `p`.`payment_method`, `p`.`payment_status`
FROM `payment` AS `p`
WHERE `p`.`booking_id` = @__bookingId_0
ORDER BY `p`.`payment_id` DESC
LIMIT 1
2026-08-05 20:35:20.727 +05:30 [INF] Microsoft.EntityFrameworkCore.Database.Command Executed DbCommand (1ms) [Parameters=[@__tid_0='?' (DbType = Int32)], CommandType='"Text"', CommandTimeout='30']
SELECT `c`.`cost_id`, `c`.`adult_price`, `c`.`child_with_bed_price`, `c`.`child_without_bed_price`, `c`.`extra_person_price`, `c`.`is_active`, `c`.`single_person_price`, `c`.`tour_id`, `c`.`valid_from`, `c`.`valid_to`
FROM `cost` AS `c`
WHERE (`c`.`tour_id` = @__tid_0) AND `c`.`is_active`
2026-08-05 20:35:20.730 +05:30 [INF] Microsoft.EntityFrameworkCore.Database.Command Executed DbCommand (0ms) [Parameters=[@__bookingId_0='?' (DbType = Int32)], CommandType='"Text"', CommandTimeout='30']
SELECT `p`.`payment_id`, `p`.`amount`, `p`.`booking_id`, `p`.`payment_date`, `p`.`payment_method`, `p`.`payment_status`
FROM `payment` AS `p`
WHERE `p`.`booking_id` = @__bookingId_0
ORDER BY `p`.`payment_id` DESC
LIMIT 1
2026-08-05 20:35:20.734 +05:30 [INF] Microsoft.EntityFrameworkCore.Database.Command Executed DbCommand (1ms) [Parameters=[@__tid_0='?' (DbType = Int32)], CommandType='"Text"', CommandTimeout='30']
SELECT `c`.`cost_id`, `c`.`adult_price`, `c`.`child_with_bed_price`, `c`.`child_without_bed_price`, `c`.`extra_person_price`, `c`.`is_active`, `c`.`single_person_price`, `c`.`tour_id`, `c`.`valid_from`, `c`.`valid_to`
FROM `cost` AS `c`
WHERE (`c`.`tour_id` = @__tid_0) AND `c`.`is_active`
2026-08-05 20:35:20.738 +05:30 [INF] Microsoft.EntityFrameworkCore.Database.Command Executed DbCommand (1ms) [Parameters=[@__bookingId_0='?' (DbType = Int32)], CommandType='"Text"', CommandTimeout='30']
SELECT `p`.`payment_id`, `p`.`amount`, `p`.`booking_id`, `p`.`payment_date`, `p`.`payment_method`, `p`.`payment_status`
FROM `payment` AS `p`
WHERE `p`.`booking_id` = @__bookingId_0
ORDER BY `p`.`payment_id` DESC
LIMIT 1
2026-08-05 20:35:20.741 +05:30 [INF] Microsoft.EntityFrameworkCore.Database.Command Executed DbCommand (0ms) [Parameters=[@__tid_0='?' (DbType = Int32)], CommandType='"Text"', CommandTimeout='30']
SELECT `c`.`cost_id`, `c`.`adult_price`, `c`.`child_with_bed_price`, `c`.`child_without_bed_price`, `c`.`extra_person_price`, `c`.`is_active`, `c`.`single_person_price`, `c`.`tour_id`, `c`.`valid_from`, `c`.`valid_to`
FROM `cost` AS `c`
WHERE (`c`.`tour_id` = @__tid_0) AND `c`.`is_active`
2026-08-05 20:35:20.744 +05:30 [INF] Microsoft.EntityFrameworkCore.Database.Command Executed DbCommand (0ms) [Parameters=[@__bookingId_0='?' (DbType = Int32)], CommandType='"Text"', CommandTimeout='30']
SELECT `p`.`payment_id`, `p`.`amount`, `p`.`booking_id`, `p`.`payment_date`, `p`.`payment_method`, `p`.`payment_status`
FROM `payment` AS `p`
WHERE `p`.`booking_id` = @__bookingId_0
ORDER BY `p`.`payment_id` DESC
LIMIT 1
2026-08-05 20:35:20.747 +05:30 [INF] Microsoft.EntityFrameworkCore.Database.Command Executed DbCommand (1ms) [Parameters=[@__tid_0='?' (DbType = Int32)], CommandType='"Text"', CommandTimeout='30']
SELECT `c`.`cost_id`, `c`.`adult_price`, `c`.`child_with_bed_price`, `c`.`child_without_bed_price`, `c`.`extra_person_price`, `c`.`is_active`, `c`.`single_person_price`, `c`.`tour_id`, `c`.`valid_from`, `c`.`valid_to`
FROM `cost` AS `c`
WHERE (`c`.`tour_id` = @__tid_0) AND `c`.`is_active`
2026-08-05 20:35:20.751 +05:30 [INF] Microsoft.EntityFrameworkCore.Database.Command Executed DbCommand (1ms) [Parameters=[@__bookingId_0='?' (DbType = Int32)], CommandType='"Text"', CommandTimeout='30']
SELECT `p`.`payment_id`, `p`.`amount`, `p`.`booking_id`, `p`.`payment_date`, `p`.`payment_method`, `p`.`payment_status`
FROM `payment` AS `p`
WHERE `p`.`booking_id` = @__bookingId_0
ORDER BY `p`.`payment_id` DESC
LIMIT 1
2026-08-05 20:35:20.754 +05:30 [INF] Microsoft.EntityFrameworkCore.Database.Command Executed DbCommand (1ms) [Parameters=[@__tid_0='?' (DbType = Int32)], CommandType='"Text"', CommandTimeout='30']
SELECT `c`.`cost_id`, `c`.`adult_price`, `c`.`child_with_bed_price`, `c`.`child_without_bed_price`, `c`.`extra_person_price`, `c`.`is_active`, `c`.`single_person_price`, `c`.`tour_id`, `c`.`valid_from`, `c`.`valid_to`
FROM `cost` AS `c`
WHERE (`c`.`tour_id` = @__tid_0) AND `c`.`is_active`
2026-08-05 20:35:20.756 +05:30 [INF] Serilog.AspNetCore.RequestLoggingMiddleware GET /api/bookings/my responded 200 in 47.0 ms
2026-08-05 20:35:32.164 +05:30 [INF] Microsoft.EntityFrameworkCore.Database.Command Executed DbCommand (1ms) [Parameters=[@__username_0='?' (Size = 50)], CommandType='"Text"', CommandTimeout='30']
SELECT `u`.`user_id`, `u`.`address`, `u`.`auth_provider`, `u`.`city`, `u`.`created_at`, `u`.`email`, `u`.`first_name`, `u`.`gender`, `u`.`isactive`, `u`.`last_name`, `u`.`password_hash`, `u`.`phone_number`, `u`.`provider_id`, `u`.`role_id`, `u`.`username`
FROM `users` AS `u`
WHERE `u`.`username` = @__username_0
LIMIT 1
2026-08-05 20:35:32.181 +05:30 [INF] Microsoft.EntityFrameworkCore.Database.Command Executed DbCommand (1ms) [Parameters=[@__request_BookingId_0='?' (DbType = Int32)], CommandType='"Text"', CommandTimeout='30']
SELECT `b`.`booking_id`, `b`.`booking_date`, `b`.`booking_status`, `b`.`contact_email`, `b`.`contact_name`, `b`.`contact_phone`, `b`.`schedule_id`, `b`.`total_amount`, `b`.`tour_id`, `b`.`user_id`, `u`.`user_id`, `u`.`address`, `u`.`auth_provider`, `u`.`city`, `u`.`created_at`, `u`.`email`, `u`.`first_name`, `u`.`gender`, `u`.`isactive`, `u`.`last_name`, `u`.`password_hash`, `u`.`phone_number`, `u`.`provider_id`, `u`.`role_id`, `u`.`username`, `t`.`tour_id`, `t`.`add_ons`, `t`.`category_id`, `t`.`days`, `t`.`description`, `t`.`destination`, `t`.`do_and_dont`, `t`.`location`, `t`.`nights`, `t`.`passport_and_visa`, `t`.`price`, `t`.`stay_and_meals`, `t`.`subcat_id`, `t`.`tour_name`, `t`.`tour_type`, `t`.`weather`, `s`.`schedule_id`, `s`.`available_seats`, `s`.`start_date`, `s`.`status`, `s`.`total_seats`, `s`.`tour_id`
FROM `booking` AS `b`
LEFT JOIN `users` AS `u` ON `b`.`user_id` = `u`.`user_id`
LEFT JOIN `tour` AS `t` ON `b`.`tour_id` = `t`.`tour_id`
LEFT JOIN `schedule` AS `s` ON `b`.`schedule_id` = `s`.`schedule_id`
WHERE `b`.`booking_id` = @__request_BookingId_0
LIMIT 1
2026-08-05 20:35:32.194 +05:30 [INF] Microsoft.EntityFrameworkCore.Database.Command Executed DbCommand (1ms) [Parameters=[@__booking_BookingId_0='?' (DbType = Int32)], CommandType='"Text"', CommandTimeout='30']
SELECT EXISTS (
    SELECT 1
    FROM `review` AS `r`
    WHERE `r`.`booking_id` = @__booking_BookingId_0)
2026-08-05 20:35:32.373 +05:30 [INF] Microsoft.EntityFrameworkCore.Database.Command Executed DbCommand (10ms) [Parameters=[@p0='?' (DbType = Int32), @p1='?' (DbType = Int32), @p2='?' (DbType = Int32), @p3='?' (DbType = Date), @p4='?' (Size = 1000), @p5='?' (Size = 150), @p6='?' (DbType = Int32), @p7='?' (Size = 30)], CommandType='"Text"', CommandTimeout='30']
INSERT INTO `review` (`booking_id`, `customer_id`, `rating`, `review_date`, `review_description`, `review_title`, `tour_id`, `verification_status`)
VALUES (@p0, @p1, @p2, @p3, @p4, @p5, @p6, @p7);
SELECT `review_id`
FROM `review`
WHERE ROW_COUNT() = 1 AND `review_id` = LAST_INSERT_ID();
2026-08-05 20:35:32.417 +05:30 [INF] Serilog.AspNetCore.RequestLoggingMiddleware POST /api/reviews responded 201 in 287.0 ms
2026-08-05 20:35:32.431 +05:30 [INF] Microsoft.EntityFrameworkCore.Database.Command Executed DbCommand (0ms) [Parameters=[@__username_0='?' (Size = 50)], CommandType='"Text"', CommandTimeout='30']
SELECT `u`.`user_id`, `u`.`address`, `u`.`auth_provider`, `u`.`city`, `u`.`created_at`, `u`.`email`, `u`.`first_name`, `u`.`gender`, `u`.`isactive`, `u`.`last_name`, `u`.`password_hash`, `u`.`phone_number`, `u`.`provider_id`, `u`.`role_id`, `u`.`username`
FROM `users` AS `u`
WHERE `u`.`username` = @__username_0
LIMIT 1
2026-08-05 20:35:32.432 +05:30 [INF] Microsoft.EntityFrameworkCore.Database.Command Executed DbCommand (0ms) [Parameters=[@__username_0='?' (Size = 50)], CommandType='"Text"', CommandTimeout='30']
SELECT `u`.`user_id`, `u`.`address`, `u`.`auth_provider`, `u`.`city`, `u`.`created_at`, `u`.`email`, `u`.`first_name`, `u`.`gender`, `u`.`isactive`, `u`.`last_name`, `u`.`password_hash`, `u`.`phone_number`, `u`.`provider_id`, `u`.`role_id`, `u`.`username`
FROM `users` AS `u`
WHERE `u`.`username` = @__username_0
LIMIT 1
2026-08-05 20:35:32.434 +05:30 [INF] Microsoft.EntityFrameworkCore.Database.Command Executed DbCommand (1ms) [Parameters=[@__customer_UserId_0='?' (DbType = Int32)], CommandType='"Text"', CommandTimeout='30']
SELECT `b`.`booking_id`, `b`.`booking_date`, `b`.`booking_status`, `b`.`contact_email`, `b`.`contact_name`, `b`.`contact_phone`, `b`.`schedule_id`, `b`.`total_amount`, `b`.`tour_id`, `b`.`user_id`, `t`.`tour_id`, `t`.`add_ons`, `t`.`category_id`, `t`.`days`, `t`.`description`, `t`.`destination`, `t`.`do_and_dont`, `t`.`location`, `t`.`nights`, `t`.`passport_and_visa`, `t`.`price`, `t`.`stay_and_meals`, `t`.`subcat_id`, `t`.`tour_name`, `t`.`tour_type`, `t`.`weather`, `s`.`schedule_id`, `s`.`available_seats`, `s`.`start_date`, `s`.`status`, `s`.`total_seats`, `s`.`tour_id`
FROM `booking` AS `b`
LEFT JOIN `tour` AS `t` ON `b`.`tour_id` = `t`.`tour_id`
LEFT JOIN `schedule` AS `s` ON `b`.`schedule_id` = `s`.`schedule_id`
WHERE `b`.`user_id` = @__customer_UserId_0
ORDER BY `b`.`booking_date` DESC
2026-08-05 20:35:32.437 +05:30 [INF] Microsoft.EntityFrameworkCore.Database.Command Executed DbCommand (0ms) [Parameters=[], CommandType='"Text"', CommandTimeout='30']
SELECT `r`.`booking_id`
FROM `review` AS `r`
WHERE `r`.`booking_id` IS NOT NULL
2026-08-05 20:35:32.438 +05:30 [INF] Microsoft.EntityFrameworkCore.Database.Command Executed DbCommand (3ms) [Parameters=[@__user_UserId_0='?' (DbType = Int32)], CommandType='"Text"', CommandTimeout='30']
SELECT `b`.`booking_id`, `b`.`booking_date`, `b`.`booking_status`, `b`.`contact_email`, `b`.`contact_name`, `b`.`contact_phone`, `b`.`schedule_id`, `b`.`total_amount`, `b`.`tour_id`, `b`.`user_id`, `u`.`user_id`, `u`.`address`, `u`.`auth_provider`, `u`.`city`, `u`.`created_at`, `u`.`email`, `u`.`first_name`, `u`.`gender`, `u`.`isactive`, `u`.`last_name`, `u`.`password_hash`, `u`.`phone_number`, `u`.`provider_id`, `u`.`role_id`, `u`.`username`, `t`.`tour_id`, `t`.`add_ons`, `t`.`category_id`, `t`.`days`, `t`.`description`, `t`.`destination`, `t`.`do_and_dont`, `t`.`location`, `t`.`nights`, `t`.`passport_and_visa`, `t`.`price`, `t`.`stay_and_meals`, `t`.`subcat_id`, `t`.`tour_name`, `t`.`tour_type`, `t`.`weather`, `s`.`schedule_id`, `s`.`available_seats`, `s`.`start_date`, `s`.`status`, `s`.`total_seats`, `s`.`tour_id`, `p`.`pax_id`, `p`.`age`, `p`.`birth_date`, `p`.`booking_id`, `p`.`email`, `p`.`full_name`, `p`.`gender`, `p`.`passport_number`, `p`.`pax_type`
FROM `booking` AS `b`
LEFT JOIN `users` AS `u` ON `b`.`user_id` = `u`.`user_id`
LEFT JOIN `tour` AS `t` ON `b`.`tour_id` = `t`.`tour_id`
LEFT JOIN `schedule` AS `s` ON `b`.`schedule_id` = `s`.`schedule_id`
LEFT JOIN `passenger_details` AS `p` ON `b`.`booking_id` = `p`.`booking_id`
WHERE `b`.`user_id` = @__user_UserId_0
ORDER BY `b`.`booking_date` DESC, `b`.`booking_id` DESC, `u`.`user_id`, `t`.`tour_id`, `s`.`schedule_id`
2026-08-05 20:35:32.439 +05:30 [INF] Serilog.AspNetCore.RequestLoggingMiddleware GET /api/reviews/reviewable responded 200 in 14.4 ms
2026-08-05 20:35:32.446 +05:30 [INF] Microsoft.EntityFrameworkCore.Database.Command Executed DbCommand (1ms) [Parameters=[@__bookingId_0='?' (DbType = Int32)], CommandType='"Text"', CommandTimeout='30']
SELECT `p`.`payment_id`, `p`.`amount`, `p`.`booking_id`, `p`.`payment_date`, `p`.`payment_method`, `p`.`payment_status`
FROM `payment` AS `p`
WHERE `p`.`booking_id` = @__bookingId_0
ORDER BY `p`.`payment_id` DESC
LIMIT 1
2026-08-05 20:35:32.449 +05:30 [INF] Microsoft.EntityFrameworkCore.Database.Command Executed DbCommand (1ms) [Parameters=[@__tid_0='?' (DbType = Int32)], CommandType='"Text"', CommandTimeout='30']
SELECT `c`.`cost_id`, `c`.`adult_price`, `c`.`child_with_bed_price`, `c`.`child_without_bed_price`, `c`.`extra_person_price`, `c`.`is_active`, `c`.`single_person_price`, `c`.`tour_id`, `c`.`valid_from`, `c`.`valid_to`
FROM `cost` AS `c`
WHERE (`c`.`tour_id` = @__tid_0) AND `c`.`is_active`
2026-08-05 20:35:32.453 +05:30 [INF] Microsoft.EntityFrameworkCore.Database.Command Executed DbCommand (0ms) [Parameters=[@__bookingId_0='?' (DbType = Int32)], CommandType='"Text"', CommandTimeout='30']
SELECT `p`.`payment_id`, `p`.`amount`, `p`.`booking_id`, `p`.`payment_date`, `p`.`payment_method`, `p`.`payment_status`
FROM `payment` AS `p`
WHERE `p`.`booking_id` = @__bookingId_0
ORDER BY `p`.`payment_id` DESC
LIMIT 1
2026-08-05 20:35:32.455 +05:30 [INF] Microsoft.EntityFrameworkCore.Database.Command Executed DbCommand (0ms) [Parameters=[@__tid_0='?' (DbType = Int32)], CommandType='"Text"', CommandTimeout='30']
SELECT `c`.`cost_id`, `c`.`adult_price`, `c`.`child_with_bed_price`, `c`.`child_without_bed_price`, `c`.`extra_person_price`, `c`.`is_active`, `c`.`single_person_price`, `c`.`tour_id`, `c`.`valid_from`, `c`.`valid_to`
FROM `cost` AS `c`
WHERE (`c`.`tour_id` = @__tid_0) AND `c`.`is_active`
2026-08-05 20:35:32.459 +05:30 [INF] Microsoft.EntityFrameworkCore.Database.Command Executed DbCommand (1ms) [Parameters=[@__bookingId_0='?' (DbType = Int32)], CommandType='"Text"', CommandTimeout='30']
SELECT `p`.`payment_id`, `p`.`amount`, `p`.`booking_id`, `p`.`payment_date`, `p`.`payment_method`, `p`.`payment_status`
FROM `payment` AS `p`
WHERE `p`.`booking_id` = @__bookingId_0
ORDER BY `p`.`payment_id` DESC
LIMIT 1
2026-08-05 20:35:32.461 +05:30 [INF] Microsoft.EntityFrameworkCore.Database.Command Executed DbCommand (0ms) [Parameters=[@__tid_0='?' (DbType = Int32)], CommandType='"Text"', CommandTimeout='30']
SELECT `c`.`cost_id`, `c`.`adult_price`, `c`.`child_with_bed_price`, `c`.`child_without_bed_price`, `c`.`extra_person_price`, `c`.`is_active`, `c`.`single_person_price`, `c`.`tour_id`, `c`.`valid_from`, `c`.`valid_to`
FROM `cost` AS `c`
WHERE (`c`.`tour_id` = @__tid_0) AND `c`.`is_active`
2026-08-05 20:35:32.464 +05:30 [INF] Microsoft.EntityFrameworkCore.Database.Command Executed DbCommand (0ms) [Parameters=[@__bookingId_0='?' (DbType = Int32)], CommandType='"Text"', CommandTimeout='30']
SELECT `p`.`payment_id`, `p`.`amount`, `p`.`booking_id`, `p`.`payment_date`, `p`.`payment_method`, `p`.`payment_status`
FROM `payment` AS `p`
WHERE `p`.`booking_id` = @__bookingId_0
ORDER BY `p`.`payment_id` DESC
LIMIT 1
2026-08-05 20:35:32.467 +05:30 [INF] Microsoft.EntityFrameworkCore.Database.Command Executed DbCommand (0ms) [Parameters=[@__tid_0='?' (DbType = Int32)], CommandType='"Text"', CommandTimeout='30']
SELECT `c`.`cost_id`, `c`.`adult_price`, `c`.`child_with_bed_price`, `c`.`child_without_bed_price`, `c`.`extra_person_price`, `c`.`is_active`, `c`.`single_person_price`, `c`.`tour_id`, `c`.`valid_from`, `c`.`valid_to`
FROM `cost` AS `c`
WHERE (`c`.`tour_id` = @__tid_0) AND `c`.`is_active`
2026-08-05 20:35:32.468 +05:30 [INF] Microsoft.EntityFrameworkCore.Database.Command Executed DbCommand (0ms) [Parameters=[@__bookingId_0='?' (DbType = Int32)], CommandType='"Text"', CommandTimeout='30']
SELECT `p`.`payment_id`, `p`.`amount`, `p`.`booking_id`, `p`.`payment_date`, `p`.`payment_method`, `p`.`payment_status`
FROM `payment` AS `p`
WHERE `p`.`booking_id` = @__bookingId_0
ORDER BY `p`.`payment_id` DESC
LIMIT 1
2026-08-05 20:35:32.471 +05:30 [INF] Microsoft.EntityFrameworkCore.Database.Command Executed DbCommand (0ms) [Parameters=[@__tid_0='?' (DbType = Int32)], CommandType='"Text"', CommandTimeout='30']
SELECT `c`.`cost_id`, `c`.`adult_price`, `c`.`child_with_bed_price`, `c`.`child_without_bed_price`, `c`.`extra_person_price`, `c`.`is_active`, `c`.`single_person_price`, `c`.`tour_id`, `c`.`valid_from`, `c`.`valid_to`
FROM `cost` AS `c`
WHERE (`c`.`tour_id` = @__tid_0) AND `c`.`is_active`
2026-08-05 20:35:32.473 +05:30 [INF] Serilog.AspNetCore.RequestLoggingMiddleware GET /api/bookings/my responded 200 in 47.9 ms
2026-08-05 20:35:36.606 +05:30 [INF] Microsoft.EntityFrameworkCore.Database.Command Executed DbCommand (1ms) [Parameters=[@__tourId_0='?' (DbType = Int32)], CommandType='"Text"', CommandTimeout='30']
SELECT `t`.`tour_id`, `t`.`add_ons`, `t`.`category_id`, `t`.`days`, `t`.`description`, `t`.`destination`, `t`.`do_and_dont`, `t`.`location`, `t`.`nights`, `t`.`passport_and_visa`, `t`.`price`, `t`.`stay_and_meals`, `t`.`subcat_id`, `t`.`tour_name`, `t`.`tour_type`, `t`.`weather`, `c`.`category_id`, `c`.`cat_code`, `c`.`cat_image_path`, `c`.`category_name`, `c`.`description`, `c`.`flag`, `c`.`parent_id`, `c`.`status`, `c`.`suitable_for`, `s`.`subcat_id`, `s`.`cat_id`, `s`.`flag`, `s`.`isactive`, `s`.`subcat_image_path`, `s`.`subcat_name`
FROM `tour` AS `t`
LEFT JOIN `category` AS `c` ON `t`.`category_id` = `c`.`category_id`
LEFT JOIN `sub_category_master` AS `s` ON `t`.`subcat_id` = `s`.`subcat_id`
WHERE `t`.`tour_id` = @__tourId_0
LIMIT 1
2026-08-05 20:35:36.621 +05:30 [INF] Microsoft.EntityFrameworkCore.Database.Command Executed DbCommand (3ms) [Parameters=[@__tourId_0='?' (DbType = Int32)], CommandType='"Text"', CommandTimeout='30']
SELECT `i`.`itinerary_id` AS `ItineraryId`, `i`.`day_number` AS `DayNumber`, `i`.`description` AS `Description`, `i`.`location` AS `Location`
FROM `itinerary` AS `i`
WHERE `i`.`tour_id` = @__tourId_0
ORDER BY `i`.`day_number`
2026-08-05 20:35:36.630 +05:30 [INF] Microsoft.EntityFrameworkCore.Database.Command Executed DbCommand (1ms) [Parameters=[@__tourId_0='?' (DbType = Int32), @__today_1='?' (DbType = Date)], CommandType='"Text"', CommandTimeout='30']
SELECT `s`.`schedule_id` AS `ScheduleId`, `s`.`start_date` AS `StartDate`, `s`.`available_seats` AS `AvailableSeats`, `s`.`total_seats` AS `TotalSeats`, `s`.`status` AS `Status`
FROM `schedule` AS `s`
WHERE ((`s`.`tour_id` = @__tourId_0) AND `s`.`start_date` IS NOT NULL) AND (`s`.`start_date` >= @__today_1)
ORDER BY `s`.`start_date`
2026-08-05 20:35:36.638 +05:30 [INF] Microsoft.EntityFrameworkCore.Database.Command Executed DbCommand (1ms) [Parameters=[@__tourId_0='?' (DbType = Int32)], CommandType='"Text"', CommandTimeout='30']
SELECT `c`.`cost_id` AS `CostId`, `c`.`adult_price` AS `AdultPrice`, `c`.`single_person_price` AS `SinglePersonPrice`, `c`.`extra_person_price` AS `ExtraPersonPrice`, `c`.`child_with_bed_price` AS `ChildWithBedPrice`, `c`.`child_without_bed_price` AS `ChildWithoutBedPrice`, `c`.`valid_from` AS `ValidFrom`, `c`.`valid_to` AS `ValidTo`, `c`.`is_active` AS `IsActive`
FROM `cost` AS `c`
WHERE `c`.`tour_id` = @__tourId_0
2026-08-05 20:35:36.644 +05:30 [INF] Microsoft.EntityFrameworkCore.Database.Command Executed DbCommand (0ms) [Parameters=[@__tourId_0='?' (DbType = Int32)], CommandType='"Text"', CommandTimeout='30']
SELECT `t`.`image_id` AS `ImageId`, `t`.`source` AS `Source`, `t`.`image_title` AS `ImageTitle`, `t`.`is_primary` AS `IsPrimary`, `t`.`upload_date` AS `UploadDate`
FROM `tour_images` AS `t`
WHERE `t`.`tour_id` = @__tourId_0
2026-08-05 20:35:36.656 +05:30 [INF] Microsoft.EntityFrameworkCore.Database.Command Executed DbCommand (0ms) [Parameters=[@__tourId_0='?' (DbType = Int32)], CommandType='"Text"', CommandTimeout='30']
SELECT CAST(`r`.`rating` AS double)
FROM `review` AS `r`
WHERE (`r`.`tour_id` = @__tourId_0) AND `r`.`rating` IS NOT NULL
2026-08-05 20:35:36.681 +05:30 [INF] Serilog.AspNetCore.RequestLoggingMiddleware GET /api/tours/4 responded 200 in 103.9 ms
2026-08-05 20:35:36.694 +05:30 [INF] Microsoft.EntityFrameworkCore.Database.Command Executed DbCommand (1ms) [Parameters=[@__tourId_0='?' (DbType = Int32)], CommandType='"Text"', CommandTimeout='30']
SELECT `t`.`tour_id`, `t`.`add_ons`, `t`.`category_id`, `t`.`days`, `t`.`description`, `t`.`destination`, `t`.`do_and_dont`, `t`.`location`, `t`.`nights`, `t`.`passport_and_visa`, `t`.`price`, `t`.`stay_and_meals`, `t`.`subcat_id`, `t`.`tour_name`, `t`.`tour_type`, `t`.`weather`, `c`.`category_id`, `c`.`cat_code`, `c`.`cat_image_path`, `c`.`category_name`, `c`.`description`, `c`.`flag`, `c`.`parent_id`, `c`.`status`, `c`.`suitable_for`, `s`.`subcat_id`, `s`.`cat_id`, `s`.`flag`, `s`.`isactive`, `s`.`subcat_image_path`, `s`.`subcat_name`
FROM `tour` AS `t`
LEFT JOIN `category` AS `c` ON `t`.`category_id` = `c`.`category_id`
LEFT JOIN `sub_category_master` AS `s` ON `t`.`subcat_id` = `s`.`subcat_id`
WHERE `t`.`tour_id` = @__tourId_0
LIMIT 1
2026-08-05 20:35:36.699 +05:30 [INF] Microsoft.EntityFrameworkCore.Database.Command Executed DbCommand (1ms) [Parameters=[@__tourId_0='?' (DbType = Int32)], CommandType='"Text"', CommandTimeout='30']
SELECT `i`.`itinerary_id` AS `ItineraryId`, `i`.`day_number` AS `DayNumber`, `i`.`description` AS `Description`, `i`.`location` AS `Location`
FROM `itinerary` AS `i`
WHERE `i`.`tour_id` = @__tourId_0
ORDER BY `i`.`day_number`
2026-08-05 20:35:36.704 +05:30 [INF] Microsoft.EntityFrameworkCore.Database.Command Executed DbCommand (1ms) [Parameters=[@__tourId_0='?' (DbType = Int32), @__today_1='?' (DbType = Date)], CommandType='"Text"', CommandTimeout='30']
SELECT `s`.`schedule_id` AS `ScheduleId`, `s`.`start_date` AS `StartDate`, `s`.`available_seats` AS `AvailableSeats`, `s`.`total_seats` AS `TotalSeats`, `s`.`status` AS `Status`
FROM `schedule` AS `s`
WHERE ((`s`.`tour_id` = @__tourId_0) AND `s`.`start_date` IS NOT NULL) AND (`s`.`start_date` >= @__today_1)
ORDER BY `s`.`start_date`
2026-08-05 20:35:36.705 +05:30 [INF] Microsoft.EntityFrameworkCore.Database.Command Executed DbCommand (1ms) [Parameters=[], CommandType='"Text"', CommandTimeout='30']
SELECT `c`.`category_id`, `c`.`cat_code`, `c`.`cat_image_path`, `c`.`category_name`, `c`.`description`, `c`.`flag`, `c`.`parent_id`, `c`.`status`, `c`.`suitable_for`
FROM `category` AS `c`
2026-08-05 20:35:36.707 +05:30 [INF] Microsoft.EntityFrameworkCore.Database.Command Executed DbCommand (0ms) [Parameters=[@__tourId_0='?' (DbType = Int32)], CommandType='"Text"', CommandTimeout='30']
SELECT `c`.`cost_id` AS `CostId`, `c`.`adult_price` AS `AdultPrice`, `c`.`single_person_price` AS `SinglePersonPrice`, `c`.`extra_person_price` AS `ExtraPersonPrice`, `c`.`child_with_bed_price` AS `ChildWithBedPrice`, `c`.`child_without_bed_price` AS `ChildWithoutBedPrice`, `c`.`valid_from` AS `ValidFrom`, `c`.`valid_to` AS `ValidTo`, `c`.`is_active` AS `IsActive`
FROM `cost` AS `c`
WHERE `c`.`tour_id` = @__tourId_0
2026-08-05 20:35:36.710 +05:30 [INF] Serilog.AspNetCore.RequestLoggingMiddleware GET /api/categories/22/breadcrumb responded 200 in 19.7 ms
2026-08-05 20:35:36.711 +05:30 [INF] Microsoft.EntityFrameworkCore.Database.Command Executed DbCommand (1ms) [Parameters=[@__tourId_0='?' (DbType = Int32)], CommandType='"Text"', CommandTimeout='30']
SELECT `t`.`image_id` AS `ImageId`, `t`.`source` AS `Source`, `t`.`image_title` AS `ImageTitle`, `t`.`is_primary` AS `IsPrimary`, `t`.`upload_date` AS `UploadDate`
FROM `tour_images` AS `t`
WHERE `t`.`tour_id` = @__tourId_0
2026-08-05 20:35:36.716 +05:30 [INF] Microsoft.EntityFrameworkCore.Database.Command Executed DbCommand (1ms) [Parameters=[@__tourId_0='?' (DbType = Int32)], CommandType='"Text"', CommandTimeout='30']
SELECT CAST(`r`.`rating` AS double)
FROM `review` AS `r`
WHERE (`r`.`tour_id` = @__tourId_0) AND `r`.`rating` IS NOT NULL
2026-08-05 20:35:36.719 +05:30 [INF] Serilog.AspNetCore.RequestLoggingMiddleware GET /api/tours/4 responded 200 in 31.4 ms
2026-08-05 20:35:36.720 +05:30 [INF] Microsoft.EntityFrameworkCore.Database.Command Executed DbCommand (1ms) [Parameters=[@__tourId_0='?' (DbType = Int32)], CommandType='"Text"', CommandTimeout='30']
SELECT `r`.`review_id`, `r`.`booking_id`, `r`.`customer_id`, `r`.`rating`, `r`.`review_date`, `r`.`review_description`, `r`.`review_title`, `r`.`tour_id`, `r`.`verification_status`, `u`.`user_id`, `u`.`address`, `u`.`auth_provider`, `u`.`city`, `u`.`created_at`, `u`.`email`, `u`.`first_name`, `u`.`gender`, `u`.`isactive`, `u`.`last_name`, `u`.`password_hash`, `u`.`phone_number`, `u`.`provider_id`, `u`.`role_id`, `u`.`username`, `t`.`tour_id`, `t`.`add_ons`, `t`.`category_id`, `t`.`days`, `t`.`description`, `t`.`destination`, `t`.`do_and_dont`, `t`.`location`, `t`.`nights`, `t`.`passport_and_visa`, `t`.`price`, `t`.`stay_and_meals`, `t`.`subcat_id`, `t`.`tour_name`, `t`.`tour_type`, `t`.`weather`
FROM `review` AS `r`
LEFT JOIN `users` AS `u` ON `r`.`customer_id` = `u`.`user_id`
LEFT JOIN `tour` AS `t` ON `r`.`tour_id` = `t`.`tour_id`
WHERE `r`.`tour_id` = @__tourId_0
ORDER BY `r`.`review_date` DESC
2026-08-05 20:35:36.733 +05:30 [INF] Microsoft.EntityFrameworkCore.Database.Command Executed DbCommand (0ms) [Parameters=[], CommandType='"Text"', CommandTimeout='30']
SELECT `c`.`category_id`, `c`.`cat_code`, `c`.`cat_image_path`, `c`.`category_name`, `c`.`description`, `c`.`flag`, `c`.`parent_id`, `c`.`status`, `c`.`suitable_for`
FROM `category` AS `c`
2026-08-05 20:35:36.736 +05:30 [INF] Serilog.AspNetCore.RequestLoggingMiddleware GET /api/categories/22/breadcrumb responded 200 in 8.8 ms
2026-08-05 20:35:36.737 +05:30 [INF] Serilog.AspNetCore.RequestLoggingMiddleware GET /api/reviews/tour/4 responded 200 in 46.6 ms
2026-08-05 20:35:36.749 +05:30 [INF] Microsoft.EntityFrameworkCore.Database.Command Executed DbCommand (1ms) [Parameters=[@__tourId_0='?' (DbType = Int32)], CommandType='"Text"', CommandTimeout='30']
SELECT `r`.`review_id`, `r`.`booking_id`, `r`.`customer_id`, `r`.`rating`, `r`.`review_date`, `r`.`review_description`, `r`.`review_title`, `r`.`tour_id`, `r`.`verification_status`, `u`.`user_id`, `u`.`address`, `u`.`auth_provider`, `u`.`city`, `u`.`created_at`, `u`.`email`, `u`.`first_name`, `u`.`gender`, `u`.`isactive`, `u`.`last_name`, `u`.`password_hash`, `u`.`phone_number`, `u`.`provider_id`, `u`.`role_id`, `u`.`username`, `t`.`tour_id`, `t`.`add_ons`, `t`.`category_id`, `t`.`days`, `t`.`description`, `t`.`destination`, `t`.`do_and_dont`, `t`.`location`, `t`.`nights`, `t`.`passport_and_visa`, `t`.`price`, `t`.`stay_and_meals`, `t`.`subcat_id`, `t`.`tour_name`, `t`.`tour_type`, `t`.`weather`
FROM `review` AS `r`
LEFT JOIN `users` AS `u` ON `r`.`customer_id` = `u`.`user_id`
LEFT JOIN `tour` AS `t` ON `r`.`tour_id` = `t`.`tour_id`
WHERE `r`.`tour_id` = @__tourId_0
ORDER BY `r`.`review_date` DESC
2026-08-05 20:35:36.752 +05:30 [INF] Serilog.AspNetCore.RequestLoggingMiddleware GET /api/reviews/tour/4 responded 200 in 8.2 ms
2026-08-05 20:35:45.964 +05:30 [INF] Microsoft.EntityFrameworkCore.Database.Command Executed DbCommand (1ms) [Parameters=[], CommandType='"Text"', CommandTimeout='30']
SELECT `t`.`tour_id`, `t`.`add_ons`, `t`.`category_id`, `t`.`days`, `t`.`description`, `t`.`destination`, `t`.`do_and_dont`, `t`.`location`, `t`.`nights`, `t`.`passport_and_visa`, `t`.`price`, `t`.`stay_and_meals`, `t`.`subcat_id`, `t`.`tour_name`, `t`.`tour_type`, `t`.`weather`
FROM `tour` AS `t`
ORDER BY `t`.`tour_id`
2026-08-05 20:35:45.964 +05:30 [INF] Microsoft.EntityFrameworkCore.Database.Command Executed DbCommand (1ms) [Parameters=[], CommandType='"Text"', CommandTimeout='30']
SELECT `c`.`category_id`, `c`.`cat_code`, `c`.`cat_image_path`, `c`.`category_name`, `c`.`description`, `c`.`flag`, `c`.`parent_id`, `c`.`status`, `c`.`suitable_for`
FROM `category` AS `c`
WHERE `c`.`parent_id` IS NULL
ORDER BY `c`.`category_id`
2026-08-05 20:35:45.964 +05:30 [INF] Microsoft.EntityFrameworkCore.Database.Command Executed DbCommand (0ms) [Parameters=[], CommandType='"Text"', CommandTimeout='30']
SELECT `f`.`feedback_id`, `f`.`category`, `f`.`created_at`, `f`.`email`, `f`.`message`, `f`.`name`, `f`.`page_url`, `f`.`published`, `f`.`rating`, `f`.`status`, `f`.`user_id`
FROM `feedback` AS `f`
WHERE `f`.`published`
ORDER BY `f`.`feedback_id` DESC
2026-08-05 20:35:45.969 +05:30 [INF] Microsoft.EntityFrameworkCore.Database.Command Executed DbCommand (1ms) [Parameters=[], CommandType='"Text"', CommandTimeout='30']
SELECT `c`.`tour_id` AS `TourId`, MIN(`c`.`adult_price`) AS `Min`
FROM `cost` AS `c`
WHERE `c`.`tour_id` IS NOT NULL AND (`c`.`adult_price` IS NOT NULL)
GROUP BY `c`.`tour_id`
2026-08-05 20:35:45.969 +05:30 [INF] Microsoft.EntityFrameworkCore.Database.Command Executed DbCommand (0ms) [Parameters=[], CommandType='"Text"', CommandTimeout='30']
SELECT `c`.`category_id`, `c`.`cat_code`, `c`.`cat_image_path`, `c`.`category_name`, `c`.`description`, `c`.`flag`, `c`.`parent_id`, `c`.`status`, `c`.`suitable_for`
FROM `category` AS `c`
2026-08-05 20:35:45.971 +05:30 [INF] Serilog.AspNetCore.RequestLoggingMiddleware GET /api/feedback/published responded 200 in 13.4 ms
2026-08-05 20:35:45.974 +05:30 [INF] Microsoft.EntityFrameworkCore.Database.Command Executed DbCommand (1ms) [Parameters=[], CommandType='"Text"', CommandTimeout='30']
SELECT `r`.`tour_id` AS `TourId`, AVG(CAST(`r`.`rating` AS double)) AS `Avg`, CAST(COUNT(*) AS signed) AS `Count`
FROM `review` AS `r`
WHERE `r`.`tour_id` IS NOT NULL AND (`r`.`rating` IS NOT NULL)
GROUP BY `r`.`tour_id`
2026-08-05 20:35:45.975 +05:30 [INF] Microsoft.EntityFrameworkCore.Database.Command Executed DbCommand (1ms) [Parameters=[], CommandType='"Text"', CommandTimeout='30']
SELECT `t`.`tour_id` AS `TourId`, `t`.`category_id` AS `CategoryId`
FROM `tour` AS `t`
2026-08-05 20:35:45.981 +05:30 [INF] Microsoft.EntityFrameworkCore.Database.Command Executed DbCommand (1ms) [Parameters=[], CommandType='"Text"', CommandTimeout='30']
SELECT `t`.`tour_id` AS `TourId`, (
    SELECT `t0`.`source`
    FROM `tour_images` AS `t0`
    WHERE (`t0`.`is_primary` AND (`t0`.`tour_id` IS NOT NULL)) AND (`t`.`tour_id` = `t0`.`tour_id`)
    LIMIT 1) AS `Source`
FROM `tour_images` AS `t`
WHERE `t`.`is_primary` AND (`t`.`tour_id` IS NOT NULL)
GROUP BY `t`.`tour_id`
2026-08-05 20:35:45.981 +05:30 [INF] Microsoft.EntityFrameworkCore.Database.Command Executed DbCommand (0ms) [Parameters=[], CommandType='"Text"', CommandTimeout='30']
SELECT `f`.`feedback_id`, `f`.`category`, `f`.`created_at`, `f`.`email`, `f`.`message`, `f`.`name`, `f`.`page_url`, `f`.`published`, `f`.`rating`, `f`.`status`, `f`.`user_id`
FROM `feedback` AS `f`
WHERE `f`.`published`
ORDER BY `f`.`feedback_id` DESC
2026-08-05 20:35:45.982 +05:30 [INF] Serilog.AspNetCore.RequestLoggingMiddleware GET /api/categories/roots responded 200 in 25.1 ms
2026-08-05 20:35:45.989 +05:30 [INF] Serilog.AspNetCore.RequestLoggingMiddleware GET /api/feedback/published responded 200 in 13.7 ms
2026-08-05 20:35:45.988 +05:30 [INF] Serilog.AspNetCore.RequestLoggingMiddleware GET /api/tours responded 200 in 30.6 ms
2026-08-05 20:35:46.048 +05:30 [INF] Microsoft.EntityFrameworkCore.Database.Command Executed DbCommand (0ms) [Parameters=[], CommandType='"Text"', CommandTimeout='30']
SELECT `c`.`category_id`, `c`.`cat_code`, `c`.`cat_image_path`, `c`.`category_name`, `c`.`description`, `c`.`flag`, `c`.`parent_id`, `c`.`status`, `c`.`suitable_for`
FROM `category` AS `c`
WHERE `c`.`parent_id` IS NULL
ORDER BY `c`.`category_id`
2026-08-05 20:35:46.049 +05:30 [INF] Microsoft.EntityFrameworkCore.Database.Command Executed DbCommand (0ms) [Parameters=[], CommandType='"Text"', CommandTimeout='30']
SELECT `t`.`tour_id`, `t`.`add_ons`, `t`.`category_id`, `t`.`days`, `t`.`description`, `t`.`destination`, `t`.`do_and_dont`, `t`.`location`, `t`.`nights`, `t`.`passport_and_visa`, `t`.`price`, `t`.`stay_and_meals`, `t`.`subcat_id`, `t`.`tour_name`, `t`.`tour_type`, `t`.`weather`
FROM `tour` AS `t`
ORDER BY `t`.`tour_id`
2026-08-05 20:35:46.051 +05:30 [INF] Microsoft.EntityFrameworkCore.Database.Command Executed DbCommand (0ms) [Parameters=[], CommandType='"Text"', CommandTimeout='30']
SELECT `c`.`category_id`, `c`.`cat_code`, `c`.`cat_image_path`, `c`.`category_name`, `c`.`description`, `c`.`flag`, `c`.`parent_id`, `c`.`status`, `c`.`suitable_for`
FROM `category` AS `c`
2026-08-05 20:35:46.054 +05:30 [INF] Microsoft.EntityFrameworkCore.Database.Command Executed DbCommand (1ms) [Parameters=[], CommandType='"Text"', CommandTimeout='30']
SELECT `c`.`tour_id` AS `TourId`, MIN(`c`.`adult_price`) AS `Min`
FROM `cost` AS `c`
WHERE `c`.`tour_id` IS NOT NULL AND (`c`.`adult_price` IS NOT NULL)
GROUP BY `c`.`tour_id`
2026-08-05 20:35:46.055 +05:30 [INF] Microsoft.EntityFrameworkCore.Database.Command Executed DbCommand (0ms) [Parameters=[], CommandType='"Text"', CommandTimeout='30']
SELECT `t`.`tour_id` AS `TourId`, `t`.`category_id` AS `CategoryId`
FROM `tour` AS `t`
2026-08-05 20:35:46.057 +05:30 [INF] Microsoft.EntityFrameworkCore.Database.Command Executed DbCommand (1ms) [Parameters=[], CommandType='"Text"', CommandTimeout='30']
SELECT `r`.`tour_id` AS `TourId`, AVG(CAST(`r`.`rating` AS double)) AS `Avg`, CAST(COUNT(*) AS signed) AS `Count`
FROM `review` AS `r`
WHERE `r`.`tour_id` IS NOT NULL AND (`r`.`rating` IS NOT NULL)
GROUP BY `r`.`tour_id`
2026-08-05 20:35:46.058 +05:30 [INF] Serilog.AspNetCore.RequestLoggingMiddleware GET /api/categories/roots responded 200 in 67.3 ms
2026-08-05 20:35:46.061 +05:30 [INF] Microsoft.EntityFrameworkCore.Database.Command Executed DbCommand (1ms) [Parameters=[], CommandType='"Text"', CommandTimeout='30']
SELECT `t`.`tour_id` AS `TourId`, (
    SELECT `t0`.`source`
    FROM `tour_images` AS `t0`
    WHERE (`t0`.`is_primary` AND (`t0`.`tour_id` IS NOT NULL)) AND (`t`.`tour_id` = `t0`.`tour_id`)
    LIMIT 1) AS `Source`
FROM `tour_images` AS `t`
WHERE `t`.`is_primary` AND (`t`.`tour_id` IS NOT NULL)
GROUP BY `t`.`tour_id`
2026-08-05 20:35:46.063 +05:30 [INF] Serilog.AspNetCore.RequestLoggingMiddleware GET /api/tours responded 200 in 69.2 ms
2026-08-05 20:36:38.624 +05:30 [INF] Microsoft.EntityFrameworkCore.Database.Command Executed DbCommand (1ms) [Parameters=[], CommandType='"Text"', CommandTimeout='30']
SELECT `f`.`feedback_id`, `f`.`category`, `f`.`created_at`, `f`.`email`, `f`.`message`, `f`.`name`, `f`.`page_url`, `f`.`published`, `f`.`rating`, `f`.`status`, `f`.`user_id`
FROM `feedback` AS `f`
WHERE `f`.`published`
ORDER BY `f`.`feedback_id` DESC
2026-08-05 20:36:38.624 +05:30 [INF] Microsoft.EntityFrameworkCore.Database.Command Executed DbCommand (0ms) [Parameters=[], CommandType='"Text"', CommandTimeout='30']
SELECT `c`.`category_id`, `c`.`cat_code`, `c`.`cat_image_path`, `c`.`category_name`, `c`.`description`, `c`.`flag`, `c`.`parent_id`, `c`.`status`, `c`.`suitable_for`
FROM `category` AS `c`
WHERE `c`.`parent_id` IS NULL
ORDER BY `c`.`category_id`
2026-08-05 20:36:38.624 +05:30 [INF] Microsoft.EntityFrameworkCore.Database.Command Executed DbCommand (1ms) [Parameters=[], CommandType='"Text"', CommandTimeout='30']
SELECT `t`.`tour_id`, `t`.`add_ons`, `t`.`category_id`, `t`.`days`, `t`.`description`, `t`.`destination`, `t`.`do_and_dont`, `t`.`location`, `t`.`nights`, `t`.`passport_and_visa`, `t`.`price`, `t`.`stay_and_meals`, `t`.`subcat_id`, `t`.`tour_name`, `t`.`tour_type`, `t`.`weather`
FROM `tour` AS `t`
ORDER BY `t`.`tour_id`
2026-08-05 20:36:38.627 +05:30 [INF] Serilog.AspNetCore.RequestLoggingMiddleware GET /api/feedback/published responded 200 in 12.4 ms
2026-08-05 20:36:38.630 +05:30 [INF] Microsoft.EntityFrameworkCore.Database.Command Executed DbCommand (1ms) [Parameters=[], CommandType='"Text"', CommandTimeout='30']
SELECT `c`.`category_id`, `c`.`cat_code`, `c`.`cat_image_path`, `c`.`category_name`, `c`.`description`, `c`.`flag`, `c`.`parent_id`, `c`.`status`, `c`.`suitable_for`
FROM `category` AS `c`
2026-08-05 20:36:38.633 +05:30 [INF] Microsoft.EntityFrameworkCore.Database.Command Executed DbCommand (1ms) [Parameters=[], CommandType='"Text"', CommandTimeout='30']
SELECT `c`.`tour_id` AS `TourId`, MIN(`c`.`adult_price`) AS `Min`
FROM `cost` AS `c`
WHERE `c`.`tour_id` IS NOT NULL AND (`c`.`adult_price` IS NOT NULL)
GROUP BY `c`.`tour_id`
2026-08-05 20:36:38.638 +05:30 [INF] Microsoft.EntityFrameworkCore.Database.Command Executed DbCommand (1ms) [Parameters=[], CommandType='"Text"', CommandTimeout='30']
SELECT `t`.`tour_id` AS `TourId`, `t`.`category_id` AS `CategoryId`
FROM `tour` AS `t`
2026-08-05 20:36:38.639 +05:30 [INF] Microsoft.EntityFrameworkCore.Database.Command Executed DbCommand (1ms) [Parameters=[], CommandType='"Text"', CommandTimeout='30']
SELECT `f`.`feedback_id`, `f`.`category`, `f`.`created_at`, `f`.`email`, `f`.`message`, `f`.`name`, `f`.`page_url`, `f`.`published`, `f`.`rating`, `f`.`status`, `f`.`user_id`
FROM `feedback` AS `f`
WHERE `f`.`published`
ORDER BY `f`.`feedback_id` DESC
2026-08-05 20:36:38.641 +05:30 [INF] Microsoft.EntityFrameworkCore.Database.Command Executed DbCommand (1ms) [Parameters=[], CommandType='"Text"', CommandTimeout='30']
SELECT `r`.`tour_id` AS `TourId`, AVG(CAST(`r`.`rating` AS double)) AS `Avg`, CAST(COUNT(*) AS signed) AS `Count`
FROM `review` AS `r`
WHERE `r`.`tour_id` IS NOT NULL AND (`r`.`rating` IS NOT NULL)
GROUP BY `r`.`tour_id`
2026-08-05 20:36:38.642 +05:30 [INF] Serilog.AspNetCore.RequestLoggingMiddleware GET /api/categories/roots responded 200 in 22.3 ms
2026-08-05 20:36:38.643 +05:30 [INF] Serilog.AspNetCore.RequestLoggingMiddleware GET /api/feedback/published responded 200 in 11.0 ms
2026-08-05 20:36:38.647 +05:30 [INF] Microsoft.EntityFrameworkCore.Database.Command Executed DbCommand (1ms) [Parameters=[], CommandType='"Text"', CommandTimeout='30']
SELECT `t`.`tour_id` AS `TourId`, (
    SELECT `t0`.`source`
    FROM `tour_images` AS `t0`
    WHERE (`t0`.`is_primary` AND (`t0`.`tour_id` IS NOT NULL)) AND (`t`.`tour_id` = `t0`.`tour_id`)
    LIMIT 1) AS `Source`
FROM `tour_images` AS `t`
WHERE `t`.`is_primary` AND (`t`.`tour_id` IS NOT NULL)
GROUP BY `t`.`tour_id`
2026-08-05 20:36:38.650 +05:30 [INF] Microsoft.EntityFrameworkCore.Database.Command Executed DbCommand (0ms) [Parameters=[], CommandType='"Text"', CommandTimeout='30']
SELECT `c`.`category_id`, `c`.`cat_code`, `c`.`cat_image_path`, `c`.`category_name`, `c`.`description`, `c`.`flag`, `c`.`parent_id`, `c`.`status`, `c`.`suitable_for`
FROM `category` AS `c`
WHERE `c`.`parent_id` IS NULL
ORDER BY `c`.`category_id`
2026-08-05 20:36:38.652 +05:30 [INF] Serilog.AspNetCore.RequestLoggingMiddleware GET /api/tours responded 200 in 31.6 ms
2026-08-05 20:36:38.653 +05:30 [INF] Microsoft.EntityFrameworkCore.Database.Command Executed DbCommand (1ms) [Parameters=[], CommandType='"Text"', CommandTimeout='30']
SELECT `c`.`category_id`, `c`.`cat_code`, `c`.`cat_image_path`, `c`.`category_name`, `c`.`description`, `c`.`flag`, `c`.`parent_id`, `c`.`status`, `c`.`suitable_for`
FROM `category` AS `c`
2026-08-05 20:36:38.659 +05:30 [INF] Microsoft.EntityFrameworkCore.Database.Command Executed DbCommand (0ms) [Parameters=[], CommandType='"Text"', CommandTimeout='30']
SELECT `t`.`tour_id` AS `TourId`, `t`.`category_id` AS `CategoryId`
FROM `tour` AS `t`
2026-08-05 20:36:38.661 +05:30 [INF] Microsoft.EntityFrameworkCore.Database.Command Executed DbCommand (1ms) [Parameters=[], CommandType='"Text"', CommandTimeout='30']
SELECT `t`.`tour_id`, `t`.`add_ons`, `t`.`category_id`, `t`.`days`, `t`.`description`, `t`.`destination`, `t`.`do_and_dont`, `t`.`location`, `t`.`nights`, `t`.`passport_and_visa`, `t`.`price`, `t`.`stay_and_meals`, `t`.`subcat_id`, `t`.`tour_name`, `t`.`tour_type`, `t`.`weather`
FROM `tour` AS `t`
ORDER BY `t`.`tour_id`
2026-08-05 20:36:38.662 +05:30 [INF] Serilog.AspNetCore.RequestLoggingMiddleware GET /api/categories/roots responded 200 in 16.1 ms
2026-08-05 20:36:38.666 +05:30 [INF] Microsoft.EntityFrameworkCore.Database.Command Executed DbCommand (1ms) [Parameters=[], CommandType='"Text"', CommandTimeout='30']
SELECT `c`.`tour_id` AS `TourId`, MIN(`c`.`adult_price`) AS `Min`
FROM `cost` AS `c`
WHERE `c`.`tour_id` IS NOT NULL AND (`c`.`adult_price` IS NOT NULL)
GROUP BY `c`.`tour_id`
2026-08-05 20:36:38.670 +05:30 [INF] Microsoft.EntityFrameworkCore.Database.Command Executed DbCommand (1ms) [Parameters=[], CommandType='"Text"', CommandTimeout='30']
SELECT `r`.`tour_id` AS `TourId`, AVG(CAST(`r`.`rating` AS double)) AS `Avg`, CAST(COUNT(*) AS signed) AS `Count`
FROM `review` AS `r`
WHERE `r`.`tour_id` IS NOT NULL AND (`r`.`rating` IS NOT NULL)
GROUP BY `r`.`tour_id`
2026-08-05 20:36:38.673 +05:30 [INF] Microsoft.EntityFrameworkCore.Database.Command Executed DbCommand (1ms) [Parameters=[], CommandType='"Text"', CommandTimeout='30']
SELECT `t`.`tour_id` AS `TourId`, (
    SELECT `t0`.`source`
    FROM `tour_images` AS `t0`
    WHERE (`t0`.`is_primary` AND (`t0`.`tour_id` IS NOT NULL)) AND (`t`.`tour_id` = `t0`.`tour_id`)
    LIMIT 1) AS `Source`
FROM `tour_images` AS `t`
WHERE `t`.`is_primary` AND (`t`.`tour_id` IS NOT NULL)
GROUP BY `t`.`tour_id`
2026-08-05 20:36:38.676 +05:30 [INF] Serilog.AspNetCore.RequestLoggingMiddleware GET /api/tours responded 200 in 19.8 ms
2026-08-05 20:36:40.146 +05:30 [INF] Microsoft.EntityFrameworkCore.Database.Command Executed DbCommand (0ms) [Parameters=[], CommandType='"Text"', CommandTimeout='30']
SELECT `f`.`feedback_id`, `f`.`category`, `f`.`created_at`, `f`.`email`, `f`.`message`, `f`.`name`, `f`.`page_url`, `f`.`published`, `f`.`rating`, `f`.`status`, `f`.`user_id`
FROM `feedback` AS `f`
WHERE `f`.`published`
ORDER BY `f`.`feedback_id` DESC
2026-08-05 20:36:40.146 +05:30 [INF] Microsoft.EntityFrameworkCore.Database.Command Executed DbCommand (0ms) [Parameters=[], CommandType='"Text"', CommandTimeout='30']
SELECT `t`.`tour_id`, `t`.`add_ons`, `t`.`category_id`, `t`.`days`, `t`.`description`, `t`.`destination`, `t`.`do_and_dont`, `t`.`location`, `t`.`nights`, `t`.`passport_and_visa`, `t`.`price`, `t`.`stay_and_meals`, `t`.`subcat_id`, `t`.`tour_name`, `t`.`tour_type`, `t`.`weather`
FROM `tour` AS `t`
ORDER BY `t`.`tour_id`
2026-08-05 20:36:40.146 +05:30 [INF] Microsoft.EntityFrameworkCore.Database.Command Executed DbCommand (0ms) [Parameters=[], CommandType='"Text"', CommandTimeout='30']
SELECT `c`.`category_id`, `c`.`cat_code`, `c`.`cat_image_path`, `c`.`category_name`, `c`.`description`, `c`.`flag`, `c`.`parent_id`, `c`.`status`, `c`.`suitable_for`
FROM `category` AS `c`
WHERE `c`.`parent_id` IS NULL
ORDER BY `c`.`category_id`
2026-08-05 20:36:40.148 +05:30 [INF] Serilog.AspNetCore.RequestLoggingMiddleware GET /api/feedback/published responded 200 in 7.0 ms
2026-08-05 20:36:40.152 +05:30 [INF] Microsoft.EntityFrameworkCore.Database.Command Executed DbCommand (1ms) [Parameters=[], CommandType='"Text"', CommandTimeout='30']
SELECT `c`.`tour_id` AS `TourId`, MIN(`c`.`adult_price`) AS `Min`
FROM `cost` AS `c`
WHERE `c`.`tour_id` IS NOT NULL AND (`c`.`adult_price` IS NOT NULL)
GROUP BY `c`.`tour_id`
2026-08-05 20:36:40.153 +05:30 [INF] Microsoft.EntityFrameworkCore.Database.Command Executed DbCommand (0ms) [Parameters=[], CommandType='"Text"', CommandTimeout='30']
SELECT `c`.`category_id`, `c`.`cat_code`, `c`.`cat_image_path`, `c`.`category_name`, `c`.`description`, `c`.`flag`, `c`.`parent_id`, `c`.`status`, `c`.`suitable_for`
FROM `category` AS `c`
2026-08-05 20:36:40.157 +05:30 [INF] Microsoft.EntityFrameworkCore.Database.Command Executed DbCommand (1ms) [Parameters=[], CommandType='"Text"', CommandTimeout='30']
SELECT `r`.`tour_id` AS `TourId`, AVG(CAST(`r`.`rating` AS double)) AS `Avg`, CAST(COUNT(*) AS signed) AS `Count`
FROM `review` AS `r`
WHERE `r`.`tour_id` IS NOT NULL AND (`r`.`rating` IS NOT NULL)
GROUP BY `r`.`tour_id`
2026-08-05 20:36:40.158 +05:30 [INF] Microsoft.EntityFrameworkCore.Database.Command Executed DbCommand (0ms) [Parameters=[], CommandType='"Text"', CommandTimeout='30']
SELECT `f`.`feedback_id`, `f`.`category`, `f`.`created_at`, `f`.`email`, `f`.`message`, `f`.`name`, `f`.`page_url`, `f`.`published`, `f`.`rating`, `f`.`status`, `f`.`user_id`
FROM `feedback` AS `f`
WHERE `f`.`published`
ORDER BY `f`.`feedback_id` DESC
2026-08-05 20:36:40.159 +05:30 [INF] Microsoft.EntityFrameworkCore.Database.Command Executed DbCommand (0ms) [Parameters=[], CommandType='"Text"', CommandTimeout='30']
SELECT `t`.`tour_id` AS `TourId`, `t`.`category_id` AS `CategoryId`
FROM `tour` AS `t`
2026-08-05 20:36:40.162 +05:30 [INF] Microsoft.EntityFrameworkCore.Database.Command Executed DbCommand (1ms) [Parameters=[], CommandType='"Text"', CommandTimeout='30']
SELECT `t`.`tour_id` AS `TourId`, (
    SELECT `t0`.`source`
    FROM `tour_images` AS `t0`
    WHERE (`t0`.`is_primary` AND (`t0`.`tour_id` IS NOT NULL)) AND (`t`.`tour_id` = `t0`.`tour_id`)
    LIMIT 1) AS `Source`
FROM `tour_images` AS `t`
WHERE `t`.`is_primary` AND (`t`.`tour_id` IS NOT NULL)
GROUP BY `t`.`tour_id`
2026-08-05 20:36:40.162 +05:30 [INF] Serilog.AspNetCore.RequestLoggingMiddleware GET /api/feedback/published responded 200 in 9.2 ms
2026-08-05 20:36:40.165 +05:30 [INF] Serilog.AspNetCore.RequestLoggingMiddleware GET /api/categories/roots responded 200 in 24.0 ms
2026-08-05 20:36:40.167 +05:30 [INF] Serilog.AspNetCore.RequestLoggingMiddleware GET /api/tours responded 200 in 25.7 ms
2026-08-05 20:36:40.175 +05:30 [INF] Microsoft.EntityFrameworkCore.Database.Command Executed DbCommand (1ms) [Parameters=[], CommandType='"Text"', CommandTimeout='30']
SELECT `c`.`category_id`, `c`.`cat_code`, `c`.`cat_image_path`, `c`.`category_name`, `c`.`description`, `c`.`flag`, `c`.`parent_id`, `c`.`status`, `c`.`suitable_for`
FROM `category` AS `c`
WHERE `c`.`parent_id` IS NULL
ORDER BY `c`.`category_id`
2026-08-05 20:36:40.180 +05:30 [INF] Microsoft.EntityFrameworkCore.Database.Command Executed DbCommand (1ms) [Parameters=[], CommandType='"Text"', CommandTimeout='30']
SELECT `t`.`tour_id`, `t`.`add_ons`, `t`.`category_id`, `t`.`days`, `t`.`description`, `t`.`destination`, `t`.`do_and_dont`, `t`.`location`, `t`.`nights`, `t`.`passport_and_visa`, `t`.`price`, `t`.`stay_and_meals`, `t`.`subcat_id`, `t`.`tour_name`, `t`.`tour_type`, `t`.`weather`
FROM `tour` AS `t`
ORDER BY `t`.`tour_id`
2026-08-05 20:36:40.180 +05:30 [INF] Microsoft.EntityFrameworkCore.Database.Command Executed DbCommand (0ms) [Parameters=[], CommandType='"Text"', CommandTimeout='30']
SELECT `c`.`category_id`, `c`.`cat_code`, `c`.`cat_image_path`, `c`.`category_name`, `c`.`description`, `c`.`flag`, `c`.`parent_id`, `c`.`status`, `c`.`suitable_for`
FROM `category` AS `c`
2026-08-05 20:36:40.184 +05:30 [INF] Microsoft.EntityFrameworkCore.Database.Command Executed DbCommand (1ms) [Parameters=[], CommandType='"Text"', CommandTimeout='30']
SELECT `c`.`tour_id` AS `TourId`, MIN(`c`.`adult_price`) AS `Min`
FROM `cost` AS `c`
WHERE `c`.`tour_id` IS NOT NULL AND (`c`.`adult_price` IS NOT NULL)
GROUP BY `c`.`tour_id`
2026-08-05 20:36:40.185 +05:30 [INF] Microsoft.EntityFrameworkCore.Database.Command Executed DbCommand (0ms) [Parameters=[], CommandType='"Text"', CommandTimeout='30']
SELECT `t`.`tour_id` AS `TourId`, `t`.`category_id` AS `CategoryId`
FROM `tour` AS `t`
2026-08-05 20:36:40.188 +05:30 [INF] Microsoft.EntityFrameworkCore.Database.Command Executed DbCommand (1ms) [Parameters=[], CommandType='"Text"', CommandTimeout='30']
SELECT `r`.`tour_id` AS `TourId`, AVG(CAST(`r`.`rating` AS double)) AS `Avg`, CAST(COUNT(*) AS signed) AS `Count`
FROM `review` AS `r`
WHERE `r`.`tour_id` IS NOT NULL AND (`r`.`rating` IS NOT NULL)
GROUP BY `r`.`tour_id`
2026-08-05 20:36:40.189 +05:30 [INF] Serilog.AspNetCore.RequestLoggingMiddleware GET /api/categories/roots responded 200 in 19.6 ms
2026-08-05 20:36:40.192 +05:30 [INF] Microsoft.EntityFrameworkCore.Database.Command Executed DbCommand (1ms) [Parameters=[], CommandType='"Text"', CommandTimeout='30']
SELECT `t`.`tour_id` AS `TourId`, (
    SELECT `t0`.`source`
    FROM `tour_images` AS `t0`
    WHERE (`t0`.`is_primary` AND (`t0`.`tour_id` IS NOT NULL)) AND (`t`.`tour_id` = `t0`.`tour_id`)
    LIMIT 1) AS `Source`
FROM `tour_images` AS `t`
WHERE `t`.`is_primary` AND (`t`.`tour_id` IS NOT NULL)
GROUP BY `t`.`tour_id`
2026-08-05 20:36:40.195 +05:30 [INF] Serilog.AspNetCore.RequestLoggingMiddleware GET /api/tours responded 200 in 22.5 ms
2026-08-05 20:36:48.643 +05:30 [INF] Microsoft.Hosting.Lifetime Application is shutting down...
2026-08-05 20:37:04.185 +05:30 [INF]  e-Tour API starting up
2026-08-05 20:37:04.401 +05:30 [INF]  Images served from D:\.NET Project\ETour.Api\images. Java service expected at http://localhost:8081
2026-08-05 20:37:04.438 +05:30 [INF] ETour.Api.Service.TourCompletionWorker Tour completion sweep scheduled daily at "07:00:00.0000000"
2026-08-05 20:37:04.482 +05:30 [INF] Microsoft.Hosting.Lifetime Now listening on: http://localhost:8080
2026-08-05 20:37:04.484 +05:30 [INF] Microsoft.Hosting.Lifetime Application started. Press Ctrl+C to shut down.
2026-08-05 20:37:04.484 +05:30 [INF] Microsoft.Hosting.Lifetime Hosting environment: Development
2026-08-05 20:37:04.485 +05:30 [INF] Microsoft.Hosting.Lifetime Content root path: D:\.NET Project\ETour.Api
2026-08-05 20:37:08.271 +05:30 [WRN] LuckyPennySoftware.AutoMapper.License You do not have a valid license key for the Lucky Penny software AutoMapper. This is allowed for development and testing scenarios. If you are running in production you are required to have a licensed version. Please visit https://luckypennysoftware.com to obtain a valid license.
2026-08-05 20:37:09.114 +05:30 [INF] Microsoft.EntityFrameworkCore.Database.Command Executed DbCommand (18ms) [Parameters=[], CommandType='"Text"', CommandTimeout='30']
SELECT `f`.`feedback_id`, `f`.`category`, `f`.`created_at`, `f`.`email`, `f`.`message`, `f`.`name`, `f`.`page_url`, `f`.`published`, `f`.`rating`, `f`.`status`, `f`.`user_id`
FROM `feedback` AS `f`
WHERE `f`.`published`
ORDER BY `f`.`feedback_id` DESC
2026-08-05 20:37:09.114 +05:30 [INF] Microsoft.EntityFrameworkCore.Database.Command Executed DbCommand (18ms) [Parameters=[], CommandType='"Text"', CommandTimeout='30']
SELECT `c`.`category_id`, `c`.`cat_code`, `c`.`cat_image_path`, `c`.`category_name`, `c`.`description`, `c`.`flag`, `c`.`parent_id`, `c`.`status`, `c`.`suitable_for`
FROM `category` AS `c`
WHERE `c`.`parent_id` IS NULL
ORDER BY `c`.`category_id`
2026-08-05 20:37:09.114 +05:30 [INF] Microsoft.EntityFrameworkCore.Database.Command Executed DbCommand (18ms) [Parameters=[], CommandType='"Text"', CommandTimeout='30']
SELECT `t`.`tour_id`, `t`.`add_ons`, `t`.`category_id`, `t`.`days`, `t`.`description`, `t`.`destination`, `t`.`do_and_dont`, `t`.`location`, `t`.`nights`, `t`.`passport_and_visa`, `t`.`price`, `t`.`stay_and_meals`, `t`.`subcat_id`, `t`.`tour_name`, `t`.`tour_type`, `t`.`weather`
FROM `tour` AS `t`
ORDER BY `t`.`tour_id`
2026-08-05 20:37:09.161 +05:30 [INF] Microsoft.EntityFrameworkCore.Database.Command Executed DbCommand (5ms) [Parameters=[], CommandType='"Text"', CommandTimeout='30']
SELECT `c`.`category_id`, `c`.`cat_code`, `c`.`cat_image_path`, `c`.`category_name`, `c`.`description`, `c`.`flag`, `c`.`parent_id`, `c`.`status`, `c`.`suitable_for`
FROM `category` AS `c`
2026-08-05 20:37:09.174 +05:30 [INF] Microsoft.EntityFrameworkCore.Database.Command Executed DbCommand (1ms) [Parameters=[], CommandType='"Text"', CommandTimeout='30']
SELECT `t`.`tour_id` AS `TourId`, `t`.`category_id` AS `CategoryId`
FROM `tour` AS `t`
2026-08-05 20:37:09.179 +05:30 [INF] Serilog.AspNetCore.RequestLoggingMiddleware GET /api/feedback/published responded 200 in 1272.0 ms
2026-08-05 20:37:09.209 +05:30 [INF] Microsoft.EntityFrameworkCore.Database.Command Executed DbCommand (1ms) [Parameters=[], CommandType='"Text"', CommandTimeout='30']
SELECT `c`.`tour_id` AS `TourId`, MIN(`c`.`adult_price`) AS `Min`
FROM `cost` AS `c`
WHERE `c`.`tour_id` IS NOT NULL AND (`c`.`adult_price` IS NOT NULL)
GROUP BY `c`.`tour_id`
2026-08-05 20:37:09.215 +05:30 [INF] Serilog.AspNetCore.RequestLoggingMiddleware GET /api/categories/roots responded 200 in 1310.8 ms
2026-08-05 20:37:09.234 +05:30 [INF] Microsoft.EntityFrameworkCore.Database.Command Executed DbCommand (1ms) [Parameters=[], CommandType='"Text"', CommandTimeout='30']
SELECT `r`.`tour_id` AS `TourId`, AVG(CAST(`r`.`rating` AS double)) AS `Avg`, CAST(COUNT(*) AS signed) AS `Count`
FROM `review` AS `r`
WHERE `r`.`tour_id` IS NOT NULL AND (`r`.`rating` IS NOT NULL)
GROUP BY `r`.`tour_id`
2026-08-05 20:37:09.257 +05:30 [INF] Microsoft.EntityFrameworkCore.Database.Command Executed DbCommand (1ms) [Parameters=[], CommandType='"Text"', CommandTimeout='30']
SELECT `t`.`tour_id` AS `TourId`, (
    SELECT `t0`.`source`
    FROM `tour_images` AS `t0`
    WHERE (`t0`.`is_primary` AND (`t0`.`tour_id` IS NOT NULL)) AND (`t`.`tour_id` = `t0`.`tour_id`)
    LIMIT 1) AS `Source`
FROM `tour_images` AS `t`
WHERE `t`.`is_primary` AND (`t`.`tour_id` IS NOT NULL)
GROUP BY `t`.`tour_id`
2026-08-05 20:37:09.266 +05:30 [INF] Microsoft.EntityFrameworkCore.Database.Command Executed DbCommand (1ms) [Parameters=[], CommandType='"Text"', CommandTimeout='30']
SELECT `c`.`category_id`, `c`.`cat_code`, `c`.`cat_image_path`, `c`.`category_name`, `c`.`description`, `c`.`flag`, `c`.`parent_id`, `c`.`status`, `c`.`suitable_for`
FROM `category` AS `c`
WHERE `c`.`parent_id` IS NULL
ORDER BY `c`.`category_id`
2026-08-05 20:37:09.266 +05:30 [INF] Microsoft.EntityFrameworkCore.Database.Command Executed DbCommand (1ms) [Parameters=[], CommandType='"Text"', CommandTimeout='30']
SELECT `f`.`feedback_id`, `f`.`category`, `f`.`created_at`, `f`.`email`, `f`.`message`, `f`.`name`, `f`.`page_url`, `f`.`published`, `f`.`rating`, `f`.`status`, `f`.`user_id`
FROM `feedback` AS `f`
WHERE `f`.`published`
ORDER BY `f`.`feedback_id` DESC
2026-08-05 20:37:09.270 +05:30 [INF] Microsoft.EntityFrameworkCore.Database.Command Executed DbCommand (0ms) [Parameters=[], CommandType='"Text"', CommandTimeout='30']
SELECT `c`.`category_id`, `c`.`cat_code`, `c`.`cat_image_path`, `c`.`category_name`, `c`.`description`, `c`.`flag`, `c`.`parent_id`, `c`.`status`, `c`.`suitable_for`
FROM `category` AS `c`
2026-08-05 20:37:09.271 +05:30 [INF] Serilog.AspNetCore.RequestLoggingMiddleware GET /api/feedback/published responded 200 in 87.6 ms
2026-08-05 20:37:09.277 +05:30 [INF] Microsoft.EntityFrameworkCore.Database.Command Executed DbCommand (1ms) [Parameters=[], CommandType='"Text"', CommandTimeout='30']
SELECT `t`.`tour_id` AS `TourId`, `t`.`category_id` AS `CategoryId`
FROM `tour` AS `t`
2026-08-05 20:37:09.280 +05:30 [INF] Serilog.AspNetCore.RequestLoggingMiddleware GET /api/categories/roots responded 200 in 60.1 ms
2026-08-05 20:37:09.281 +05:30 [INF] Serilog.AspNetCore.RequestLoggingMiddleware GET /api/tours responded 200 in 1376.5 ms
2026-08-05 20:37:09.291 +05:30 [INF] Microsoft.EntityFrameworkCore.Database.Command Executed DbCommand (0ms) [Parameters=[], CommandType='"Text"', CommandTimeout='30']
SELECT `t`.`tour_id`, `t`.`add_ons`, `t`.`category_id`, `t`.`days`, `t`.`description`, `t`.`destination`, `t`.`do_and_dont`, `t`.`location`, `t`.`nights`, `t`.`passport_and_visa`, `t`.`price`, `t`.`stay_and_meals`, `t`.`subcat_id`, `t`.`tour_name`, `t`.`tour_type`, `t`.`weather`
FROM `tour` AS `t`
ORDER BY `t`.`tour_id`
2026-08-05 20:37:09.296 +05:30 [INF] Microsoft.EntityFrameworkCore.Database.Command Executed DbCommand (1ms) [Parameters=[], CommandType='"Text"', CommandTimeout='30']
SELECT `c`.`tour_id` AS `TourId`, MIN(`c`.`adult_price`) AS `Min`
FROM `cost` AS `c`
WHERE `c`.`tour_id` IS NOT NULL AND (`c`.`adult_price` IS NOT NULL)
GROUP BY `c`.`tour_id`
2026-08-05 20:37:09.300 +05:30 [INF] Microsoft.EntityFrameworkCore.Database.Command Executed DbCommand (1ms) [Parameters=[], CommandType='"Text"', CommandTimeout='30']
SELECT `r`.`tour_id` AS `TourId`, AVG(CAST(`r`.`rating` AS double)) AS `Avg`, CAST(COUNT(*) AS signed) AS `Count`
FROM `review` AS `r`
WHERE `r`.`tour_id` IS NOT NULL AND (`r`.`rating` IS NOT NULL)
GROUP BY `r`.`tour_id`
2026-08-05 20:37:09.306 +05:30 [INF] Microsoft.EntityFrameworkCore.Database.Command Executed DbCommand (2ms) [Parameters=[], CommandType='"Text"', CommandTimeout='30']
SELECT `t`.`tour_id` AS `TourId`, (
    SELECT `t0`.`source`
    FROM `tour_images` AS `t0`
    WHERE (`t0`.`is_primary` AND (`t0`.`tour_id` IS NOT NULL)) AND (`t`.`tour_id` = `t0`.`tour_id`)
    LIMIT 1) AS `Source`
FROM `tour_images` AS `t`
WHERE `t`.`is_primary` AND (`t`.`tour_id` IS NOT NULL)
GROUP BY `t`.`tour_id`
2026-08-05 20:37:09.309 +05:30 [INF] Serilog.AspNetCore.RequestLoggingMiddleware GET /api/tours responded 200 in 22.3 ms
2026-08-05 20:37:18.113 +05:30 [INF] Serilog.AspNetCore.RequestLoggingMiddleware GET /api/auth/providers responded 200 in 15.8 ms
2026-08-05 20:37:18.122 +05:30 [INF] Serilog.AspNetCore.RequestLoggingMiddleware GET /api/auth/providers responded 200 in 3.9 ms
2026-08-05 20:37:19.903 +05:30 [INF] Microsoft.EntityFrameworkCore.Database.Command Executed DbCommand (1ms) [Parameters=[], CommandType='"Text"', CommandTimeout='30']
SELECT `c`.`category_id`, `c`.`cat_code`, `c`.`cat_image_path`, `c`.`category_name`, `c`.`description`, `c`.`flag`, `c`.`parent_id`, `c`.`status`, `c`.`suitable_for`
FROM `category` AS `c`
WHERE `c`.`parent_id` IS NULL
ORDER BY `c`.`category_id`
2026-08-05 20:37:19.903 +05:30 [INF] Microsoft.EntityFrameworkCore.Database.Command Executed DbCommand (1ms) [Parameters=[], CommandType='"Text"', CommandTimeout='30']
SELECT `t`.`tour_id`, `t`.`add_ons`, `t`.`category_id`, `t`.`days`, `t`.`description`, `t`.`destination`, `t`.`do_and_dont`, `t`.`location`, `t`.`nights`, `t`.`passport_and_visa`, `t`.`price`, `t`.`stay_and_meals`, `t`.`subcat_id`, `t`.`tour_name`, `t`.`tour_type`, `t`.`weather`
FROM `tour` AS `t`
ORDER BY `t`.`tour_id`
2026-08-05 20:37:19.903 +05:30 [INF] Microsoft.EntityFrameworkCore.Database.Command Executed DbCommand (1ms) [Parameters=[], CommandType='"Text"', CommandTimeout='30']
SELECT `f`.`feedback_id`, `f`.`category`, `f`.`created_at`, `f`.`email`, `f`.`message`, `f`.`name`, `f`.`page_url`, `f`.`published`, `f`.`rating`, `f`.`status`, `f`.`user_id`
FROM `feedback` AS `f`
WHERE `f`.`published`
ORDER BY `f`.`feedback_id` DESC
2026-08-05 20:37:19.908 +05:30 [INF] Microsoft.EntityFrameworkCore.Database.Command Executed DbCommand (1ms) [Parameters=[], CommandType='"Text"', CommandTimeout='30']
SELECT `c`.`category_id`, `c`.`cat_code`, `c`.`cat_image_path`, `c`.`category_name`, `c`.`description`, `c`.`flag`, `c`.`parent_id`, `c`.`status`, `c`.`suitable_for`
FROM `category` AS `c`
2026-08-05 20:37:19.911 +05:30 [INF] Serilog.AspNetCore.RequestLoggingMiddleware GET /api/feedback/published responded 200 in 18.9 ms
2026-08-05 20:37:19.912 +05:30 [INF] Microsoft.EntityFrameworkCore.Database.Command Executed DbCommand (2ms) [Parameters=[], CommandType='"Text"', CommandTimeout='30']
SELECT `c`.`tour_id` AS `TourId`, MIN(`c`.`adult_price`) AS `Min`
FROM `cost` AS `c`
WHERE `c`.`tour_id` IS NOT NULL AND (`c`.`adult_price` IS NOT NULL)
GROUP BY `c`.`tour_id`
2026-08-05 20:37:19.914 +05:30 [INF] Microsoft.EntityFrameworkCore.Database.Command Executed DbCommand (1ms) [Parameters=[], CommandType='"Text"', CommandTimeout='30']
SELECT `t`.`tour_id` AS `TourId`, `t`.`category_id` AS `CategoryId`
FROM `tour` AS `t`
2026-08-05 20:37:19.920 +05:30 [INF] Microsoft.EntityFrameworkCore.Database.Command Executed DbCommand (2ms) [Parameters=[], CommandType='"Text"', CommandTimeout='30']
SELECT `r`.`tour_id` AS `TourId`, AVG(CAST(`r`.`rating` AS double)) AS `Avg`, CAST(COUNT(*) AS signed) AS `Count`
FROM `review` AS `r`
WHERE `r`.`tour_id` IS NOT NULL AND (`r`.`rating` IS NOT NULL)
GROUP BY `r`.`tour_id`
2026-08-05 20:37:19.922 +05:30 [INF] Serilog.AspNetCore.RequestLoggingMiddleware GET /api/categories/roots responded 200 in 28.8 ms
2026-08-05 20:37:19.925 +05:30 [INF] Microsoft.EntityFrameworkCore.Database.Command Executed DbCommand (1ms) [Parameters=[], CommandType='"Text"', CommandTimeout='30']
SELECT `f`.`feedback_id`, `f`.`category`, `f`.`created_at`, `f`.`email`, `f`.`message`, `f`.`name`, `f`.`page_url`, `f`.`published`, `f`.`rating`, `f`.`status`, `f`.`user_id`
FROM `feedback` AS `f`
WHERE `f`.`published`
ORDER BY `f`.`feedback_id` DESC
2026-08-05 20:37:19.929 +05:30 [INF] Microsoft.EntityFrameworkCore.Database.Command Executed DbCommand (3ms) [Parameters=[], CommandType='"Text"', CommandTimeout='30']
SELECT `t`.`tour_id` AS `TourId`, (
    SELECT `t0`.`source`
    FROM `tour_images` AS `t0`
    WHERE (`t0`.`is_primary` AND (`t0`.`tour_id` IS NOT NULL)) AND (`t`.`tour_id` = `t0`.`tour_id`)
    LIMIT 1) AS `Source`
FROM `tour_images` AS `t`
WHERE `t`.`is_primary` AND (`t`.`tour_id` IS NOT NULL)
GROUP BY `t`.`tour_id`
2026-08-05 20:37:19.929 +05:30 [INF] Serilog.AspNetCore.RequestLoggingMiddleware GET /api/feedback/published responded 200 in 11.4 ms
2026-08-05 20:37:19.933 +05:30 [INF] Serilog.AspNetCore.RequestLoggingMiddleware GET /api/tours responded 200 in 39.3 ms
2026-08-05 20:37:19.938 +05:30 [INF] Microsoft.EntityFrameworkCore.Database.Command Executed DbCommand (3ms) [Parameters=[], CommandType='"Text"', CommandTimeout='30']
SELECT `c`.`category_id`, `c`.`cat_code`, `c`.`cat_image_path`, `c`.`category_name`, `c`.`description`, `c`.`flag`, `c`.`parent_id`, `c`.`status`, `c`.`suitable_for`
FROM `category` AS `c`
WHERE `c`.`parent_id` IS NULL
ORDER BY `c`.`category_id`
2026-08-05 20:37:19.946 +05:30 [INF] Microsoft.EntityFrameworkCore.Database.Command Executed DbCommand (1ms) [Parameters=[], CommandType='"Text"', CommandTimeout='30']
SELECT `c`.`category_id`, `c`.`cat_code`, `c`.`cat_image_path`, `c`.`category_name`, `c`.`description`, `c`.`flag`, `c`.`parent_id`, `c`.`status`, `c`.`suitable_for`
FROM `category` AS `c`
2026-08-05 20:37:19.949 +05:30 [INF] Microsoft.EntityFrameworkCore.Database.Command Executed DbCommand (1ms) [Parameters=[], CommandType='"Text"', CommandTimeout='30']
SELECT `t`.`tour_id`, `t`.`add_ons`, `t`.`category_id`, `t`.`days`, `t`.`description`, `t`.`destination`, `t`.`do_and_dont`, `t`.`location`, `t`.`nights`, `t`.`passport_and_visa`, `t`.`price`, `t`.`stay_and_meals`, `t`.`subcat_id`, `t`.`tour_name`, `t`.`tour_type`, `t`.`weather`
FROM `tour` AS `t`
ORDER BY `t`.`tour_id`
2026-08-05 20:37:19.951 +05:30 [INF] Microsoft.EntityFrameworkCore.Database.Command Executed DbCommand (1ms) [Parameters=[], CommandType='"Text"', CommandTimeout='30']
SELECT `t`.`tour_id` AS `TourId`, `t`.`category_id` AS `CategoryId`
FROM `tour` AS `t`
2026-08-05 20:37:19.954 +05:30 [INF] Microsoft.EntityFrameworkCore.Database.Command Executed DbCommand (1ms) [Parameters=[], CommandType='"Text"', CommandTimeout='30']
SELECT `c`.`tour_id` AS `TourId`, MIN(`c`.`adult_price`) AS `Min`
FROM `cost` AS `c`
WHERE `c`.`tour_id` IS NOT NULL AND (`c`.`adult_price` IS NOT NULL)
GROUP BY `c`.`tour_id`
2026-08-05 20:37:19.954 +05:30 [INF] Serilog.AspNetCore.RequestLoggingMiddleware GET /api/categories/roots responded 200 in 26.0 ms
2026-08-05 20:37:19.959 +05:30 [INF] Microsoft.EntityFrameworkCore.Database.Command Executed DbCommand (1ms) [Parameters=[], CommandType='"Text"', CommandTimeout='30']
SELECT `r`.`tour_id` AS `TourId`, AVG(CAST(`r`.`rating` AS double)) AS `Avg`, CAST(COUNT(*) AS signed) AS `Count`
FROM `review` AS `r`
WHERE `r`.`tour_id` IS NOT NULL AND (`r`.`rating` IS NOT NULL)
GROUP BY `r`.`tour_id`
2026-08-05 20:37:19.965 +05:30 [INF] Microsoft.EntityFrameworkCore.Database.Command Executed DbCommand (1ms) [Parameters=[], CommandType='"Text"', CommandTimeout='30']
SELECT `t`.`tour_id` AS `TourId`, (
    SELECT `t0`.`source`
    FROM `tour_images` AS `t0`
    WHERE (`t0`.`is_primary` AND (`t0`.`tour_id` IS NOT NULL)) AND (`t`.`tour_id` = `t0`.`tour_id`)
    LIMIT 1) AS `Source`
FROM `tour_images` AS `t`
WHERE `t`.`is_primary` AND (`t`.`tour_id` IS NOT NULL)
GROUP BY `t`.`tour_id`
2026-08-05 20:37:19.967 +05:30 [INF] Serilog.AspNetCore.RequestLoggingMiddleware GET /api/tours responded 200 in 25.3 ms
2026-08-05 20:37:22.157 +05:30 [INF] Microsoft.EntityFrameworkCore.Database.Command Executed DbCommand (1ms) [Parameters=[], CommandType='"Text"', CommandTimeout='30']
SELECT `c`.`category_id`, `c`.`cat_code`, `c`.`cat_image_path`, `c`.`category_name`, `c`.`description`, `c`.`flag`, `c`.`parent_id`, `c`.`status`, `c`.`suitable_for`
FROM `category` AS `c`
WHERE `c`.`parent_id` IS NULL
ORDER BY `c`.`category_id`
2026-08-05 20:37:22.158 +05:30 [INF] Microsoft.EntityFrameworkCore.Database.Command Executed DbCommand (2ms) [Parameters=[], CommandType='"Text"', CommandTimeout='30']
SELECT `f`.`feedback_id`, `f`.`category`, `f`.`created_at`, `f`.`email`, `f`.`message`, `f`.`name`, `f`.`page_url`, `f`.`published`, `f`.`rating`, `f`.`status`, `f`.`user_id`
FROM `feedback` AS `f`
WHERE `f`.`published`
ORDER BY `f`.`feedback_id` DESC
2026-08-05 20:37:22.158 +05:30 [INF] Microsoft.EntityFrameworkCore.Database.Command Executed DbCommand (1ms) [Parameters=[], CommandType='"Text"', CommandTimeout='30']
SELECT `t`.`tour_id`, `t`.`add_ons`, `t`.`category_id`, `t`.`days`, `t`.`description`, `t`.`destination`, `t`.`do_and_dont`, `t`.`location`, `t`.`nights`, `t`.`passport_and_visa`, `t`.`price`, `t`.`stay_and_meals`, `t`.`subcat_id`, `t`.`tour_name`, `t`.`tour_type`, `t`.`weather`
FROM `tour` AS `t`
ORDER BY `t`.`tour_id`
2026-08-05 20:37:22.161 +05:30 [INF] Microsoft.EntityFrameworkCore.Database.Command Executed DbCommand (1ms) [Parameters=[], CommandType='"Text"', CommandTimeout='30']
SELECT `c`.`category_id`, `c`.`cat_code`, `c`.`cat_image_path`, `c`.`category_name`, `c`.`description`, `c`.`flag`, `c`.`parent_id`, `c`.`status`, `c`.`suitable_for`
FROM `category` AS `c`
2026-08-05 20:37:22.162 +05:30 [INF] Serilog.AspNetCore.RequestLoggingMiddleware GET /api/feedback/published responded 200 in 12.0 ms
2026-08-05 20:37:22.166 +05:30 [INF] Microsoft.EntityFrameworkCore.Database.Command Executed DbCommand (1ms) [Parameters=[], CommandType='"Text"', CommandTimeout='30']
SELECT `c`.`tour_id` AS `TourId`, MIN(`c`.`adult_price`) AS `Min`
FROM `cost` AS `c`
WHERE `c`.`tour_id` IS NOT NULL AND (`c`.`adult_price` IS NOT NULL)
GROUP BY `c`.`tour_id`
2026-08-05 20:37:22.168 +05:30 [INF] Microsoft.EntityFrameworkCore.Database.Command Executed DbCommand (1ms) [Parameters=[], CommandType='"Text"', CommandTimeout='30']
SELECT `t`.`tour_id` AS `TourId`, `t`.`category_id` AS `CategoryId`
FROM `tour` AS `t`
2026-08-05 20:37:22.174 +05:30 [INF] Microsoft.EntityFrameworkCore.Database.Command Executed DbCommand (1ms) [Parameters=[], CommandType='"Text"', CommandTimeout='30']
SELECT `r`.`tour_id` AS `TourId`, AVG(CAST(`r`.`rating` AS double)) AS `Avg`, CAST(COUNT(*) AS signed) AS `Count`
FROM `review` AS `r`
WHERE `r`.`tour_id` IS NOT NULL AND (`r`.`rating` IS NOT NULL)
GROUP BY `r`.`tour_id`
2026-08-05 20:37:22.174 +05:30 [INF] Microsoft.EntityFrameworkCore.Database.Command Executed DbCommand (0ms) [Parameters=[], CommandType='"Text"', CommandTimeout='30']
SELECT `f`.`feedback_id`, `f`.`category`, `f`.`created_at`, `f`.`email`, `f`.`message`, `f`.`name`, `f`.`page_url`, `f`.`published`, `f`.`rating`, `f`.`status`, `f`.`user_id`
FROM `feedback` AS `f`
WHERE `f`.`published`
ORDER BY `f`.`feedback_id` DESC
2026-08-05 20:37:22.175 +05:30 [INF] Serilog.AspNetCore.RequestLoggingMiddleware GET /api/categories/roots responded 200 in 24.4 ms
2026-08-05 20:37:22.179 +05:30 [INF] Microsoft.EntityFrameworkCore.Database.Command Executed DbCommand (1ms) [Parameters=[], CommandType='"Text"', CommandTimeout='30']
SELECT `t`.`tour_id` AS `TourId`, (
    SELECT `t0`.`source`
    FROM `tour_images` AS `t0`
    WHERE (`t0`.`is_primary` AND (`t0`.`tour_id` IS NOT NULL)) AND (`t`.`tour_id` = `t0`.`tour_id`)
    LIMIT 1) AS `Source`
FROM `tour_images` AS `t`
WHERE `t`.`is_primary` AND (`t`.`tour_id` IS NOT NULL)
GROUP BY `t`.`tour_id`
2026-08-05 20:37:22.180 +05:30 [INF] Serilog.AspNetCore.RequestLoggingMiddleware GET /api/feedback/published responded 200 in 13.2 ms
2026-08-05 20:37:22.184 +05:30 [INF] Serilog.AspNetCore.RequestLoggingMiddleware GET /api/tours responded 200 in 32.1 ms
2026-08-05 20:37:22.185 +05:30 [INF] Microsoft.EntityFrameworkCore.Database.Command Executed DbCommand (1ms) [Parameters=[], CommandType='"Text"', CommandTimeout='30']
SELECT `c`.`category_id`, `c`.`cat_code`, `c`.`cat_image_path`, `c`.`category_name`, `c`.`description`, `c`.`flag`, `c`.`parent_id`, `c`.`status`, `c`.`suitable_for`
FROM `category` AS `c`
WHERE `c`.`parent_id` IS NULL
ORDER BY `c`.`category_id`
2026-08-05 20:37:22.191 +05:30 [INF] Microsoft.EntityFrameworkCore.Database.Command Executed DbCommand (1ms) [Parameters=[], CommandType='"Text"', CommandTimeout='30']
SELECT `c`.`category_id`, `c`.`cat_code`, `c`.`cat_image_path`, `c`.`category_name`, `c`.`description`, `c`.`flag`, `c`.`parent_id`, `c`.`status`, `c`.`suitable_for`
FROM `category` AS `c`
2026-08-05 20:37:22.195 +05:30 [INF] Microsoft.EntityFrameworkCore.Database.Command Executed DbCommand (1ms) [Parameters=[], CommandType='"Text"', CommandTimeout='30']
SELECT `t`.`tour_id`, `t`.`add_ons`, `t`.`category_id`, `t`.`days`, `t`.`description`, `t`.`destination`, `t`.`do_and_dont`, `t`.`location`, `t`.`nights`, `t`.`passport_and_visa`, `t`.`price`, `t`.`stay_and_meals`, `t`.`subcat_id`, `t`.`tour_name`, `t`.`tour_type`, `t`.`weather`
FROM `tour` AS `t`
ORDER BY `t`.`tour_id`
2026-08-05 20:37:22.195 +05:30 [INF] Microsoft.EntityFrameworkCore.Database.Command Executed DbCommand (0ms) [Parameters=[], CommandType='"Text"', CommandTimeout='30']
SELECT `t`.`tour_id` AS `TourId`, `t`.`category_id` AS `CategoryId`
FROM `tour` AS `t`
2026-08-05 20:37:22.200 +05:30 [INF] Microsoft.EntityFrameworkCore.Database.Command Executed DbCommand (1ms) [Parameters=[], CommandType='"Text"', CommandTimeout='30']
SELECT `c`.`tour_id` AS `TourId`, MIN(`c`.`adult_price`) AS `Min`
FROM `cost` AS `c`
WHERE `c`.`tour_id` IS NOT NULL AND (`c`.`adult_price` IS NOT NULL)
GROUP BY `c`.`tour_id`
2026-08-05 20:37:22.201 +05:30 [INF] Serilog.AspNetCore.RequestLoggingMiddleware GET /api/categories/roots responded 200 in 21.7 ms
2026-08-05 20:37:22.206 +05:30 [INF] Microsoft.EntityFrameworkCore.Database.Command Executed DbCommand (1ms) [Parameters=[], CommandType='"Text"', CommandTimeout='30']
SELECT `r`.`tour_id` AS `TourId`, AVG(CAST(`r`.`rating` AS double)) AS `Avg`, CAST(COUNT(*) AS signed) AS `Count`
FROM `review` AS `r`
WHERE `r`.`tour_id` IS NOT NULL AND (`r`.`rating` IS NOT NULL)
GROUP BY `r`.`tour_id`
2026-08-05 20:37:22.210 +05:30 [INF] Microsoft.EntityFrameworkCore.Database.Command Executed DbCommand (1ms) [Parameters=[], CommandType='"Text"', CommandTimeout='30']
SELECT `t`.`tour_id` AS `TourId`, (
    SELECT `t0`.`source`
    FROM `tour_images` AS `t0`
    WHERE (`t0`.`is_primary` AND (`t0`.`tour_id` IS NOT NULL)) AND (`t`.`tour_id` = `t0`.`tour_id`)
    LIMIT 1) AS `Source`
FROM `tour_images` AS `t`
WHERE `t`.`is_primary` AND (`t`.`tour_id` IS NOT NULL)
GROUP BY `t`.`tour_id`
2026-08-05 20:37:22.213 +05:30 [INF] Serilog.AspNetCore.RequestLoggingMiddleware GET /api/tours responded 200 in 23.6 ms
2026-08-05 20:37:48.225 +05:30 [INF] Microsoft.EntityFrameworkCore.Database.Command Executed DbCommand (1ms) [Parameters=[], CommandType='"Text"', CommandTimeout='30']
SELECT `t`.`tour_id`, `t`.`add_ons`, `t`.`category_id`, `t`.`days`, `t`.`description`, `t`.`destination`, `t`.`do_and_dont`, `t`.`location`, `t`.`nights`, `t`.`passport_and_visa`, `t`.`price`, `t`.`stay_and_meals`, `t`.`subcat_id`, `t`.`tour_name`, `t`.`tour_type`, `t`.`weather`
FROM `tour` AS `t`
ORDER BY `t`.`tour_id`
2026-08-05 20:37:48.225 +05:30 [INF] Microsoft.EntityFrameworkCore.Database.Command Executed DbCommand (1ms) [Parameters=[], CommandType='"Text"', CommandTimeout='30']
SELECT `f`.`feedback_id`, `f`.`category`, `f`.`created_at`, `f`.`email`, `f`.`message`, `f`.`name`, `f`.`page_url`, `f`.`published`, `f`.`rating`, `f`.`status`, `f`.`user_id`
FROM `feedback` AS `f`
WHERE `f`.`published`
ORDER BY `f`.`feedback_id` DESC
2026-08-05 20:37:48.225 +05:30 [INF] Microsoft.EntityFrameworkCore.Database.Command Executed DbCommand (1ms) [Parameters=[], CommandType='"Text"', CommandTimeout='30']
SELECT `c`.`category_id`, `c`.`cat_code`, `c`.`cat_image_path`, `c`.`category_name`, `c`.`description`, `c`.`flag`, `c`.`parent_id`, `c`.`status`, `c`.`suitable_for`
FROM `category` AS `c`
WHERE `c`.`parent_id` IS NULL
ORDER BY `c`.`category_id`
2026-08-05 20:37:48.229 +05:30 [INF] Microsoft.EntityFrameworkCore.Database.Command Executed DbCommand (1ms) [Parameters=[], CommandType='"Text"', CommandTimeout='30']
SELECT `c`.`tour_id` AS `TourId`, MIN(`c`.`adult_price`) AS `Min`
FROM `cost` AS `c`
WHERE `c`.`tour_id` IS NOT NULL AND (`c`.`adult_price` IS NOT NULL)
GROUP BY `c`.`tour_id`
2026-08-05 20:37:48.229 +05:30 [INF] Serilog.AspNetCore.RequestLoggingMiddleware GET /api/feedback/published responded 200 in 11.3 ms
2026-08-05 20:37:48.232 +05:30 [INF] Microsoft.EntityFrameworkCore.Database.Command Executed DbCommand (1ms) [Parameters=[], CommandType='"Text"', CommandTimeout='30']
SELECT `c`.`category_id`, `c`.`cat_code`, `c`.`cat_image_path`, `c`.`category_name`, `c`.`description`, `c`.`flag`, `c`.`parent_id`, `c`.`status`, `c`.`suitable_for`
FROM `category` AS `c`
2026-08-05 20:37:48.235 +05:30 [INF] Microsoft.EntityFrameworkCore.Database.Command Executed DbCommand (1ms) [Parameters=[], CommandType='"Text"', CommandTimeout='30']
SELECT `r`.`tour_id` AS `TourId`, AVG(CAST(`r`.`rating` AS double)) AS `Avg`, CAST(COUNT(*) AS signed) AS `Count`
FROM `review` AS `r`
WHERE `r`.`tour_id` IS NOT NULL AND (`r`.`rating` IS NOT NULL)
GROUP BY `r`.`tour_id`
2026-08-05 20:37:48.238 +05:30 [INF] Microsoft.EntityFrameworkCore.Database.Command Executed DbCommand (1ms) [Parameters=[], CommandType='"Text"', CommandTimeout='30']
SELECT `t`.`tour_id` AS `TourId`, `t`.`category_id` AS `CategoryId`
FROM `tour` AS `t`
2026-08-05 20:37:48.240 +05:30 [INF] Microsoft.EntityFrameworkCore.Database.Command Executed DbCommand (1ms) [Parameters=[], CommandType='"Text"', CommandTimeout='30']
SELECT `t`.`tour_id` AS `TourId`, (
    SELECT `t0`.`source`
    FROM `tour_images` AS `t0`
    WHERE (`t0`.`is_primary` AND (`t0`.`tour_id` IS NOT NULL)) AND (`t`.`tour_id` = `t0`.`tour_id`)
    LIMIT 1) AS `Source`
FROM `tour_images` AS `t`
WHERE `t`.`is_primary` AND (`t`.`tour_id` IS NOT NULL)
GROUP BY `t`.`tour_id`
2026-08-05 20:37:48.241 +05:30 [INF] Serilog.AspNetCore.RequestLoggingMiddleware GET /api/categories/roots responded 200 in 21.9 ms
2026-08-05 20:37:48.241 +05:30 [INF] Microsoft.EntityFrameworkCore.Database.Command Executed DbCommand (0ms) [Parameters=[], CommandType='"Text"', CommandTimeout='30']
SELECT `f`.`feedback_id`, `f`.`category`, `f`.`created_at`, `f`.`email`, `f`.`message`, `f`.`name`, `f`.`page_url`, `f`.`published`, `f`.`rating`, `f`.`status`, `f`.`user_id`
FROM `feedback` AS `f`
WHERE `f`.`published`
ORDER BY `f`.`feedback_id` DESC
2026-08-05 20:37:48.242 +05:30 [INF] Serilog.AspNetCore.RequestLoggingMiddleware GET /api/tours responded 200 in 23.0 ms
2026-08-05 20:37:48.246 +05:30 [INF] Serilog.AspNetCore.RequestLoggingMiddleware GET /api/feedback/published responded 200 in 9.5 ms
2026-08-05 20:37:48.253 +05:30 [INF] Microsoft.EntityFrameworkCore.Database.Command Executed DbCommand (1ms) [Parameters=[], CommandType='"Text"', CommandTimeout='30']
SELECT `t`.`tour_id`, `t`.`add_ons`, `t`.`category_id`, `t`.`days`, `t`.`description`, `t`.`destination`, `t`.`do_and_dont`, `t`.`location`, `t`.`nights`, `t`.`passport_and_visa`, `t`.`price`, `t`.`stay_and_meals`, `t`.`subcat_id`, `t`.`tour_name`, `t`.`tour_type`, `t`.`weather`
FROM `tour` AS `t`
ORDER BY `t`.`tour_id`
2026-08-05 20:37:48.253 +05:30 [INF] Microsoft.EntityFrameworkCore.Database.Command Executed DbCommand (1ms) [Parameters=[], CommandType='"Text"', CommandTimeout='30']
SELECT `c`.`category_id`, `c`.`cat_code`, `c`.`cat_image_path`, `c`.`category_name`, `c`.`description`, `c`.`flag`, `c`.`parent_id`, `c`.`status`, `c`.`suitable_for`
FROM `category` AS `c`
WHERE `c`.`parent_id` IS NULL
ORDER BY `c`.`category_id`
2026-08-05 20:37:48.256 +05:30 [INF] Microsoft.EntityFrameworkCore.Database.Command Executed DbCommand (1ms) [Parameters=[], CommandType='"Text"', CommandTimeout='30']
SELECT `c`.`tour_id` AS `TourId`, MIN(`c`.`adult_price`) AS `Min`
FROM `cost` AS `c`
WHERE `c`.`tour_id` IS NOT NULL AND (`c`.`adult_price` IS NOT NULL)
GROUP BY `c`.`tour_id`
2026-08-05 20:37:48.258 +05:30 [INF] Microsoft.EntityFrameworkCore.Database.Command Executed DbCommand (1ms) [Parameters=[], CommandType='"Text"', CommandTimeout='30']
SELECT `c`.`category_id`, `c`.`cat_code`, `c`.`cat_image_path`, `c`.`category_name`, `c`.`description`, `c`.`flag`, `c`.`parent_id`, `c`.`status`, `c`.`suitable_for`
FROM `category` AS `c`
2026-08-05 20:37:48.259 +05:30 [INF] Microsoft.EntityFrameworkCore.Database.Command Executed DbCommand (1ms) [Parameters=[], CommandType='"Text"', CommandTimeout='30']
SELECT `r`.`tour_id` AS `TourId`, AVG(CAST(`r`.`rating` AS double)) AS `Avg`, CAST(COUNT(*) AS signed) AS `Count`
FROM `review` AS `r`
WHERE `r`.`tour_id` IS NOT NULL AND (`r`.`rating` IS NOT NULL)
GROUP BY `r`.`tour_id`
2026-08-05 20:37:48.261 +05:30 [INF] Microsoft.EntityFrameworkCore.Database.Command Executed DbCommand (0ms) [Parameters=[], CommandType='"Text"', CommandTimeout='30']
SELECT `t`.`tour_id` AS `TourId`, `t`.`category_id` AS `CategoryId`
FROM `tour` AS `t`
2026-08-05 20:37:48.263 +05:30 [INF] Microsoft.EntityFrameworkCore.Database.Command Executed DbCommand (1ms) [Parameters=[], CommandType='"Text"', CommandTimeout='30']
SELECT `t`.`tour_id` AS `TourId`, (
    SELECT `t0`.`source`
    FROM `tour_images` AS `t0`
    WHERE (`t0`.`is_primary` AND (`t0`.`tour_id` IS NOT NULL)) AND (`t`.`tour_id` = `t0`.`tour_id`)
    LIMIT 1) AS `Source`
FROM `tour_images` AS `t`
WHERE `t`.`is_primary` AND (`t`.`tour_id` IS NOT NULL)
GROUP BY `t`.`tour_id`
2026-08-05 20:37:48.264 +05:30 [INF] Serilog.AspNetCore.RequestLoggingMiddleware GET /api/categories/roots responded 200 in 15.6 ms
2026-08-05 20:37:48.266 +05:30 [INF] Serilog.AspNetCore.RequestLoggingMiddleware GET /api/tours responded 200 in 17.6 ms
2026-08-05 20:38:19.809 +05:30 [INF] Serilog.AspNetCore.RequestLoggingMiddleware GET /api/auth/providers responded 200 in 4.4 ms
2026-08-05 20:38:19.818 +05:30 [INF] Serilog.AspNetCore.RequestLoggingMiddleware GET /api/auth/providers responded 200 in 2.9 ms
2026-08-05 20:38:27.473 +05:30 [INF] Microsoft.EntityFrameworkCore.Database.Command Executed DbCommand (20ms) [Parameters=[@__r_Username_0='?' (Size = 50)], CommandType='"Text"', CommandTimeout='30']
SELECT `u`.`user_id`, `u`.`address`, `u`.`auth_provider`, `u`.`city`, `u`.`created_at`, `u`.`email`, `u`.`first_name`, `u`.`gender`, `u`.`isactive`, `u`.`last_name`, `u`.`password_hash`, `u`.`phone_number`, `u`.`provider_id`, `u`.`role_id`, `u`.`username`, `r`.`role_id`, `r`.`description`, `r`.`role_name`
FROM `users` AS `u`
LEFT JOIN `role` AS `r` ON `u`.`role_id` = `r`.`role_id`
WHERE `u`.`username` = @__r_Username_0
LIMIT 1
2026-08-05 20:38:27.669 +05:30 [ERR] Serilog.AspNetCore.RequestLoggingMiddleware POST /api/auth/login responded 500 in 354.6 ms
ETour.Api.Exceptions.BadCredentialsException: Invalid username or password
   at ETour.Api.Service.AuthService.LoginAsync(LoginRequest r) in D:\.NET Project\ETour.Api\Service\AuthService.cs:line 77
   at ETour.Api.Controllers.AuthController.Login(LoginRequest request) in D:\.NET Project\ETour.Api\Controllers\AuthController.cs:line 30
   at lambda_method57(Closure, Object)
   at Microsoft.AspNetCore.Mvc.Infrastructure.ActionMethodExecutor.AwaitableObjectResultExecutor.Execute(ActionContext actionContext, IActionResultTypeMapper mapper, ObjectMethodExecutor executor, Object controller, Object[] arguments)
   at Microsoft.AspNetCore.Mvc.Infrastructure.ControllerActionInvoker.<InvokeActionMethodAsync>g__Awaited|12_0(ControllerActionInvoker invoker, ValueTask`1 actionResultValueTask)
   at Microsoft.AspNetCore.Mvc.Infrastructure.ControllerActionInvoker.<InvokeNextActionFilterAsync>g__Awaited|10_0(ControllerActionInvoker invoker, Task lastTask, State next, Scope scope, Object state, Boolean isCompleted)
   at Microsoft.AspNetCore.Mvc.Infrastructure.ControllerActionInvoker.Rethrow(ActionExecutedContextSealed context)
   at Microsoft.AspNetCore.Mvc.Infrastructure.ControllerActionInvoker.Next(State& next, Scope& scope, Object& state, Boolean& isCompleted)
   at Microsoft.AspNetCore.Mvc.Infrastructure.ControllerActionInvoker.<InvokeInnerFilterAsync>g__Awaited|13_0(ControllerActionInvoker invoker, Task lastTask, State next, Scope scope, Object state, Boolean isCompleted)
   at Microsoft.AspNetCore.Mvc.Infrastructure.ResourceInvoker.<InvokeFilterPipelineAsync>g__Awaited|20_0(ResourceInvoker invoker, Task lastTask, State next, Scope scope, Object state, Boolean isCompleted)
   at Microsoft.AspNetCore.Mvc.Infrastructure.ResourceInvoker.<InvokeAsync>g__Awaited|17_0(ResourceInvoker invoker, Task task, IDisposable scope)
   at Microsoft.AspNetCore.Mvc.Infrastructure.ResourceInvoker.<InvokeAsync>g__Awaited|17_0(ResourceInvoker invoker, Task task, IDisposable scope)
   at Microsoft.AspNetCore.Authorization.AuthorizationMiddleware.Invoke(HttpContext context)
   at Microsoft.AspNetCore.Authentication.AuthenticationMiddleware.Invoke(HttpContext context)
   at Serilog.AspNetCore.RequestLoggingMiddleware.Invoke(HttpContext httpContext)
2026-08-05 20:38:27.694 +05:30 [WRN] ETour.Api.Middleware.ExceptionMiddleware 401 on /api/auth/login: Invalid username or password
2026-08-05 20:38:30.856 +05:30 [INF] Microsoft.EntityFrameworkCore.Database.Command Executed DbCommand (1ms) [Parameters=[@__r_Username_0='?' (Size = 50)], CommandType='"Text"', CommandTimeout='30']
SELECT `u`.`user_id`, `u`.`address`, `u`.`auth_provider`, `u`.`city`, `u`.`created_at`, `u`.`email`, `u`.`first_name`, `u`.`gender`, `u`.`isactive`, `u`.`last_name`, `u`.`password_hash`, `u`.`phone_number`, `u`.`provider_id`, `u`.`role_id`, `u`.`username`, `r`.`role_id`, `r`.`description`, `r`.`role_name`
FROM `users` AS `u`
LEFT JOIN `role` AS `r` ON `u`.`role_id` = `r`.`role_id`
WHERE `u`.`username` = @__r_Username_0
LIMIT 1
2026-08-05 20:38:31.006 +05:30 [INF] Serilog.AspNetCore.RequestLoggingMiddleware POST /api/auth/login responded 200 in 157.4 ms
2026-08-05 20:38:31.098 +05:30 [INF] Microsoft.EntityFrameworkCore.Database.Command Executed DbCommand (1ms) [Parameters=[@__username_0='?' (Size = 50)], CommandType='"Text"', CommandTimeout='30']
SELECT `u`.`user_id`, `u`.`address`, `u`.`auth_provider`, `u`.`city`, `u`.`created_at`, `u`.`email`, `u`.`first_name`, `u`.`gender`, `u`.`isactive`, `u`.`last_name`, `u`.`password_hash`, `u`.`phone_number`, `u`.`provider_id`, `u`.`role_id`, `u`.`username`
FROM `users` AS `u`
WHERE `u`.`username` = @__username_0
LIMIT 1
2026-08-05 20:38:31.099 +05:30 [INF] Microsoft.EntityFrameworkCore.Database.Command Executed DbCommand (1ms) [Parameters=[@__username_0='?' (Size = 50)], CommandType='"Text"', CommandTimeout='30']
SELECT `u`.`user_id`, `u`.`address`, `u`.`auth_provider`, `u`.`city`, `u`.`created_at`, `u`.`email`, `u`.`first_name`, `u`.`gender`, `u`.`isactive`, `u`.`last_name`, `u`.`password_hash`, `u`.`phone_number`, `u`.`provider_id`, `u`.`role_id`, `u`.`username`
FROM `users` AS `u`
WHERE `u`.`username` = @__username_0
LIMIT 1
2026-08-05 20:38:31.102 +05:30 [INF] Microsoft.EntityFrameworkCore.Database.Command Executed DbCommand (3ms) [Parameters=[@__username_0='?' (Size = 50)], CommandType='"Text"', CommandTimeout='30']
SELECT `u`.`user_id`, `u`.`address`, `u`.`auth_provider`, `u`.`city`, `u`.`created_at`, `u`.`email`, `u`.`first_name`, `u`.`gender`, `u`.`isactive`, `u`.`last_name`, `u`.`password_hash`, `u`.`phone_number`, `u`.`provider_id`, `u`.`role_id`, `u`.`username`, `r`.`role_id`, `r`.`description`, `r`.`role_name`
FROM `users` AS `u`
LEFT JOIN `role` AS `r` ON `u`.`role_id` = `r`.`role_id`
WHERE `u`.`username` = @__username_0
LIMIT 1
2026-08-05 20:38:31.109 +05:30 [INF] Serilog.AspNetCore.RequestLoggingMiddleware GET /api/auth/me responded 200 in 79.4 ms
2026-08-05 20:38:31.121 +05:30 [INF] Microsoft.EntityFrameworkCore.Database.Command Executed DbCommand (1ms) [Parameters=[@__username_0='?' (Size = 50)], CommandType='"Text"', CommandTimeout='30']
SELECT `u`.`user_id`, `u`.`address`, `u`.`auth_provider`, `u`.`city`, `u`.`created_at`, `u`.`email`, `u`.`first_name`, `u`.`gender`, `u`.`isactive`, `u`.`last_name`, `u`.`password_hash`, `u`.`phone_number`, `u`.`provider_id`, `u`.`role_id`, `u`.`username`, `r`.`role_id`, `r`.`description`, `r`.`role_name`
FROM `users` AS `u`
LEFT JOIN `role` AS `r` ON `u`.`role_id` = `r`.`role_id`
WHERE `u`.`username` = @__username_0
LIMIT 1
2026-08-05 20:38:31.123 +05:30 [INF] Microsoft.EntityFrameworkCore.Database.Command Executed DbCommand (3ms) [Parameters=[@__customer_UserId_0='?' (DbType = Int32)], CommandType='"Text"', CommandTimeout='30']
SELECT `b`.`booking_id`, `b`.`booking_date`, `b`.`booking_status`, `b`.`contact_email`, `b`.`contact_name`, `b`.`contact_phone`, `b`.`schedule_id`, `b`.`total_amount`, `b`.`tour_id`, `b`.`user_id`, `t`.`tour_id`, `t`.`add_ons`, `t`.`category_id`, `t`.`days`, `t`.`description`, `t`.`destination`, `t`.`do_and_dont`, `t`.`location`, `t`.`nights`, `t`.`passport_and_visa`, `t`.`price`, `t`.`stay_and_meals`, `t`.`subcat_id`, `t`.`tour_name`, `t`.`tour_type`, `t`.`weather`, `s`.`schedule_id`, `s`.`available_seats`, `s`.`start_date`, `s`.`status`, `s`.`total_seats`, `s`.`tour_id`
FROM `booking` AS `b`
LEFT JOIN `tour` AS `t` ON `b`.`tour_id` = `t`.`tour_id`
LEFT JOIN `schedule` AS `s` ON `b`.`schedule_id` = `s`.`schedule_id`
WHERE `b`.`user_id` = @__customer_UserId_0
ORDER BY `b`.`booking_date` DESC
2026-08-05 20:38:31.123 +05:30 [INF] Serilog.AspNetCore.RequestLoggingMiddleware GET /api/auth/me responded 200 in 8.8 ms
2026-08-05 20:38:31.138 +05:30 [INF] Microsoft.EntityFrameworkCore.Database.Command Executed DbCommand (1ms) [Parameters=[], CommandType='"Text"', CommandTimeout='30']
SELECT `r`.`booking_id`
FROM `review` AS `r`
WHERE `r`.`booking_id` IS NOT NULL
2026-08-05 20:38:31.148 +05:30 [INF] Serilog.AspNetCore.RequestLoggingMiddleware GET /api/reviews/reviewable responded 200 in 117.6 ms
2026-08-05 20:38:31.154 +05:30 [INF] Microsoft.EntityFrameworkCore.Database.Command Executed DbCommand (2ms) [Parameters=[@__user_UserId_0='?' (DbType = Int32)], CommandType='"Text"', CommandTimeout='30']
SELECT `b`.`booking_id`, `b`.`booking_date`, `b`.`booking_status`, `b`.`contact_email`, `b`.`contact_name`, `b`.`contact_phone`, `b`.`schedule_id`, `b`.`total_amount`, `b`.`tour_id`, `b`.`user_id`, `u`.`user_id`, `u`.`address`, `u`.`auth_provider`, `u`.`city`, `u`.`created_at`, `u`.`email`, `u`.`first_name`, `u`.`gender`, `u`.`isactive`, `u`.`last_name`, `u`.`password_hash`, `u`.`phone_number`, `u`.`provider_id`, `u`.`role_id`, `u`.`username`, `t`.`tour_id`, `t`.`add_ons`, `t`.`category_id`, `t`.`days`, `t`.`description`, `t`.`destination`, `t`.`do_and_dont`, `t`.`location`, `t`.`nights`, `t`.`passport_and_visa`, `t`.`price`, `t`.`stay_and_meals`, `t`.`subcat_id`, `t`.`tour_name`, `t`.`tour_type`, `t`.`weather`, `s`.`schedule_id`, `s`.`available_seats`, `s`.`start_date`, `s`.`status`, `s`.`total_seats`, `s`.`tour_id`, `p`.`pax_id`, `p`.`age`, `p`.`birth_date`, `p`.`booking_id`, `p`.`email`, `p`.`full_name`, `p`.`gender`, `p`.`passport_number`, `p`.`pax_type`
FROM `booking` AS `b`
LEFT JOIN `users` AS `u` ON `b`.`user_id` = `u`.`user_id`
LEFT JOIN `tour` AS `t` ON `b`.`tour_id` = `t`.`tour_id`
LEFT JOIN `schedule` AS `s` ON `b`.`schedule_id` = `s`.`schedule_id`
LEFT JOIN `passenger_details` AS `p` ON `b`.`booking_id` = `p`.`booking_id`
WHERE `b`.`user_id` = @__user_UserId_0
ORDER BY `b`.`booking_date` DESC, `b`.`booking_id` DESC, `u`.`user_id`, `t`.`tour_id`, `s`.`schedule_id`
2026-08-05 20:38:31.158 +05:30 [INF] Microsoft.EntityFrameworkCore.Database.Command Executed DbCommand (1ms) [Parameters=[@__username_0='?' (Size = 50)], CommandType='"Text"', CommandTimeout='30']
SELECT `u`.`user_id`, `u`.`address`, `u`.`auth_provider`, `u`.`city`, `u`.`created_at`, `u`.`email`, `u`.`first_name`, `u`.`gender`, `u`.`isactive`, `u`.`last_name`, `u`.`password_hash`, `u`.`phone_number`, `u`.`provider_id`, `u`.`role_id`, `u`.`username`
FROM `users` AS `u`
WHERE `u`.`username` = @__username_0
LIMIT 1
2026-08-05 20:38:31.164 +05:30 [INF] Microsoft.EntityFrameworkCore.Database.Command Executed DbCommand (3ms) [Parameters=[@__customer_UserId_0='?' (DbType = Int32)], CommandType='"Text"', CommandTimeout='30']
SELECT `b`.`booking_id`, `b`.`booking_date`, `b`.`booking_status`, `b`.`contact_email`, `b`.`contact_name`, `b`.`contact_phone`, `b`.`schedule_id`, `b`.`total_amount`, `b`.`tour_id`, `b`.`user_id`, `t`.`tour_id`, `t`.`add_ons`, `t`.`category_id`, `t`.`days`, `t`.`description`, `t`.`destination`, `t`.`do_and_dont`, `t`.`location`, `t`.`nights`, `t`.`passport_and_visa`, `t`.`price`, `t`.`stay_and_meals`, `t`.`subcat_id`, `t`.`tour_name`, `t`.`tour_type`, `t`.`weather`, `s`.`schedule_id`, `s`.`available_seats`, `s`.`start_date`, `s`.`status`, `s`.`total_seats`, `s`.`tour_id`
FROM `booking` AS `b`
LEFT JOIN `tour` AS `t` ON `b`.`tour_id` = `t`.`tour_id`
LEFT JOIN `schedule` AS `s` ON `b`.`schedule_id` = `s`.`schedule_id`
WHERE `b`.`user_id` = @__customer_UserId_0
ORDER BY `b`.`booking_date` DESC
2026-08-05 20:38:31.166 +05:30 [INF] Microsoft.EntityFrameworkCore.Database.Command Executed DbCommand (0ms) [Parameters=[], CommandType='"Text"', CommandTimeout='30']
SELECT `r`.`booking_id`
FROM `review` AS `r`
WHERE `r`.`booking_id` IS NOT NULL
2026-08-05 20:38:31.168 +05:30 [INF] Serilog.AspNetCore.RequestLoggingMiddleware GET /api/reviews/reviewable responded 200 in 14.5 ms
2026-08-05 20:38:31.261 +05:30 [INF] Microsoft.EntityFrameworkCore.Database.Command Executed DbCommand (1ms) [Parameters=[@__bookingId_0='?' (DbType = Int32)], CommandType='"Text"', CommandTimeout='30']
SELECT `p`.`payment_id`, `p`.`amount`, `p`.`booking_id`, `p`.`payment_date`, `p`.`payment_method`, `p`.`payment_status`
FROM `payment` AS `p`
WHERE `p`.`booking_id` = @__bookingId_0
ORDER BY `p`.`payment_id` DESC
LIMIT 1
2026-08-05 20:38:31.271 +05:30 [INF] Microsoft.EntityFrameworkCore.Database.Command Executed DbCommand (1ms) [Parameters=[@__tid_0='?' (DbType = Int32)], CommandType='"Text"', CommandTimeout='30']
SELECT `c`.`cost_id`, `c`.`adult_price`, `c`.`child_with_bed_price`, `c`.`child_without_bed_price`, `c`.`extra_person_price`, `c`.`is_active`, `c`.`single_person_price`, `c`.`tour_id`, `c`.`valid_from`, `c`.`valid_to`
FROM `cost` AS `c`
WHERE (`c`.`tour_id` = @__tid_0) AND `c`.`is_active`
2026-08-05 20:38:31.277 +05:30 [INF] Microsoft.EntityFrameworkCore.Database.Command Executed DbCommand (0ms) [Parameters=[@__bookingId_0='?' (DbType = Int32)], CommandType='"Text"', CommandTimeout='30']
SELECT `p`.`payment_id`, `p`.`amount`, `p`.`booking_id`, `p`.`payment_date`, `p`.`payment_method`, `p`.`payment_status`
FROM `payment` AS `p`
WHERE `p`.`booking_id` = @__bookingId_0
ORDER BY `p`.`payment_id` DESC
LIMIT 1
2026-08-05 20:38:31.279 +05:30 [INF] Microsoft.EntityFrameworkCore.Database.Command Executed DbCommand (0ms) [Parameters=[@__tid_0='?' (DbType = Int32)], CommandType='"Text"', CommandTimeout='30']
SELECT `c`.`cost_id`, `c`.`adult_price`, `c`.`child_with_bed_price`, `c`.`child_without_bed_price`, `c`.`extra_person_price`, `c`.`is_active`, `c`.`single_person_price`, `c`.`tour_id`, `c`.`valid_from`, `c`.`valid_to`
FROM `cost` AS `c`
WHERE (`c`.`tour_id` = @__tid_0) AND `c`.`is_active`
2026-08-05 20:38:31.281 +05:30 [INF] Microsoft.EntityFrameworkCore.Database.Command Executed DbCommand (0ms) [Parameters=[@__bookingId_0='?' (DbType = Int32)], CommandType='"Text"', CommandTimeout='30']
SELECT `p`.`payment_id`, `p`.`amount`, `p`.`booking_id`, `p`.`payment_date`, `p`.`payment_method`, `p`.`payment_status`
FROM `payment` AS `p`
WHERE `p`.`booking_id` = @__bookingId_0
ORDER BY `p`.`payment_id` DESC
LIMIT 1
2026-08-05 20:38:31.283 +05:30 [INF] Microsoft.EntityFrameworkCore.Database.Command Executed DbCommand (0ms) [Parameters=[@__tid_0='?' (DbType = Int32)], CommandType='"Text"', CommandTimeout='30']
SELECT `c`.`cost_id`, `c`.`adult_price`, `c`.`child_with_bed_price`, `c`.`child_without_bed_price`, `c`.`extra_person_price`, `c`.`is_active`, `c`.`single_person_price`, `c`.`tour_id`, `c`.`valid_from`, `c`.`valid_to`
FROM `cost` AS `c`
WHERE (`c`.`tour_id` = @__tid_0) AND `c`.`is_active`
2026-08-05 20:38:31.284 +05:30 [INF] Microsoft.EntityFrameworkCore.Database.Command Executed DbCommand (0ms) [Parameters=[@__bookingId_0='?' (DbType = Int32)], CommandType='"Text"', CommandTimeout='30']
SELECT `p`.`payment_id`, `p`.`amount`, `p`.`booking_id`, `p`.`payment_date`, `p`.`payment_method`, `p`.`payment_status`
FROM `payment` AS `p`
WHERE `p`.`booking_id` = @__bookingId_0
ORDER BY `p`.`payment_id` DESC
LIMIT 1
2026-08-05 20:38:31.286 +05:30 [INF] Microsoft.EntityFrameworkCore.Database.Command Executed DbCommand (0ms) [Parameters=[@__tid_0='?' (DbType = Int32)], CommandType='"Text"', CommandTimeout='30']
SELECT `c`.`cost_id`, `c`.`adult_price`, `c`.`child_with_bed_price`, `c`.`child_without_bed_price`, `c`.`extra_person_price`, `c`.`is_active`, `c`.`single_person_price`, `c`.`tour_id`, `c`.`valid_from`, `c`.`valid_to`
FROM `cost` AS `c`
WHERE (`c`.`tour_id` = @__tid_0) AND `c`.`is_active`
2026-08-05 20:38:31.288 +05:30 [INF] Microsoft.EntityFrameworkCore.Database.Command Executed DbCommand (0ms) [Parameters=[@__bookingId_0='?' (DbType = Int32)], CommandType='"Text"', CommandTimeout='30']
SELECT `p`.`payment_id`, `p`.`amount`, `p`.`booking_id`, `p`.`payment_date`, `p`.`payment_method`, `p`.`payment_status`
FROM `payment` AS `p`
WHERE `p`.`booking_id` = @__bookingId_0
ORDER BY `p`.`payment_id` DESC
LIMIT 1
2026-08-05 20:38:31.290 +05:30 [INF] Microsoft.EntityFrameworkCore.Database.Command Executed DbCommand (0ms) [Parameters=[@__tid_0='?' (DbType = Int32)], CommandType='"Text"', CommandTimeout='30']
SELECT `c`.`cost_id`, `c`.`adult_price`, `c`.`child_with_bed_price`, `c`.`child_without_bed_price`, `c`.`extra_person_price`, `c`.`is_active`, `c`.`single_person_price`, `c`.`tour_id`, `c`.`valid_from`, `c`.`valid_to`
FROM `cost` AS `c`
WHERE (`c`.`tour_id` = @__tid_0) AND `c`.`is_active`
2026-08-05 20:38:31.297 +05:30 [INF] Serilog.AspNetCore.RequestLoggingMiddleware GET /api/bookings/my responded 200 in 267.4 ms
2026-08-05 20:38:31.311 +05:30 [INF] Microsoft.EntityFrameworkCore.Database.Command Executed DbCommand (3ms) [Parameters=[@__username_0='?' (Size = 50)], CommandType='"Text"', CommandTimeout='30']
SELECT `u`.`user_id`, `u`.`address`, `u`.`auth_provider`, `u`.`city`, `u`.`created_at`, `u`.`email`, `u`.`first_name`, `u`.`gender`, `u`.`isactive`, `u`.`last_name`, `u`.`password_hash`, `u`.`phone_number`, `u`.`provider_id`, `u`.`role_id`, `u`.`username`
FROM `users` AS `u`
WHERE `u`.`username` = @__username_0
LIMIT 1
2026-08-05 20:38:31.355 +05:30 [INF] Microsoft.EntityFrameworkCore.Database.Command Executed DbCommand (2ms) [Parameters=[@__user_UserId_0='?' (DbType = Int32)], CommandType='"Text"', CommandTimeout='30']
SELECT `b`.`booking_id`, `b`.`booking_date`, `b`.`booking_status`, `b`.`contact_email`, `b`.`contact_name`, `b`.`contact_phone`, `b`.`schedule_id`, `b`.`total_amount`, `b`.`tour_id`, `b`.`user_id`, `u`.`user_id`, `u`.`address`, `u`.`auth_provider`, `u`.`city`, `u`.`created_at`, `u`.`email`, `u`.`first_name`, `u`.`gender`, `u`.`isactive`, `u`.`last_name`, `u`.`password_hash`, `u`.`phone_number`, `u`.`provider_id`, `u`.`role_id`, `u`.`username`, `t`.`tour_id`, `t`.`add_ons`, `t`.`category_id`, `t`.`days`, `t`.`description`, `t`.`destination`, `t`.`do_and_dont`, `t`.`location`, `t`.`nights`, `t`.`passport_and_visa`, `t`.`price`, `t`.`stay_and_meals`, `t`.`subcat_id`, `t`.`tour_name`, `t`.`tour_type`, `t`.`weather`, `s`.`schedule_id`, `s`.`available_seats`, `s`.`start_date`, `s`.`status`, `s`.`total_seats`, `s`.`tour_id`, `p`.`pax_id`, `p`.`age`, `p`.`birth_date`, `p`.`booking_id`, `p`.`email`, `p`.`full_name`, `p`.`gender`, `p`.`passport_number`, `p`.`pax_type`
FROM `booking` AS `b`
LEFT JOIN `users` AS `u` ON `b`.`user_id` = `u`.`user_id`
LEFT JOIN `tour` AS `t` ON `b`.`tour_id` = `t`.`tour_id`
LEFT JOIN `schedule` AS `s` ON `b`.`schedule_id` = `s`.`schedule_id`
LEFT JOIN `passenger_details` AS `p` ON `b`.`booking_id` = `p`.`booking_id`
WHERE `b`.`user_id` = @__user_UserId_0
ORDER BY `b`.`booking_date` DESC, `b`.`booking_id` DESC, `u`.`user_id`, `t`.`tour_id`, `s`.`schedule_id`
2026-08-05 20:38:31.360 +05:30 [INF] Microsoft.EntityFrameworkCore.Database.Command Executed DbCommand (0ms) [Parameters=[@__bookingId_0='?' (DbType = Int32)], CommandType='"Text"', CommandTimeout='30']
SELECT `p`.`payment_id`, `p`.`amount`, `p`.`booking_id`, `p`.`payment_date`, `p`.`payment_method`, `p`.`payment_status`
FROM `payment` AS `p`
WHERE `p`.`booking_id` = @__bookingId_0
ORDER BY `p`.`payment_id` DESC
LIMIT 1
2026-08-05 20:38:31.363 +05:30 [INF] Microsoft.EntityFrameworkCore.Database.Command Executed DbCommand (0ms) [Parameters=[@__tid_0='?' (DbType = Int32)], CommandType='"Text"', CommandTimeout='30']
SELECT `c`.`cost_id`, `c`.`adult_price`, `c`.`child_with_bed_price`, `c`.`child_without_bed_price`, `c`.`extra_person_price`, `c`.`is_active`, `c`.`single_person_price`, `c`.`tour_id`, `c`.`valid_from`, `c`.`valid_to`
FROM `cost` AS `c`
WHERE (`c`.`tour_id` = @__tid_0) AND `c`.`is_active`
2026-08-05 20:38:31.365 +05:30 [INF] Microsoft.EntityFrameworkCore.Database.Command Executed DbCommand (0ms) [Parameters=[@__bookingId_0='?' (DbType = Int32)], CommandType='"Text"', CommandTimeout='30']
SELECT `p`.`payment_id`, `p`.`amount`, `p`.`booking_id`, `p`.`payment_date`, `p`.`payment_method`, `p`.`payment_status`
FROM `payment` AS `p`
WHERE `p`.`booking_id` = @__bookingId_0
ORDER BY `p`.`payment_id` DESC
LIMIT 1
2026-08-05 20:38:31.367 +05:30 [INF] Microsoft.EntityFrameworkCore.Database.Command Executed DbCommand (0ms) [Parameters=[@__tid_0='?' (DbType = Int32)], CommandType='"Text"', CommandTimeout='30']
SELECT `c`.`cost_id`, `c`.`adult_price`, `c`.`child_with_bed_price`, `c`.`child_without_bed_price`, `c`.`extra_person_price`, `c`.`is_active`, `c`.`single_person_price`, `c`.`tour_id`, `c`.`valid_from`, `c`.`valid_to`
FROM `cost` AS `c`
WHERE (`c`.`tour_id` = @__tid_0) AND `c`.`is_active`
2026-08-05 20:38:31.369 +05:30 [INF] Microsoft.EntityFrameworkCore.Database.Command Executed DbCommand (0ms) [Parameters=[@__bookingId_0='?' (DbType = Int32)], CommandType='"Text"', CommandTimeout='30']
SELECT `p`.`payment_id`, `p`.`amount`, `p`.`booking_id`, `p`.`payment_date`, `p`.`payment_method`, `p`.`payment_status`
FROM `payment` AS `p`
WHERE `p`.`booking_id` = @__bookingId_0
ORDER BY `p`.`payment_id` DESC
LIMIT 1
2026-08-05 20:38:31.372 +05:30 [INF] Microsoft.EntityFrameworkCore.Database.Command Executed DbCommand (0ms) [Parameters=[@__tid_0='?' (DbType = Int32)], CommandType='"Text"', CommandTimeout='30']
SELECT `c`.`cost_id`, `c`.`adult_price`, `c`.`child_with_bed_price`, `c`.`child_without_bed_price`, `c`.`extra_person_price`, `c`.`is_active`, `c`.`single_person_price`, `c`.`tour_id`, `c`.`valid_from`, `c`.`valid_to`
FROM `cost` AS `c`
WHERE (`c`.`tour_id` = @__tid_0) AND `c`.`is_active`
2026-08-05 20:38:31.374 +05:30 [INF] Microsoft.EntityFrameworkCore.Database.Command Executed DbCommand (0ms) [Parameters=[@__bookingId_0='?' (DbType = Int32)], CommandType='"Text"', CommandTimeout='30']
SELECT `p`.`payment_id`, `p`.`amount`, `p`.`booking_id`, `p`.`payment_date`, `p`.`payment_method`, `p`.`payment_status`
FROM `payment` AS `p`
WHERE `p`.`booking_id` = @__bookingId_0
ORDER BY `p`.`payment_id` DESC
LIMIT 1
2026-08-05 20:38:31.377 +05:30 [INF] Microsoft.EntityFrameworkCore.Database.Command Executed DbCommand (0ms) [Parameters=[@__tid_0='?' (DbType = Int32)], CommandType='"Text"', CommandTimeout='30']
SELECT `c`.`cost_id`, `c`.`adult_price`, `c`.`child_with_bed_price`, `c`.`child_without_bed_price`, `c`.`extra_person_price`, `c`.`is_active`, `c`.`single_person_price`, `c`.`tour_id`, `c`.`valid_from`, `c`.`valid_to`
FROM `cost` AS `c`
WHERE (`c`.`tour_id` = @__tid_0) AND `c`.`is_active`
2026-08-05 20:38:31.379 +05:30 [INF] Microsoft.EntityFrameworkCore.Database.Command Executed DbCommand (0ms) [Parameters=[@__bookingId_0='?' (DbType = Int32)], CommandType='"Text"', CommandTimeout='30']
SELECT `p`.`payment_id`, `p`.`amount`, `p`.`booking_id`, `p`.`payment_date`, `p`.`payment_method`, `p`.`payment_status`
FROM `payment` AS `p`
WHERE `p`.`booking_id` = @__bookingId_0
ORDER BY `p`.`payment_id` DESC
LIMIT 1
2026-08-05 20:38:31.381 +05:30 [INF] Microsoft.EntityFrameworkCore.Database.Command Executed DbCommand (0ms) [Parameters=[@__tid_0='?' (DbType = Int32)], CommandType='"Text"', CommandTimeout='30']
SELECT `c`.`cost_id`, `c`.`adult_price`, `c`.`child_with_bed_price`, `c`.`child_without_bed_price`, `c`.`extra_person_price`, `c`.`is_active`, `c`.`single_person_price`, `c`.`tour_id`, `c`.`valid_from`, `c`.`valid_to`
FROM `cost` AS `c`
WHERE (`c`.`tour_id` = @__tid_0) AND `c`.`is_active`
2026-08-05 20:38:31.383 +05:30 [INF] Serilog.AspNetCore.RequestLoggingMiddleware GET /api/bookings/my responded 200 in 80.9 ms
2026-08-05 20:38:35.189 +05:30 [INF] Microsoft.EntityFrameworkCore.Database.Command Executed DbCommand (1ms) [Parameters=[], CommandType='"Text"', CommandTimeout='30']
SELECT `t`.`tour_id`, `t`.`add_ons`, `t`.`category_id`, `t`.`days`, `t`.`description`, `t`.`destination`, `t`.`do_and_dont`, `t`.`location`, `t`.`nights`, `t`.`passport_and_visa`, `t`.`price`, `t`.`stay_and_meals`, `t`.`subcat_id`, `t`.`tour_name`, `t`.`tour_type`, `t`.`weather`
FROM `tour` AS `t`
ORDER BY `t`.`tour_id`
2026-08-05 20:38:35.193 +05:30 [INF] Microsoft.EntityFrameworkCore.Database.Command Executed DbCommand (1ms) [Parameters=[], CommandType='"Text"', CommandTimeout='30']
SELECT `c`.`tour_id` AS `TourId`, MIN(`c`.`adult_price`) AS `Min`
FROM `cost` AS `c`
WHERE `c`.`tour_id` IS NOT NULL AND (`c`.`adult_price` IS NOT NULL)
GROUP BY `c`.`tour_id`
2026-08-05 20:38:35.197 +05:30 [INF] Microsoft.EntityFrameworkCore.Database.Command Executed DbCommand (1ms) [Parameters=[], CommandType='"Text"', CommandTimeout='30']
SELECT `r`.`tour_id` AS `TourId`, AVG(CAST(`r`.`rating` AS double)) AS `Avg`, CAST(COUNT(*) AS signed) AS `Count`
FROM `review` AS `r`
WHERE `r`.`tour_id` IS NOT NULL AND (`r`.`rating` IS NOT NULL)
GROUP BY `r`.`tour_id`
2026-08-05 20:38:35.200 +05:30 [INF] Microsoft.EntityFrameworkCore.Database.Command Executed DbCommand (1ms) [Parameters=[], CommandType='"Text"', CommandTimeout='30']
SELECT `t`.`tour_id` AS `TourId`, (
    SELECT `t0`.`source`
    FROM `tour_images` AS `t0`
    WHERE (`t0`.`is_primary` AND (`t0`.`tour_id` IS NOT NULL)) AND (`t`.`tour_id` = `t0`.`tour_id`)
    LIMIT 1) AS `Source`
FROM `tour_images` AS `t`
WHERE `t`.`is_primary` AND (`t`.`tour_id` IS NOT NULL)
GROUP BY `t`.`tour_id`
2026-08-05 20:38:35.201 +05:30 [INF] Serilog.AspNetCore.RequestLoggingMiddleware GET /api/tours responded 200 in 16.8 ms
2026-08-05 20:38:35.213 +05:30 [INF] Microsoft.EntityFrameworkCore.Database.Command Executed DbCommand (1ms) [Parameters=[], CommandType='"Text"', CommandTimeout='30']
SELECT `t`.`tour_id`, `t`.`add_ons`, `t`.`category_id`, `t`.`days`, `t`.`description`, `t`.`destination`, `t`.`do_and_dont`, `t`.`location`, `t`.`nights`, `t`.`passport_and_visa`, `t`.`price`, `t`.`stay_and_meals`, `t`.`subcat_id`, `t`.`tour_name`, `t`.`tour_type`, `t`.`weather`
FROM `tour` AS `t`
ORDER BY `t`.`tour_id`
2026-08-05 20:38:35.216 +05:30 [INF] Microsoft.EntityFrameworkCore.Database.Command Executed DbCommand (1ms) [Parameters=[], CommandType='"Text"', CommandTimeout='30']
SELECT `c`.`tour_id` AS `TourId`, MIN(`c`.`adult_price`) AS `Min`
FROM `cost` AS `c`
WHERE `c`.`tour_id` IS NOT NULL AND (`c`.`adult_price` IS NOT NULL)
GROUP BY `c`.`tour_id`
2026-08-05 20:38:35.220 +05:30 [INF] Microsoft.EntityFrameworkCore.Database.Command Executed DbCommand (1ms) [Parameters=[], CommandType='"Text"', CommandTimeout='30']
SELECT `r`.`tour_id` AS `TourId`, AVG(CAST(`r`.`rating` AS double)) AS `Avg`, CAST(COUNT(*) AS signed) AS `Count`
FROM `review` AS `r`
WHERE `r`.`tour_id` IS NOT NULL AND (`r`.`rating` IS NOT NULL)
GROUP BY `r`.`tour_id`
2026-08-05 20:38:35.223 +05:30 [INF] Microsoft.EntityFrameworkCore.Database.Command Executed DbCommand (1ms) [Parameters=[], CommandType='"Text"', CommandTimeout='30']
SELECT `t`.`tour_id` AS `TourId`, (
    SELECT `t0`.`source`
    FROM `tour_images` AS `t0`
    WHERE (`t0`.`is_primary` AND (`t0`.`tour_id` IS NOT NULL)) AND (`t`.`tour_id` = `t0`.`tour_id`)
    LIMIT 1) AS `Source`
FROM `tour_images` AS `t`
WHERE `t`.`is_primary` AND (`t`.`tour_id` IS NOT NULL)
GROUP BY `t`.`tour_id`
2026-08-05 20:38:35.226 +05:30 [INF] Serilog.AspNetCore.RequestLoggingMiddleware GET /api/tours responded 200 in 19.0 ms
2026-08-05 20:38:35.294 +05:30 [INF] Serilog.AspNetCore.RequestLoggingMiddleware GET /images/tours/australia-stadium.png responded 200 in 25.9 ms
2026-08-05 20:38:36.278 +05:30 [INF] Serilog.AspNetCore.RequestLoggingMiddleware GET /images/tours/england-stadium.png responded 200 in 21.2 ms
2026-08-05 20:38:37.880 +05:30 [INF] Microsoft.EntityFrameworkCore.Database.Command Executed DbCommand (2ms) [Parameters=[@__tourId_0='?' (DbType = Int32)], CommandType='"Text"', CommandTimeout='30']
SELECT `t`.`tour_id`, `t`.`add_ons`, `t`.`category_id`, `t`.`days`, `t`.`description`, `t`.`destination`, `t`.`do_and_dont`, `t`.`location`, `t`.`nights`, `t`.`passport_and_visa`, `t`.`price`, `t`.`stay_and_meals`, `t`.`subcat_id`, `t`.`tour_name`, `t`.`tour_type`, `t`.`weather`, `c`.`category_id`, `c`.`cat_code`, `c`.`cat_image_path`, `c`.`category_name`, `c`.`description`, `c`.`flag`, `c`.`parent_id`, `c`.`status`, `c`.`suitable_for`, `s`.`subcat_id`, `s`.`cat_id`, `s`.`flag`, `s`.`isactive`, `s`.`subcat_image_path`, `s`.`subcat_name`
FROM `tour` AS `t`
LEFT JOIN `category` AS `c` ON `t`.`category_id` = `c`.`category_id`
LEFT JOIN `sub_category_master` AS `s` ON `t`.`subcat_id` = `s`.`subcat_id`
WHERE `t`.`tour_id` = @__tourId_0
LIMIT 1
2026-08-05 20:38:37.894 +05:30 [INF] Microsoft.EntityFrameworkCore.Database.Command Executed DbCommand (1ms) [Parameters=[@__tourId_0='?' (DbType = Int32)], CommandType='"Text"', CommandTimeout='30']
SELECT `i`.`itinerary_id` AS `ItineraryId`, `i`.`day_number` AS `DayNumber`, `i`.`description` AS `Description`, `i`.`location` AS `Location`
FROM `itinerary` AS `i`
WHERE `i`.`tour_id` = @__tourId_0
ORDER BY `i`.`day_number`
2026-08-05 20:38:37.902 +05:30 [INF] Microsoft.EntityFrameworkCore.Database.Command Executed DbCommand (1ms) [Parameters=[@__tourId_0='?' (DbType = Int32), @__today_1='?' (DbType = Date)], CommandType='"Text"', CommandTimeout='30']
SELECT `s`.`schedule_id` AS `ScheduleId`, `s`.`start_date` AS `StartDate`, `s`.`available_seats` AS `AvailableSeats`, `s`.`total_seats` AS `TotalSeats`, `s`.`status` AS `Status`
FROM `schedule` AS `s`
WHERE ((`s`.`tour_id` = @__tourId_0) AND `s`.`start_date` IS NOT NULL) AND (`s`.`start_date` >= @__today_1)
ORDER BY `s`.`start_date`
2026-08-05 20:38:37.910 +05:30 [INF] Microsoft.EntityFrameworkCore.Database.Command Executed DbCommand (1ms) [Parameters=[@__tourId_0='?' (DbType = Int32)], CommandType='"Text"', CommandTimeout='30']
SELECT `c`.`cost_id` AS `CostId`, `c`.`adult_price` AS `AdultPrice`, `c`.`single_person_price` AS `SinglePersonPrice`, `c`.`extra_person_price` AS `ExtraPersonPrice`, `c`.`child_with_bed_price` AS `ChildWithBedPrice`, `c`.`child_without_bed_price` AS `ChildWithoutBedPrice`, `c`.`valid_from` AS `ValidFrom`, `c`.`valid_to` AS `ValidTo`, `c`.`is_active` AS `IsActive`
FROM `cost` AS `c`
WHERE `c`.`tour_id` = @__tourId_0
2026-08-05 20:38:37.916 +05:30 [INF] Microsoft.EntityFrameworkCore.Database.Command Executed DbCommand (0ms) [Parameters=[@__tourId_0='?' (DbType = Int32)], CommandType='"Text"', CommandTimeout='30']
SELECT `t`.`image_id` AS `ImageId`, `t`.`source` AS `Source`, `t`.`image_title` AS `ImageTitle`, `t`.`is_primary` AS `IsPrimary`, `t`.`upload_date` AS `UploadDate`
FROM `tour_images` AS `t`
WHERE `t`.`tour_id` = @__tourId_0
2026-08-05 20:38:37.928 +05:30 [INF] Microsoft.EntityFrameworkCore.Database.Command Executed DbCommand (1ms) [Parameters=[@__tourId_0='?' (DbType = Int32)], CommandType='"Text"', CommandTimeout='30']
SELECT CAST(`r`.`rating` AS double)
FROM `review` AS `r`
WHERE (`r`.`tour_id` = @__tourId_0) AND `r`.`rating` IS NOT NULL
2026-08-05 20:38:37.950 +05:30 [INF] Serilog.AspNetCore.RequestLoggingMiddleware GET /api/tours/6 responded 200 in 99.7 ms
2026-08-05 20:38:37.961 +05:30 [INF] Microsoft.EntityFrameworkCore.Database.Command Executed DbCommand (1ms) [Parameters=[@__tourId_0='?' (DbType = Int32)], CommandType='"Text"', CommandTimeout='30']
SELECT `t`.`tour_id`, `t`.`add_ons`, `t`.`category_id`, `t`.`days`, `t`.`description`, `t`.`destination`, `t`.`do_and_dont`, `t`.`location`, `t`.`nights`, `t`.`passport_and_visa`, `t`.`price`, `t`.`stay_and_meals`, `t`.`subcat_id`, `t`.`tour_name`, `t`.`tour_type`, `t`.`weather`, `c`.`category_id`, `c`.`cat_code`, `c`.`cat_image_path`, `c`.`category_name`, `c`.`description`, `c`.`flag`, `c`.`parent_id`, `c`.`status`, `c`.`suitable_for`, `s`.`subcat_id`, `s`.`cat_id`, `s`.`flag`, `s`.`isactive`, `s`.`subcat_image_path`, `s`.`subcat_name`
FROM `tour` AS `t`
LEFT JOIN `category` AS `c` ON `t`.`category_id` = `c`.`category_id`
LEFT JOIN `sub_category_master` AS `s` ON `t`.`subcat_id` = `s`.`subcat_id`
WHERE `t`.`tour_id` = @__tourId_0
LIMIT 1
2026-08-05 20:38:37.966 +05:30 [INF] Microsoft.EntityFrameworkCore.Database.Command Executed DbCommand (1ms) [Parameters=[@__tourId_0='?' (DbType = Int32)], CommandType='"Text"', CommandTimeout='30']
SELECT `i`.`itinerary_id` AS `ItineraryId`, `i`.`day_number` AS `DayNumber`, `i`.`description` AS `Description`, `i`.`location` AS `Location`
FROM `itinerary` AS `i`
WHERE `i`.`tour_id` = @__tourId_0
ORDER BY `i`.`day_number`
2026-08-05 20:38:37.969 +05:30 [INF] Microsoft.EntityFrameworkCore.Database.Command Executed DbCommand (1ms) [Parameters=[@__tourId_0='?' (DbType = Int32), @__today_1='?' (DbType = Date)], CommandType='"Text"', CommandTimeout='30']
SELECT `s`.`schedule_id` AS `ScheduleId`, `s`.`start_date` AS `StartDate`, `s`.`available_seats` AS `AvailableSeats`, `s`.`total_seats` AS `TotalSeats`, `s`.`status` AS `Status`
FROM `schedule` AS `s`
WHERE ((`s`.`tour_id` = @__tourId_0) AND `s`.`start_date` IS NOT NULL) AND (`s`.`start_date` >= @__today_1)
ORDER BY `s`.`start_date`
2026-08-05 20:38:37.971 +05:30 [INF] Microsoft.EntityFrameworkCore.Database.Command Executed DbCommand (1ms) [Parameters=[], CommandType='"Text"', CommandTimeout='30']
SELECT `c`.`category_id`, `c`.`cat_code`, `c`.`cat_image_path`, `c`.`category_name`, `c`.`description`, `c`.`flag`, `c`.`parent_id`, `c`.`status`, `c`.`suitable_for`
FROM `category` AS `c`
2026-08-05 20:38:37.972 +05:30 [INF] Microsoft.EntityFrameworkCore.Database.Command Executed DbCommand (0ms) [Parameters=[@__tourId_0='?' (DbType = Int32)], CommandType='"Text"', CommandTimeout='30']
SELECT `c`.`cost_id` AS `CostId`, `c`.`adult_price` AS `AdultPrice`, `c`.`single_person_price` AS `SinglePersonPrice`, `c`.`extra_person_price` AS `ExtraPersonPrice`, `c`.`child_with_bed_price` AS `ChildWithBedPrice`, `c`.`child_without_bed_price` AS `ChildWithoutBedPrice`, `c`.`valid_from` AS `ValidFrom`, `c`.`valid_to` AS `ValidTo`, `c`.`is_active` AS `IsActive`
FROM `cost` AS `c`
WHERE `c`.`tour_id` = @__tourId_0
2026-08-05 20:38:37.975 +05:30 [INF] Serilog.AspNetCore.RequestLoggingMiddleware GET /api/categories/7/breadcrumb responded 200 in 16.7 ms
2026-08-05 20:38:37.976 +05:30 [INF] Microsoft.EntityFrameworkCore.Database.Command Executed DbCommand (1ms) [Parameters=[@__tourId_0='?' (DbType = Int32)], CommandType='"Text"', CommandTimeout='30']
SELECT `t`.`image_id` AS `ImageId`, `t`.`source` AS `Source`, `t`.`image_title` AS `ImageTitle`, `t`.`is_primary` AS `IsPrimary`, `t`.`upload_date` AS `UploadDate`
FROM `tour_images` AS `t`
WHERE `t`.`tour_id` = @__tourId_0
2026-08-05 20:38:37.980 +05:30 [INF] Microsoft.EntityFrameworkCore.Database.Command Executed DbCommand (1ms) [Parameters=[@__tourId_0='?' (DbType = Int32)], CommandType='"Text"', CommandTimeout='30']
SELECT CAST(`r`.`rating` AS double)
FROM `review` AS `r`
WHERE (`r`.`tour_id` = @__tourId_0) AND `r`.`rating` IS NOT NULL
2026-08-05 20:38:37.982 +05:30 [INF] Serilog.AspNetCore.RequestLoggingMiddleware GET /api/tours/6 responded 200 in 24.9 ms
2026-08-05 20:38:37.989 +05:30 [INF] Microsoft.EntityFrameworkCore.Database.Command Executed DbCommand (1ms) [Parameters=[@__tourId_0='?' (DbType = Int32)], CommandType='"Text"', CommandTimeout='30']
SELECT `r`.`review_id`, `r`.`booking_id`, `r`.`customer_id`, `r`.`rating`, `r`.`review_date`, `r`.`review_description`, `r`.`review_title`, `r`.`tour_id`, `r`.`verification_status`, `u`.`user_id`, `u`.`address`, `u`.`auth_provider`, `u`.`city`, `u`.`created_at`, `u`.`email`, `u`.`first_name`, `u`.`gender`, `u`.`isactive`, `u`.`last_name`, `u`.`password_hash`, `u`.`phone_number`, `u`.`provider_id`, `u`.`role_id`, `u`.`username`, `t`.`tour_id`, `t`.`add_ons`, `t`.`category_id`, `t`.`days`, `t`.`description`, `t`.`destination`, `t`.`do_and_dont`, `t`.`location`, `t`.`nights`, `t`.`passport_and_visa`, `t`.`price`, `t`.`stay_and_meals`, `t`.`subcat_id`, `t`.`tour_name`, `t`.`tour_type`, `t`.`weather`
FROM `review` AS `r`
LEFT JOIN `users` AS `u` ON `r`.`customer_id` = `u`.`user_id`
LEFT JOIN `tour` AS `t` ON `r`.`tour_id` = `t`.`tour_id`
WHERE `r`.`tour_id` = @__tourId_0
ORDER BY `r`.`review_date` DESC
2026-08-05 20:38:37.993 +05:30 [INF] Microsoft.EntityFrameworkCore.Database.Command Executed DbCommand (0ms) [Parameters=[], CommandType='"Text"', CommandTimeout='30']
SELECT `c`.`category_id`, `c`.`cat_code`, `c`.`cat_image_path`, `c`.`category_name`, `c`.`description`, `c`.`flag`, `c`.`parent_id`, `c`.`status`, `c`.`suitable_for`
FROM `category` AS `c`
2026-08-05 20:38:37.995 +05:30 [INF] Serilog.AspNetCore.RequestLoggingMiddleware GET /api/categories/7/breadcrumb responded 200 in 5.9 ms
2026-08-05 20:38:38.006 +05:30 [INF] Serilog.AspNetCore.RequestLoggingMiddleware GET /api/reviews/tour/6 responded 200 in 47.3 ms
2026-08-05 20:38:38.015 +05:30 [INF] Microsoft.EntityFrameworkCore.Database.Command Executed DbCommand (1ms) [Parameters=[@__tourId_0='?' (DbType = Int32)], CommandType='"Text"', CommandTimeout='30']
SELECT `r`.`review_id`, `r`.`booking_id`, `r`.`customer_id`, `r`.`rating`, `r`.`review_date`, `r`.`review_description`, `r`.`review_title`, `r`.`tour_id`, `r`.`verification_status`, `u`.`user_id`, `u`.`address`, `u`.`auth_provider`, `u`.`city`, `u`.`created_at`, `u`.`email`, `u`.`first_name`, `u`.`gender`, `u`.`isactive`, `u`.`last_name`, `u`.`password_hash`, `u`.`phone_number`, `u`.`provider_id`, `u`.`role_id`, `u`.`username`, `t`.`tour_id`, `t`.`add_ons`, `t`.`category_id`, `t`.`days`, `t`.`description`, `t`.`destination`, `t`.`do_and_dont`, `t`.`location`, `t`.`nights`, `t`.`passport_and_visa`, `t`.`price`, `t`.`stay_and_meals`, `t`.`subcat_id`, `t`.`tour_name`, `t`.`tour_type`, `t`.`weather`
FROM `review` AS `r`
LEFT JOIN `users` AS `u` ON `r`.`customer_id` = `u`.`user_id`
LEFT JOIN `tour` AS `t` ON `r`.`tour_id` = `t`.`tour_id`
WHERE `r`.`tour_id` = @__tourId_0
ORDER BY `r`.`review_date` DESC
2026-08-05 20:38:38.016 +05:30 [INF] Serilog.AspNetCore.RequestLoggingMiddleware GET /api/reviews/tour/6 responded 200 in 5.6 ms
2026-08-05 20:38:52.735 +05:30 [INF] Microsoft.EntityFrameworkCore.Database.Command Executed DbCommand (3ms) [Parameters=[], CommandType='"Text"', CommandTimeout='30']
SELECT `t`.`tour_id`, `t`.`add_ons`, `t`.`category_id`, `t`.`days`, `t`.`description`, `t`.`destination`, `t`.`do_and_dont`, `t`.`location`, `t`.`nights`, `t`.`passport_and_visa`, `t`.`price`, `t`.`stay_and_meals`, `t`.`subcat_id`, `t`.`tour_name`, `t`.`tour_type`, `t`.`weather`
FROM `tour` AS `t`
ORDER BY `t`.`tour_id`
2026-08-05 20:38:52.736 +05:30 [INF] Microsoft.EntityFrameworkCore.Database.Command Executed DbCommand (2ms) [Parameters=[], CommandType='"Text"', CommandTimeout='30']
SELECT `f`.`feedback_id`, `f`.`category`, `f`.`created_at`, `f`.`email`, `f`.`message`, `f`.`name`, `f`.`page_url`, `f`.`published`, `f`.`rating`, `f`.`status`, `f`.`user_id`
FROM `feedback` AS `f`
WHERE `f`.`published`
ORDER BY `f`.`feedback_id` DESC
2026-08-05 20:38:52.739 +05:30 [INF] Microsoft.EntityFrameworkCore.Database.Command Executed DbCommand (1ms) [Parameters=[], CommandType='"Text"', CommandTimeout='30']
SELECT `c`.`category_id`, `c`.`cat_code`, `c`.`cat_image_path`, `c`.`category_name`, `c`.`description`, `c`.`flag`, `c`.`parent_id`, `c`.`status`, `c`.`suitable_for`
FROM `category` AS `c`
WHERE `c`.`parent_id` IS NULL
ORDER BY `c`.`category_id`
2026-08-05 20:38:52.742 +05:30 [INF] Microsoft.EntityFrameworkCore.Database.Command Executed DbCommand (1ms) [Parameters=[], CommandType='"Text"', CommandTimeout='30']
SELECT `c`.`tour_id` AS `TourId`, MIN(`c`.`adult_price`) AS `Min`
FROM `cost` AS `c`
WHERE `c`.`tour_id` IS NOT NULL AND (`c`.`adult_price` IS NOT NULL)
GROUP BY `c`.`tour_id`
2026-08-05 20:38:52.743 +05:30 [INF] Serilog.AspNetCore.RequestLoggingMiddleware GET /api/feedback/published responded 200 in 16.1 ms
2026-08-05 20:38:52.745 +05:30 [INF] Microsoft.EntityFrameworkCore.Database.Command Executed DbCommand (1ms) [Parameters=[], CommandType='"Text"', CommandTimeout='30']
SELECT `c`.`category_id`, `c`.`cat_code`, `c`.`cat_image_path`, `c`.`category_name`, `c`.`description`, `c`.`flag`, `c`.`parent_id`, `c`.`status`, `c`.`suitable_for`
FROM `category` AS `c`
2026-08-05 20:38:52.748 +05:30 [INF] Microsoft.EntityFrameworkCore.Database.Command Executed DbCommand (1ms) [Parameters=[], CommandType='"Text"', CommandTimeout='30']
SELECT `r`.`tour_id` AS `TourId`, AVG(CAST(`r`.`rating` AS double)) AS `Avg`, CAST(COUNT(*) AS signed) AS `Count`
FROM `review` AS `r`
WHERE `r`.`tour_id` IS NOT NULL AND (`r`.`rating` IS NOT NULL)
GROUP BY `r`.`tour_id`
2026-08-05 20:38:52.752 +05:30 [INF] Microsoft.EntityFrameworkCore.Database.Command Executed DbCommand (0ms) [Parameters=[], CommandType='"Text"', CommandTimeout='30']
SELECT `t`.`tour_id` AS `TourId`, `t`.`category_id` AS `CategoryId`
FROM `tour` AS `t`
2026-08-05 20:38:52.754 +05:30 [INF] Microsoft.EntityFrameworkCore.Database.Command Executed DbCommand (1ms) [Parameters=[], CommandType='"Text"', CommandTimeout='30']
SELECT `t`.`tour_id` AS `TourId`, (
    SELECT `t0`.`source`
    FROM `tour_images` AS `t0`
    WHERE (`t0`.`is_primary` AND (`t0`.`tour_id` IS NOT NULL)) AND (`t`.`tour_id` = `t0`.`tour_id`)
    LIMIT 1) AS `Source`
FROM `tour_images` AS `t`
WHERE `t`.`is_primary` AND (`t`.`tour_id` IS NOT NULL)
GROUP BY `t`.`tour_id`
2026-08-05 20:38:52.755 +05:30 [INF] Microsoft.EntityFrameworkCore.Database.Command Executed DbCommand (1ms) [Parameters=[], CommandType='"Text"', CommandTimeout='30']
SELECT `f`.`feedback_id`, `f`.`category`, `f`.`created_at`, `f`.`email`, `f`.`message`, `f`.`name`, `f`.`page_url`, `f`.`published`, `f`.`rating`, `f`.`status`, `f`.`user_id`
FROM `feedback` AS `f`
WHERE `f`.`published`
ORDER BY `f`.`feedback_id` DESC
2026-08-05 20:38:52.756 +05:30 [INF] Serilog.AspNetCore.RequestLoggingMiddleware GET /api/categories/roots responded 200 in 28.9 ms
2026-08-05 20:38:52.757 +05:30 [INF] Serilog.AspNetCore.RequestLoggingMiddleware GET /api/tours responded 200 in 30.4 ms
2026-08-05 20:38:52.759 +05:30 [INF] Serilog.AspNetCore.RequestLoggingMiddleware GET /api/feedback/published responded 200 in 8.5 ms
2026-08-05 20:38:52.771 +05:30 [INF] Microsoft.EntityFrameworkCore.Database.Command Executed DbCommand (1ms) [Parameters=[], CommandType='"Text"', CommandTimeout='30']
SELECT `c`.`category_id`, `c`.`cat_code`, `c`.`cat_image_path`, `c`.`category_name`, `c`.`description`, `c`.`flag`, `c`.`parent_id`, `c`.`status`, `c`.`suitable_for`
FROM `category` AS `c`
WHERE `c`.`parent_id` IS NULL
ORDER BY `c`.`category_id`
2026-08-05 20:38:52.775 +05:30 [INF] Microsoft.EntityFrameworkCore.Database.Command Executed DbCommand (1ms) [Parameters=[], CommandType='"Text"', CommandTimeout='30']
SELECT `c`.`category_id`, `c`.`cat_code`, `c`.`cat_image_path`, `c`.`category_name`, `c`.`description`, `c`.`flag`, `c`.`parent_id`, `c`.`status`, `c`.`suitable_for`
FROM `category` AS `c`
2026-08-05 20:38:52.777 +05:30 [INF] Microsoft.EntityFrameworkCore.Database.Command Executed DbCommand (1ms) [Parameters=[], CommandType='"Text"', CommandTimeout='30']
SELECT `t`.`tour_id`, `t`.`add_ons`, `t`.`category_id`, `t`.`days`, `t`.`description`, `t`.`destination`, `t`.`do_and_dont`, `t`.`location`, `t`.`nights`, `t`.`passport_and_visa`, `t`.`price`, `t`.`stay_and_meals`, `t`.`subcat_id`, `t`.`tour_name`, `t`.`tour_type`, `t`.`weather`
FROM `tour` AS `t`
ORDER BY `t`.`tour_id`
2026-08-05 20:38:52.779 +05:30 [INF] Microsoft.EntityFrameworkCore.Database.Command Executed DbCommand (0ms) [Parameters=[], CommandType='"Text"', CommandTimeout='30']
SELECT `t`.`tour_id` AS `TourId`, `t`.`category_id` AS `CategoryId`
FROM `tour` AS `t`
2026-08-05 20:38:52.781 +05:30 [INF] Microsoft.EntityFrameworkCore.Database.Command Executed DbCommand (1ms) [Parameters=[], CommandType='"Text"', CommandTimeout='30']
SELECT `c`.`tour_id` AS `TourId`, MIN(`c`.`adult_price`) AS `Min`
FROM `cost` AS `c`
WHERE `c`.`tour_id` IS NOT NULL AND (`c`.`adult_price` IS NOT NULL)
GROUP BY `c`.`tour_id`
2026-08-05 20:38:52.781 +05:30 [INF] Serilog.AspNetCore.RequestLoggingMiddleware GET /api/categories/roots responded 200 in 16.3 ms
2026-08-05 20:38:52.786 +05:30 [INF] Microsoft.EntityFrameworkCore.Database.Command Executed DbCommand (1ms) [Parameters=[], CommandType='"Text"', CommandTimeout='30']
SELECT `r`.`tour_id` AS `TourId`, AVG(CAST(`r`.`rating` AS double)) AS `Avg`, CAST(COUNT(*) AS signed) AS `Count`
FROM `review` AS `r`
WHERE `r`.`tour_id` IS NOT NULL AND (`r`.`rating` IS NOT NULL)
GROUP BY `r`.`tour_id`
2026-08-05 20:38:52.791 +05:30 [INF] Microsoft.EntityFrameworkCore.Database.Command Executed DbCommand (1ms) [Parameters=[], CommandType='"Text"', CommandTimeout='30']
SELECT `t`.`tour_id` AS `TourId`, (
    SELECT `t0`.`source`
    FROM `tour_images` AS `t0`
    WHERE (`t0`.`is_primary` AND (`t0`.`tour_id` IS NOT NULL)) AND (`t`.`tour_id` = `t0`.`tour_id`)
    LIMIT 1) AS `Source`
FROM `tour_images` AS `t`
WHERE `t`.`is_primary` AND (`t`.`tour_id` IS NOT NULL)
GROUP BY `t`.`tour_id`
2026-08-05 20:38:52.794 +05:30 [INF] Serilog.AspNetCore.RequestLoggingMiddleware GET /api/tours responded 200 in 22.3 ms
2026-08-05 20:38:55.746 +05:30 [INF] Microsoft.EntityFrameworkCore.Database.Command Executed DbCommand (0ms) [Parameters=[], CommandType='"Text"', CommandTimeout='30']
SELECT `f`.`feedback_id`, `f`.`category`, `f`.`created_at`, `f`.`email`, `f`.`message`, `f`.`name`, `f`.`page_url`, `f`.`published`, `f`.`rating`, `f`.`status`, `f`.`user_id`
FROM `feedback` AS `f`
WHERE `f`.`published`
ORDER BY `f`.`feedback_id` DESC
2026-08-05 20:38:55.748 +05:30 [INF] Serilog.AspNetCore.RequestLoggingMiddleware GET /api/feedback/published responded 200 in 6.0 ms
2026-08-05 20:38:55.756 +05:30 [INF] Microsoft.EntityFrameworkCore.Database.Command Executed DbCommand (0ms) [Parameters=[], CommandType='"Text"', CommandTimeout='30']
SELECT `f`.`feedback_id`, `f`.`category`, `f`.`created_at`, `f`.`email`, `f`.`message`, `f`.`name`, `f`.`page_url`, `f`.`published`, `f`.`rating`, `f`.`status`, `f`.`user_id`
FROM `feedback` AS `f`
WHERE `f`.`published`
ORDER BY `f`.`feedback_id` DESC
2026-08-05 20:38:55.758 +05:30 [INF] Serilog.AspNetCore.RequestLoggingMiddleware GET /api/feedback/published responded 200 in 5.4 ms
2026-08-05 20:39:06.180 +05:30 [INF] Microsoft.EntityFrameworkCore.Database.Command Executed DbCommand (1ms) [Parameters=[@__username_0='?' (Size = 50)], CommandType='"Text"', CommandTimeout='30']
SELECT `u`.`user_id`, `u`.`address`, `u`.`auth_provider`, `u`.`city`, `u`.`created_at`, `u`.`email`, `u`.`first_name`, `u`.`gender`, `u`.`isactive`, `u`.`last_name`, `u`.`password_hash`, `u`.`phone_number`, `u`.`provider_id`, `u`.`role_id`, `u`.`username`
FROM `users` AS `u`
WHERE `u`.`username` = @__username_0
LIMIT 1
2026-08-05 20:39:06.431 +05:30 [INF] Microsoft.EntityFrameworkCore.Database.Command Executed DbCommand (5ms) [Parameters=[@p0='?' (Size = 30), @p1='?' (DbType = DateTime), @p2='?' (Size = 120), @p3='?' (Size = 2000), @p4='?' (Size = 120), @p5='?' (Size = 255), @p6='?' (DbType = Boolean), @p7='?' (DbType = Int32), @p8='?' (Size = 20), @p9='?' (DbType = Int32)], CommandType='"Text"', CommandTimeout='30']
INSERT INTO `feedback` (`category`, `created_at`, `email`, `message`, `name`, `page_url`, `published`, `rating`, `status`, `user_id`)
VALUES (@p0, @p1, @p2, @p3, @p4, @p5, @p6, @p7, @p8, @p9);
SELECT `feedback_id`
FROM `feedback`
WHERE ROW_COUNT() = 1 AND `feedback_id` = LAST_INSERT_ID();
2026-08-05 20:39:06.462 +05:30 [INF] ETour.Api.Service.FeedbackService Website feedback #100 received: SUGGESTION from Aditya
2026-08-05 20:39:06.468 +05:30 [INF] Serilog.AspNetCore.RequestLoggingMiddleware POST /api/feedback responded 201 in 337.4 ms
2026-08-05 20:39:07.795 +05:30 [INF] Microsoft.EntityFrameworkCore.Database.Command Executed DbCommand (1ms) [Parameters=[], CommandType='"Text"', CommandTimeout='30']
SELECT `c`.`category_id`, `c`.`cat_code`, `c`.`cat_image_path`, `c`.`category_name`, `c`.`description`, `c`.`flag`, `c`.`parent_id`, `c`.`status`, `c`.`suitable_for`
FROM `category` AS `c`
WHERE `c`.`parent_id` IS NULL
ORDER BY `c`.`category_id`
2026-08-05 20:39:07.795 +05:30 [INF] Microsoft.EntityFrameworkCore.Database.Command Executed DbCommand (1ms) [Parameters=[], CommandType='"Text"', CommandTimeout='30']
SELECT `f`.`feedback_id`, `f`.`category`, `f`.`created_at`, `f`.`email`, `f`.`message`, `f`.`name`, `f`.`page_url`, `f`.`published`, `f`.`rating`, `f`.`status`, `f`.`user_id`
FROM `feedback` AS `f`
WHERE `f`.`published`
ORDER BY `f`.`feedback_id` DESC
2026-08-05 20:39:07.796 +05:30 [INF] Microsoft.EntityFrameworkCore.Database.Command Executed DbCommand (0ms) [Parameters=[], CommandType='"Text"', CommandTimeout='30']
SELECT `t`.`tour_id`, `t`.`add_ons`, `t`.`category_id`, `t`.`days`, `t`.`description`, `t`.`destination`, `t`.`do_and_dont`, `t`.`location`, `t`.`nights`, `t`.`passport_and_visa`, `t`.`price`, `t`.`stay_and_meals`, `t`.`subcat_id`, `t`.`tour_name`, `t`.`tour_type`, `t`.`weather`
FROM `tour` AS `t`
ORDER BY `t`.`tour_id`
2026-08-05 20:39:07.798 +05:30 [INF] Microsoft.EntityFrameworkCore.Database.Command Executed DbCommand (0ms) [Parameters=[], CommandType='"Text"', CommandTimeout='30']
SELECT `c`.`category_id`, `c`.`cat_code`, `c`.`cat_image_path`, `c`.`category_name`, `c`.`description`, `c`.`flag`, `c`.`parent_id`, `c`.`status`, `c`.`suitable_for`
FROM `category` AS `c`
2026-08-05 20:39:07.798 +05:30 [INF] Serilog.AspNetCore.RequestLoggingMiddleware GET /api/feedback/published responded 200 in 8.1 ms
2026-08-05 20:39:07.802 +05:30 [INF] Microsoft.EntityFrameworkCore.Database.Command Executed DbCommand (1ms) [Parameters=[], CommandType='"Text"', CommandTimeout='30']
SELECT `c`.`tour_id` AS `TourId`, MIN(`c`.`adult_price`) AS `Min`
FROM `cost` AS `c`
WHERE `c`.`tour_id` IS NOT NULL AND (`c`.`adult_price` IS NOT NULL)
GROUP BY `c`.`tour_id`
2026-08-05 20:39:07.803 +05:30 [INF] Microsoft.EntityFrameworkCore.Database.Command Executed DbCommand (1ms) [Parameters=[], CommandType='"Text"', CommandTimeout='30']
SELECT `t`.`tour_id` AS `TourId`, `t`.`category_id` AS `CategoryId`
FROM `tour` AS `t`
2026-08-05 20:39:07.807 +05:30 [INF] Microsoft.EntityFrameworkCore.Database.Command Executed DbCommand (1ms) [Parameters=[], CommandType='"Text"', CommandTimeout='30']
SELECT `r`.`tour_id` AS `TourId`, AVG(CAST(`r`.`rating` AS double)) AS `Avg`, CAST(COUNT(*) AS signed) AS `Count`
FROM `review` AS `r`
WHERE `r`.`tour_id` IS NOT NULL AND (`r`.`rating` IS NOT NULL)
GROUP BY `r`.`tour_id`
2026-08-05 20:39:07.808 +05:30 [INF] Serilog.AspNetCore.RequestLoggingMiddleware GET /api/categories/roots responded 200 in 17.9 ms
2026-08-05 20:39:07.810 +05:30 [INF] Microsoft.EntityFrameworkCore.Database.Command Executed DbCommand (1ms) [Parameters=[], CommandType='"Text"', CommandTimeout='30']
SELECT `f`.`feedback_id`, `f`.`category`, `f`.`created_at`, `f`.`email`, `f`.`message`, `f`.`name`, `f`.`page_url`, `f`.`published`, `f`.`rating`, `f`.`status`, `f`.`user_id`
FROM `feedback` AS `f`
WHERE `f`.`published`
ORDER BY `f`.`feedback_id` DESC
2026-08-05 20:39:07.821 +05:30 [INF] Microsoft.EntityFrameworkCore.Database.Command Executed DbCommand (0ms) [Parameters=[], CommandType='"Text"', CommandTimeout='30']
SELECT `c`.`category_id`, `c`.`cat_code`, `c`.`cat_image_path`, `c`.`category_name`, `c`.`description`, `c`.`flag`, `c`.`parent_id`, `c`.`status`, `c`.`suitable_for`
FROM `category` AS `c`
WHERE `c`.`parent_id` IS NULL
ORDER BY `c`.`category_id`
2026-08-05 20:39:07.821 +05:30 [INF] Microsoft.EntityFrameworkCore.Database.Command Executed DbCommand (1ms) [Parameters=[], CommandType='"Text"', CommandTimeout='30']
SELECT `t`.`tour_id` AS `TourId`, (
    SELECT `t0`.`source`
    FROM `tour_images` AS `t0`
    WHERE (`t0`.`is_primary` AND (`t0`.`tour_id` IS NOT NULL)) AND (`t`.`tour_id` = `t0`.`tour_id`)
    LIMIT 1) AS `Source`
FROM `tour_images` AS `t`
WHERE `t`.`is_primary` AND (`t`.`tour_id` IS NOT NULL)
GROUP BY `t`.`tour_id`
2026-08-05 20:39:07.826 +05:30 [INF] Serilog.AspNetCore.RequestLoggingMiddleware GET /api/feedback/published responded 200 in 21.8 ms
2026-08-05 20:39:07.832 +05:30 [INF] Microsoft.EntityFrameworkCore.Database.Command Executed DbCommand (1ms) [Parameters=[], CommandType='"Text"', CommandTimeout='30']
SELECT `c`.`category_id`, `c`.`cat_code`, `c`.`cat_image_path`, `c`.`category_name`, `c`.`description`, `c`.`flag`, `c`.`parent_id`, `c`.`status`, `c`.`suitable_for`
FROM `category` AS `c`
2026-08-05 20:39:07.834 +05:30 [INF] Serilog.AspNetCore.RequestLoggingMiddleware GET /api/tours responded 200 in 42.5 ms
2026-08-05 20:39:07.847 +05:30 [INF] Microsoft.EntityFrameworkCore.Database.Command Executed DbCommand (0ms) [Parameters=[], CommandType='"Text"', CommandTimeout='30']
SELECT `t`.`tour_id` AS `TourId`, `t`.`category_id` AS `CategoryId`
FROM `tour` AS `t`
2026-08-05 20:39:07.851 +05:30 [INF] Microsoft.EntityFrameworkCore.Database.Command Executed DbCommand (1ms) [Parameters=[], CommandType='"Text"', CommandTimeout='30']
SELECT `t`.`tour_id`, `t`.`add_ons`, `t`.`category_id`, `t`.`days`, `t`.`description`, `t`.`destination`, `t`.`do_and_dont`, `t`.`location`, `t`.`nights`, `t`.`passport_and_visa`, `t`.`price`, `t`.`stay_and_meals`, `t`.`subcat_id`, `t`.`tour_name`, `t`.`tour_type`, `t`.`weather`
FROM `tour` AS `t`
ORDER BY `t`.`tour_id`
2026-08-05 20:39:07.852 +05:30 [INF] Serilog.AspNetCore.RequestLoggingMiddleware GET /api/categories/roots responded 200 in 36.5 ms
2026-08-05 20:39:07.855 +05:30 [INF] Microsoft.EntityFrameworkCore.Database.Command Executed DbCommand (1ms) [Parameters=[], CommandType='"Text"', CommandTimeout='30']
SELECT `c`.`tour_id` AS `TourId`, MIN(`c`.`adult_price`) AS `Min`
FROM `cost` AS `c`
WHERE `c`.`tour_id` IS NOT NULL AND (`c`.`adult_price` IS NOT NULL)
GROUP BY `c`.`tour_id`
2026-08-05 20:39:07.860 +05:30 [INF] Microsoft.EntityFrameworkCore.Database.Command Executed DbCommand (1ms) [Parameters=[], CommandType='"Text"', CommandTimeout='30']
SELECT `r`.`tour_id` AS `TourId`, AVG(CAST(`r`.`rating` AS double)) AS `Avg`, CAST(COUNT(*) AS signed) AS `Count`
FROM `review` AS `r`
WHERE `r`.`tour_id` IS NOT NULL AND (`r`.`rating` IS NOT NULL)
GROUP BY `r`.`tour_id`
2026-08-05 20:39:07.863 +05:30 [INF] Microsoft.EntityFrameworkCore.Database.Command Executed DbCommand (1ms) [Parameters=[], CommandType='"Text"', CommandTimeout='30']
SELECT `t`.`tour_id` AS `TourId`, (
    SELECT `t0`.`source`
    FROM `tour_images` AS `t0`
    WHERE (`t0`.`is_primary` AND (`t0`.`tour_id` IS NOT NULL)) AND (`t`.`tour_id` = `t0`.`tour_id`)
    LIMIT 1) AS `Source`
FROM `tour_images` AS `t`
WHERE `t`.`is_primary` AND (`t`.`tour_id` IS NOT NULL)
GROUP BY `t`.`tour_id`
2026-08-05 20:39:07.866 +05:30 [INF] Serilog.AspNetCore.RequestLoggingMiddleware GET /api/tours responded 200 in 21.7 ms
2026-08-05 20:39:11.825 +05:30 [INF] Serilog.AspNetCore.RequestLoggingMiddleware GET /api/auth/providers responded 200 in 4.7 ms
2026-08-05 20:39:11.833 +05:30 [INF] Serilog.AspNetCore.RequestLoggingMiddleware GET /api/auth/providers responded 200 in 2.8 ms
2026-08-05 20:39:15.655 +05:30 [INF] Microsoft.EntityFrameworkCore.Database.Command Executed DbCommand (1ms) [Parameters=[@__r_Username_0='?' (Size = 50)], CommandType='"Text"', CommandTimeout='30']
SELECT `u`.`user_id`, `u`.`address`, `u`.`auth_provider`, `u`.`city`, `u`.`created_at`, `u`.`email`, `u`.`first_name`, `u`.`gender`, `u`.`isactive`, `u`.`last_name`, `u`.`password_hash`, `u`.`phone_number`, `u`.`provider_id`, `u`.`role_id`, `u`.`username`, `r`.`role_id`, `r`.`description`, `r`.`role_name`
FROM `users` AS `u`
LEFT JOIN `role` AS `r` ON `u`.`role_id` = `r`.`role_id`
WHERE `u`.`username` = @__r_Username_0
LIMIT 1
2026-08-05 20:39:15.728 +05:30 [INF] Serilog.AspNetCore.RequestLoggingMiddleware POST /api/auth/login responded 200 in 79.2 ms
2026-08-05 20:39:15.744 +05:30 [INF] Microsoft.EntityFrameworkCore.Database.Command Executed DbCommand (1ms) [Parameters=[@__username_0='?' (Size = 50)], CommandType='"Text"', CommandTimeout='30']
SELECT `u`.`user_id`, `u`.`address`, `u`.`auth_provider`, `u`.`city`, `u`.`created_at`, `u`.`email`, `u`.`first_name`, `u`.`gender`, `u`.`isactive`, `u`.`last_name`, `u`.`password_hash`, `u`.`phone_number`, `u`.`provider_id`, `u`.`role_id`, `u`.`username`
FROM `users` AS `u`
WHERE `u`.`username` = @__username_0
LIMIT 1
2026-08-05 20:39:15.745 +05:30 [INF] Microsoft.EntityFrameworkCore.Database.Command Executed DbCommand (0ms) [Parameters=[@__username_0='?' (Size = 50)], CommandType='"Text"', CommandTimeout='30']
SELECT `u`.`user_id`, `u`.`address`, `u`.`auth_provider`, `u`.`city`, `u`.`created_at`, `u`.`email`, `u`.`first_name`, `u`.`gender`, `u`.`isactive`, `u`.`last_name`, `u`.`password_hash`, `u`.`phone_number`, `u`.`provider_id`, `u`.`role_id`, `u`.`username`, `r`.`role_id`, `r`.`description`, `r`.`role_name`
FROM `users` AS `u`
LEFT JOIN `role` AS `r` ON `u`.`role_id` = `r`.`role_id`
WHERE `u`.`username` = @__username_0
LIMIT 1
2026-08-05 20:39:15.748 +05:30 [INF] Microsoft.EntityFrameworkCore.Database.Command Executed DbCommand (0ms) [Parameters=[@__username_0='?' (Size = 50)], CommandType='"Text"', CommandTimeout='30']
SELECT `u`.`user_id`, `u`.`address`, `u`.`auth_provider`, `u`.`city`, `u`.`created_at`, `u`.`email`, `u`.`first_name`, `u`.`gender`, `u`.`isactive`, `u`.`last_name`, `u`.`password_hash`, `u`.`phone_number`, `u`.`provider_id`, `u`.`role_id`, `u`.`username`
FROM `users` AS `u`
WHERE `u`.`username` = @__username_0
LIMIT 1
2026-08-05 20:39:15.748 +05:30 [INF] Microsoft.EntityFrameworkCore.Database.Command Executed DbCommand (1ms) [Parameters=[@__customer_UserId_0='?' (DbType = Int32)], CommandType='"Text"', CommandTimeout='30']
SELECT `b`.`booking_id`, `b`.`booking_date`, `b`.`booking_status`, `b`.`contact_email`, `b`.`contact_name`, `b`.`contact_phone`, `b`.`schedule_id`, `b`.`total_amount`, `b`.`tour_id`, `b`.`user_id`, `t`.`tour_id`, `t`.`add_ons`, `t`.`category_id`, `t`.`days`, `t`.`description`, `t`.`destination`, `t`.`do_and_dont`, `t`.`location`, `t`.`nights`, `t`.`passport_and_visa`, `t`.`price`, `t`.`stay_and_meals`, `t`.`subcat_id`, `t`.`tour_name`, `t`.`tour_type`, `t`.`weather`, `s`.`schedule_id`, `s`.`available_seats`, `s`.`start_date`, `s`.`status`, `s`.`total_seats`, `s`.`tour_id`
FROM `booking` AS `b`
LEFT JOIN `tour` AS `t` ON `b`.`tour_id` = `t`.`tour_id`
LEFT JOIN `schedule` AS `s` ON `b`.`schedule_id` = `s`.`schedule_id`
WHERE `b`.`user_id` = @__customer_UserId_0
ORDER BY `b`.`booking_date` DESC
2026-08-05 20:39:15.749 +05:30 [INF] Serilog.AspNetCore.RequestLoggingMiddleware GET /api/auth/me responded 200 in 8.8 ms
2026-08-05 20:39:15.753 +05:30 [INF] Microsoft.EntityFrameworkCore.Database.Command Executed DbCommand (1ms) [Parameters=[], CommandType='"Text"', CommandTimeout='30']
SELECT `r`.`booking_id`
FROM `review` AS `r`
WHERE `r`.`booking_id` IS NOT NULL
2026-08-05 20:39:15.753 +05:30 [INF] Microsoft.EntityFrameworkCore.Database.Command Executed DbCommand (2ms) [Parameters=[@__user_UserId_0='?' (DbType = Int32)], CommandType='"Text"', CommandTimeout='30']
SELECT `b`.`booking_id`, `b`.`booking_date`, `b`.`booking_status`, `b`.`contact_email`, `b`.`contact_name`, `b`.`contact_phone`, `b`.`schedule_id`, `b`.`total_amount`, `b`.`tour_id`, `b`.`user_id`, `u`.`user_id`, `u`.`address`, `u`.`auth_provider`, `u`.`city`, `u`.`created_at`, `u`.`email`, `u`.`first_name`, `u`.`gender`, `u`.`isactive`, `u`.`last_name`, `u`.`password_hash`, `u`.`phone_number`, `u`.`provider_id`, `u`.`role_id`, `u`.`username`, `t`.`tour_id`, `t`.`add_ons`, `t`.`category_id`, `t`.`days`, `t`.`description`, `t`.`destination`, `t`.`do_and_dont`, `t`.`location`, `t`.`nights`, `t`.`passport_and_visa`, `t`.`price`, `t`.`stay_and_meals`, `t`.`subcat_id`, `t`.`tour_name`, `t`.`tour_type`, `t`.`weather`, `s`.`schedule_id`, `s`.`available_seats`, `s`.`start_date`, `s`.`status`, `s`.`total_seats`, `s`.`tour_id`, `p`.`pax_id`, `p`.`age`, `p`.`birth_date`, `p`.`booking_id`, `p`.`email`, `p`.`full_name`, `p`.`gender`, `p`.`passport_number`, `p`.`pax_type`
FROM `booking` AS `b`
LEFT JOIN `users` AS `u` ON `b`.`user_id` = `u`.`user_id`
LEFT JOIN `tour` AS `t` ON `b`.`tour_id` = `t`.`tour_id`
LEFT JOIN `schedule` AS `s` ON `b`.`schedule_id` = `s`.`schedule_id`
LEFT JOIN `passenger_details` AS `p` ON `b`.`booking_id` = `p`.`booking_id`
WHERE `b`.`user_id` = @__user_UserId_0
ORDER BY `b`.`booking_date` DESC, `b`.`booking_id` DESC, `u`.`user_id`, `t`.`tour_id`, `s`.`schedule_id`
2026-08-05 20:39:15.755 +05:30 [INF] Serilog.AspNetCore.RequestLoggingMiddleware GET /api/reviews/reviewable responded 200 in 15.4 ms
2026-08-05 20:39:15.758 +05:30 [INF] Serilog.AspNetCore.RequestLoggingMiddleware GET /api/bookings/my responded 200 in 18.1 ms
2026-08-05 20:39:15.759 +05:30 [INF] Microsoft.EntityFrameworkCore.Database.Command Executed DbCommand (1ms) [Parameters=[@__username_0='?' (Size = 50)], CommandType='"Text"', CommandTimeout='30']
SELECT `u`.`user_id`, `u`.`address`, `u`.`auth_provider`, `u`.`city`, `u`.`created_at`, `u`.`email`, `u`.`first_name`, `u`.`gender`, `u`.`isactive`, `u`.`last_name`, `u`.`password_hash`, `u`.`phone_number`, `u`.`provider_id`, `u`.`role_id`, `u`.`username`, `r`.`role_id`, `r`.`description`, `r`.`role_name`
FROM `users` AS `u`
LEFT JOIN `role` AS `r` ON `u`.`role_id` = `r`.`role_id`
WHERE `u`.`username` = @__username_0
LIMIT 1
2026-08-05 20:39:15.764 +05:30 [INF] Serilog.AspNetCore.RequestLoggingMiddleware GET /api/auth/me responded 200 in 10.9 ms
2026-08-05 20:39:15.767 +05:30 [INF] Microsoft.EntityFrameworkCore.Database.Command Executed DbCommand (1ms) [Parameters=[@__username_0='?' (Size = 50)], CommandType='"Text"', CommandTimeout='30']
SELECT `u`.`user_id`, `u`.`address`, `u`.`auth_provider`, `u`.`city`, `u`.`created_at`, `u`.`email`, `u`.`first_name`, `u`.`gender`, `u`.`isactive`, `u`.`last_name`, `u`.`password_hash`, `u`.`phone_number`, `u`.`provider_id`, `u`.`role_id`, `u`.`username`
FROM `users` AS `u`
WHERE `u`.`username` = @__username_0
LIMIT 1
2026-08-05 20:39:15.771 +05:30 [INF] Microsoft.EntityFrameworkCore.Database.Command Executed DbCommand (0ms) [Parameters=[@__customer_UserId_0='?' (DbType = Int32)], CommandType='"Text"', CommandTimeout='30']
SELECT `b`.`booking_id`, `b`.`booking_date`, `b`.`booking_status`, `b`.`contact_email`, `b`.`contact_name`, `b`.`contact_phone`, `b`.`schedule_id`, `b`.`total_amount`, `b`.`tour_id`, `b`.`user_id`, `t`.`tour_id`, `t`.`add_ons`, `t`.`category_id`, `t`.`days`, `t`.`description`, `t`.`destination`, `t`.`do_and_dont`, `t`.`location`, `t`.`nights`, `t`.`passport_and_visa`, `t`.`price`, `t`.`stay_and_meals`, `t`.`subcat_id`, `t`.`tour_name`, `t`.`tour_type`, `t`.`weather`, `s`.`schedule_id`, `s`.`available_seats`, `s`.`start_date`, `s`.`status`, `s`.`total_seats`, `s`.`tour_id`
FROM `booking` AS `b`
LEFT JOIN `tour` AS `t` ON `b`.`tour_id` = `t`.`tour_id`
LEFT JOIN `schedule` AS `s` ON `b`.`schedule_id` = `s`.`schedule_id`
WHERE `b`.`user_id` = @__customer_UserId_0
ORDER BY `b`.`booking_date` DESC
2026-08-05 20:39:15.771 +05:30 [INF] Microsoft.EntityFrameworkCore.Database.Command Executed DbCommand (0ms) [Parameters=[@__username_0='?' (Size = 50)], CommandType='"Text"', CommandTimeout='30']
SELECT `u`.`user_id`, `u`.`address`, `u`.`auth_provider`, `u`.`city`, `u`.`created_at`, `u`.`email`, `u`.`first_name`, `u`.`gender`, `u`.`isactive`, `u`.`last_name`, `u`.`password_hash`, `u`.`phone_number`, `u`.`provider_id`, `u`.`role_id`, `u`.`username`
FROM `users` AS `u`
WHERE `u`.`username` = @__username_0
LIMIT 1
2026-08-05 20:39:15.775 +05:30 [INF] Microsoft.EntityFrameworkCore.Database.Command Executed DbCommand (1ms) [Parameters=[], CommandType='"Text"', CommandTimeout='30']
SELECT `r`.`booking_id`
FROM `review` AS `r`
WHERE `r`.`booking_id` IS NOT NULL
2026-08-05 20:39:15.776 +05:30 [INF] Microsoft.EntityFrameworkCore.Database.Command Executed DbCommand (1ms) [Parameters=[@__user_UserId_0='?' (DbType = Int32)], CommandType='"Text"', CommandTimeout='30']
SELECT `b`.`booking_id`, `b`.`booking_date`, `b`.`booking_status`, `b`.`contact_email`, `b`.`contact_name`, `b`.`contact_phone`, `b`.`schedule_id`, `b`.`total_amount`, `b`.`tour_id`, `b`.`user_id`, `u`.`user_id`, `u`.`address`, `u`.`auth_provider`, `u`.`city`, `u`.`created_at`, `u`.`email`, `u`.`first_name`, `u`.`gender`, `u`.`isactive`, `u`.`last_name`, `u`.`password_hash`, `u`.`phone_number`, `u`.`provider_id`, `u`.`role_id`, `u`.`username`, `t`.`tour_id`, `t`.`add_ons`, `t`.`category_id`, `t`.`days`, `t`.`description`, `t`.`destination`, `t`.`do_and_dont`, `t`.`location`, `t`.`nights`, `t`.`passport_and_visa`, `t`.`price`, `t`.`stay_and_meals`, `t`.`subcat_id`, `t`.`tour_name`, `t`.`tour_type`, `t`.`weather`, `s`.`schedule_id`, `s`.`available_seats`, `s`.`start_date`, `s`.`status`, `s`.`total_seats`, `s`.`tour_id`, `p`.`pax_id`, `p`.`age`, `p`.`birth_date`, `p`.`booking_id`, `p`.`email`, `p`.`full_name`, `p`.`gender`, `p`.`passport_number`, `p`.`pax_type`
FROM `booking` AS `b`
LEFT JOIN `users` AS `u` ON `b`.`user_id` = `u`.`user_id`
LEFT JOIN `tour` AS `t` ON `b`.`tour_id` = `t`.`tour_id`
LEFT JOIN `schedule` AS `s` ON `b`.`schedule_id` = `s`.`schedule_id`
LEFT JOIN `passenger_details` AS `p` ON `b`.`booking_id` = `p`.`booking_id`
WHERE `b`.`user_id` = @__user_UserId_0
ORDER BY `b`.`booking_date` DESC, `b`.`booking_id` DESC, `u`.`user_id`, `t`.`tour_id`, `s`.`schedule_id`
2026-08-05 20:39:15.777 +05:30 [INF] Serilog.AspNetCore.RequestLoggingMiddleware GET /api/reviews/reviewable responded 200 in 14.9 ms
2026-08-05 20:39:15.779 +05:30 [INF] Serilog.AspNetCore.RequestLoggingMiddleware GET /api/bookings/my responded 200 in 13.5 ms
2026-08-05 20:39:21.162 +05:30 [INF] Microsoft.EntityFrameworkCore.Database.Command Executed DbCommand (1ms) [Parameters=[], CommandType='"Text"', CommandTimeout='30']
SELECT `t`.`tour_id`
FROM `tour` AS `t`
ORDER BY `t`.`tour_id`
2026-08-05 20:39:21.166 +05:30 [INF] Microsoft.EntityFrameworkCore.Database.Command Executed DbCommand (2ms) [Parameters=[@__tourId_0='?' (DbType = Int32)], CommandType='"Text"', CommandTimeout='30']
SELECT `t`.`tour_id`, `t`.`add_ons`, `t`.`category_id`, `t`.`days`, `t`.`description`, `t`.`destination`, `t`.`do_and_dont`, `t`.`location`, `t`.`nights`, `t`.`passport_and_visa`, `t`.`price`, `t`.`stay_and_meals`, `t`.`subcat_id`, `t`.`tour_name`, `t`.`tour_type`, `t`.`weather`, `c`.`category_id`, `c`.`cat_code`, `c`.`cat_image_path`, `c`.`category_name`, `c`.`description`, `c`.`flag`, `c`.`parent_id`, `c`.`status`, `c`.`suitable_for`, `s`.`subcat_id`, `s`.`cat_id`, `s`.`flag`, `s`.`isactive`, `s`.`subcat_image_path`, `s`.`subcat_name`
FROM `tour` AS `t`
LEFT JOIN `category` AS `c` ON `t`.`category_id` = `c`.`category_id`
LEFT JOIN `sub_category_master` AS `s` ON `t`.`subcat_id` = `s`.`subcat_id`
WHERE `t`.`tour_id` = @__tourId_0
LIMIT 1
2026-08-05 20:39:21.170 +05:30 [INF] Microsoft.EntityFrameworkCore.Database.Command Executed DbCommand (2ms) [Parameters=[], CommandType='"Text"', CommandTimeout='30']
SELECT `u`.`user_id`, `u`.`address`, `u`.`auth_provider`, `u`.`city`, `u`.`created_at`, `u`.`email`, `u`.`first_name`, `u`.`gender`, `u`.`isactive`, `u`.`last_name`, `u`.`password_hash`, `u`.`phone_number`, `u`.`provider_id`, `u`.`role_id`, `u`.`username`, `r`.`role_id`, `r`.`description`, `r`.`role_name`
FROM `users` AS `u`
LEFT JOIN `role` AS `r` ON `u`.`role_id` = `r`.`role_id`
ORDER BY `u`.`user_id`
2026-08-05 20:39:21.171 +05:30 [INF] Microsoft.EntityFrameworkCore.Database.Command Executed DbCommand (1ms) [Parameters=[@__tourId_0='?' (DbType = Int32)], CommandType='"Text"', CommandTimeout='30']
SELECT `i`.`itinerary_id` AS `ItineraryId`, `i`.`day_number` AS `DayNumber`, `i`.`description` AS `Description`, `i`.`location` AS `Location`
FROM `itinerary` AS `i`
WHERE `i`.`tour_id` = @__tourId_0
ORDER BY `i`.`day_number`
2026-08-05 20:39:21.174 +05:30 [INF] Microsoft.EntityFrameworkCore.Database.Command Executed DbCommand (1ms) [Parameters=[@__tourId_0='?' (DbType = Int32), @__today_1='?' (DbType = Date)], CommandType='"Text"', CommandTimeout='30']
SELECT `s`.`schedule_id` AS `ScheduleId`, `s`.`start_date` AS `StartDate`, `s`.`available_seats` AS `AvailableSeats`, `s`.`total_seats` AS `TotalSeats`, `s`.`status` AS `Status`
FROM `schedule` AS `s`
WHERE ((`s`.`tour_id` = @__tourId_0) AND `s`.`start_date` IS NOT NULL) AND (`s`.`start_date` >= @__today_1)
ORDER BY `s`.`start_date`
2026-08-05 20:39:21.177 +05:30 [INF] Microsoft.EntityFrameworkCore.Database.Command Executed DbCommand (1ms) [Parameters=[@__tourId_0='?' (DbType = Int32)], CommandType='"Text"', CommandTimeout='30']
SELECT `c`.`cost_id` AS `CostId`, `c`.`adult_price` AS `AdultPrice`, `c`.`single_person_price` AS `SinglePersonPrice`, `c`.`extra_person_price` AS `ExtraPersonPrice`, `c`.`child_with_bed_price` AS `ChildWithBedPrice`, `c`.`child_without_bed_price` AS `ChildWithoutBedPrice`, `c`.`valid_from` AS `ValidFrom`, `c`.`valid_to` AS `ValidTo`, `c`.`is_active` AS `IsActive`
FROM `cost` AS `c`
WHERE `c`.`tour_id` = @__tourId_0
2026-08-05 20:39:21.177 +05:30 [INF] Microsoft.EntityFrameworkCore.Database.Command Executed DbCommand (0ms) [Parameters=[], CommandType='"Text"', CommandTimeout='30']
SELECT `b`.`user_id` AS `UserId`, `b`.`booking_status` AS `BookingStatus`, `b`.`total_amount` AS `TotalAmount`
FROM `booking` AS `b`
2026-08-05 20:39:21.178 +05:30 [WRN] Microsoft.EntityFrameworkCore.Query Compiling a query which loads related collections for more than one collection navigation, either via 'Include' or through projection, but no 'QuerySplittingBehavior' has been configured. By default, Entity Framework will use 'QuerySplittingBehavior.SingleQuery', which can potentially result in slow query performance. See https://go.microsoft.com/fwlink/?linkid=2134277 for more information. To identify the query that's triggering this warning call 'ConfigureWarnings(w => w.Throw(RelationalEventId.MultipleCollectionIncludeWarning))'.
2026-08-05 20:39:21.180 +05:30 [INF] Microsoft.EntityFrameworkCore.Database.Command Executed DbCommand (0ms) [Parameters=[@__tourId_0='?' (DbType = Int32)], CommandType='"Text"', CommandTimeout='30']
SELECT `t`.`image_id` AS `ImageId`, `t`.`source` AS `Source`, `t`.`image_title` AS `ImageTitle`, `t`.`is_primary` AS `IsPrimary`, `t`.`upload_date` AS `UploadDate`
FROM `tour_images` AS `t`
WHERE `t`.`tour_id` = @__tourId_0
2026-08-05 20:39:21.184 +05:30 [INF] Microsoft.EntityFrameworkCore.Database.Command Executed DbCommand (0ms) [Parameters=[@__tourId_0='?' (DbType = Int32)], CommandType='"Text"', CommandTimeout='30']
SELECT CAST(`r`.`rating` AS double)
FROM `review` AS `r`
WHERE (`r`.`tour_id` = @__tourId_0) AND `r`.`rating` IS NOT NULL
2026-08-05 20:39:21.187 +05:30 [INF] Microsoft.EntityFrameworkCore.Database.Command Executed DbCommand (1ms) [Parameters=[@__tourId_0='?' (DbType = Int32)], CommandType='"Text"', CommandTimeout='30']
SELECT `t`.`tour_id`, `t`.`add_ons`, `t`.`category_id`, `t`.`days`, `t`.`description`, `t`.`destination`, `t`.`do_and_dont`, `t`.`location`, `t`.`nights`, `t`.`passport_and_visa`, `t`.`price`, `t`.`stay_and_meals`, `t`.`subcat_id`, `t`.`tour_name`, `t`.`tour_type`, `t`.`weather`, `c`.`category_id`, `c`.`cat_code`, `c`.`cat_image_path`, `c`.`category_name`, `c`.`description`, `c`.`flag`, `c`.`parent_id`, `c`.`status`, `c`.`suitable_for`, `s`.`subcat_id`, `s`.`cat_id`, `s`.`flag`, `s`.`isactive`, `s`.`subcat_image_path`, `s`.`subcat_name`
FROM `tour` AS `t`
LEFT JOIN `category` AS `c` ON `t`.`category_id` = `c`.`category_id`
LEFT JOIN `sub_category_master` AS `s` ON `t`.`subcat_id` = `s`.`subcat_id`
WHERE `t`.`tour_id` = @__tourId_0
LIMIT 1
2026-08-05 20:39:21.190 +05:30 [INF] Microsoft.EntityFrameworkCore.Database.Command Executed DbCommand (1ms) [Parameters=[@__tourId_0='?' (DbType = Int32)], CommandType='"Text"', CommandTimeout='30']
SELECT `i`.`itinerary_id` AS `ItineraryId`, `i`.`day_number` AS `DayNumber`, `i`.`description` AS `Description`, `i`.`location` AS `Location`
FROM `itinerary` AS `i`
WHERE `i`.`tour_id` = @__tourId_0
ORDER BY `i`.`day_number`
2026-08-05 20:39:21.194 +05:30 [INF] Microsoft.EntityFrameworkCore.Database.Command Executed DbCommand (1ms) [Parameters=[@__tourId_0='?' (DbType = Int32), @__today_1='?' (DbType = Date)], CommandType='"Text"', CommandTimeout='30']
SELECT `s`.`schedule_id` AS `ScheduleId`, `s`.`start_date` AS `StartDate`, `s`.`available_seats` AS `AvailableSeats`, `s`.`total_seats` AS `TotalSeats`, `s`.`status` AS `Status`
FROM `schedule` AS `s`
WHERE ((`s`.`tour_id` = @__tourId_0) AND `s`.`start_date` IS NOT NULL) AND (`s`.`start_date` >= @__today_1)
ORDER BY `s`.`start_date`
2026-08-05 20:39:21.197 +05:30 [INF] Serilog.AspNetCore.RequestLoggingMiddleware GET /api/admin/users responded 200 in 52.9 ms
2026-08-05 20:39:21.198 +05:30 [INF] Microsoft.EntityFrameworkCore.Database.Command Executed DbCommand (0ms) [Parameters=[@__tourId_0='?' (DbType = Int32)], CommandType='"Text"', CommandTimeout='30']
SELECT `c`.`cost_id` AS `CostId`, `c`.`adult_price` AS `AdultPrice`, `c`.`single_person_price` AS `SinglePersonPrice`, `c`.`extra_person_price` AS `ExtraPersonPrice`, `c`.`child_with_bed_price` AS `ChildWithBedPrice`, `c`.`child_without_bed_price` AS `ChildWithoutBedPrice`, `c`.`valid_from` AS `ValidFrom`, `c`.`valid_to` AS `ValidTo`, `c`.`is_active` AS `IsActive`
FROM `cost` AS `c`
WHERE `c`.`tour_id` = @__tourId_0
2026-08-05 20:39:21.199 +05:30 [INF] Microsoft.EntityFrameworkCore.Database.Command Executed DbCommand (3ms) [Parameters=[], CommandType='"Text"', CommandTimeout='30']
SELECT `b`.`booking_id`, `b`.`booking_date`, `b`.`booking_status`, `b`.`contact_email`, `b`.`contact_name`, `b`.`contact_phone`, `b`.`schedule_id`, `b`.`total_amount`, `b`.`tour_id`, `b`.`user_id`, `u`.`user_id`, `u`.`address`, `u`.`auth_provider`, `u`.`city`, `u`.`created_at`, `u`.`email`, `u`.`first_name`, `u`.`gender`, `u`.`isactive`, `u`.`last_name`, `u`.`password_hash`, `u`.`phone_number`, `u`.`provider_id`, `u`.`role_id`, `u`.`username`, `t`.`tour_id`, `t`.`add_ons`, `t`.`category_id`, `t`.`days`, `t`.`description`, `t`.`destination`, `t`.`do_and_dont`, `t`.`location`, `t`.`nights`, `t`.`passport_and_visa`, `t`.`price`, `t`.`stay_and_meals`, `t`.`subcat_id`, `t`.`tour_name`, `t`.`tour_type`, `t`.`weather`, `s`.`schedule_id`, `s`.`available_seats`, `s`.`start_date`, `s`.`status`, `s`.`total_seats`, `s`.`tour_id`, `c`.`cancellation_id`, `p`.`pax_id`, `p`.`age`, `p`.`birth_date`, `p`.`booking_id`, `p`.`email`, `p`.`full_name`, `p`.`gender`, `p`.`passport_number`, `p`.`pax_type`, `p0`.`payment_id`, `p0`.`amount`, `p0`.`booking_id`, `p0`.`payment_date`, `p0`.`payment_method`, `p0`.`payment_status`, `c`.`booking_id`, `c`.`cancellation_date`, `c`.`reason`, `c`.`refund_amount`, `c`.`refund_status`, `c`.`remarks`
FROM `booking` AS `b`
LEFT JOIN `users` AS `u` ON `b`.`user_id` = `u`.`user_id`
LEFT JOIN `tour` AS `t` ON `b`.`tour_id` = `t`.`tour_id`
LEFT JOIN `schedule` AS `s` ON `b`.`schedule_id` = `s`.`schedule_id`
LEFT JOIN `cancellation` AS `c` ON `b`.`booking_id` = `c`.`booking_id`
LEFT JOIN `passenger_details` AS `p` ON `b`.`booking_id` = `p`.`booking_id`
LEFT JOIN `payment` AS `p0` ON `b`.`booking_id` = `p0`.`booking_id`
ORDER BY `b`.`booking_date` DESC, `b`.`booking_id` DESC, `u`.`user_id`, `t`.`tour_id`, `s`.`schedule_id`, `c`.`cancellation_id`, `p`.`pax_id`
2026-08-05 20:39:21.203 +05:30 [INF] Microsoft.EntityFrameworkCore.Database.Command Executed DbCommand (0ms) [Parameters=[@__tourId_0='?' (DbType = Int32)], CommandType='"Text"', CommandTimeout='30']
SELECT `t`.`image_id` AS `ImageId`, `t`.`source` AS `Source`, `t`.`image_title` AS `ImageTitle`, `t`.`is_primary` AS `IsPrimary`, `t`.`upload_date` AS `UploadDate`
FROM `tour_images` AS `t`
WHERE `t`.`tour_id` = @__tourId_0
2026-08-05 20:39:21.207 +05:30 [INF] Microsoft.EntityFrameworkCore.Database.Command Executed DbCommand (0ms) [Parameters=[@__tourId_0='?' (DbType = Int32)], CommandType='"Text"', CommandTimeout='30']
SELECT CAST(`r`.`rating` AS double)
FROM `review` AS `r`
WHERE (`r`.`tour_id` = @__tourId_0) AND `r`.`rating` IS NOT NULL
2026-08-05 20:39:21.210 +05:30 [INF] Microsoft.EntityFrameworkCore.Database.Command Executed DbCommand (1ms) [Parameters=[], CommandType='"Text"', CommandTimeout='30']
SELECT `u`.`user_id`, `u`.`address`, `u`.`auth_provider`, `u`.`city`, `u`.`created_at`, `u`.`email`, `u`.`first_name`, `u`.`gender`, `u`.`isactive`, `u`.`last_name`, `u`.`password_hash`, `u`.`phone_number`, `u`.`provider_id`, `u`.`role_id`, `u`.`username`, `r`.`role_id`, `r`.`description`, `r`.`role_name`
FROM `users` AS `u`
LEFT JOIN `role` AS `r` ON `u`.`role_id` = `r`.`role_id`
ORDER BY `u`.`user_id`
2026-08-05 20:39:21.210 +05:30 [INF] Microsoft.EntityFrameworkCore.Database.Command Executed DbCommand (0ms) [Parameters=[@__tourId_0='?' (DbType = Int32)], CommandType='"Text"', CommandTimeout='30']
SELECT `t`.`tour_id`, `t`.`add_ons`, `t`.`category_id`, `t`.`days`, `t`.`description`, `t`.`destination`, `t`.`do_and_dont`, `t`.`location`, `t`.`nights`, `t`.`passport_and_visa`, `t`.`price`, `t`.`stay_and_meals`, `t`.`subcat_id`, `t`.`tour_name`, `t`.`tour_type`, `t`.`weather`, `c`.`category_id`, `c`.`cat_code`, `c`.`cat_image_path`, `c`.`category_name`, `c`.`description`, `c`.`flag`, `c`.`parent_id`, `c`.`status`, `c`.`suitable_for`, `s`.`subcat_id`, `s`.`cat_id`, `s`.`flag`, `s`.`isactive`, `s`.`subcat_image_path`, `s`.`subcat_name`
FROM `tour` AS `t`
LEFT JOIN `category` AS `c` ON `t`.`category_id` = `c`.`category_id`
LEFT JOIN `sub_category_master` AS `s` ON `t`.`subcat_id` = `s`.`subcat_id`
WHERE `t`.`tour_id` = @__tourId_0
LIMIT 1
2026-08-05 20:39:21.213 +05:30 [INF] Microsoft.EntityFrameworkCore.Database.Command Executed DbCommand (0ms) [Parameters=[], CommandType='"Text"', CommandTimeout='30']
SELECT `b`.`user_id` AS `UserId`, `b`.`booking_status` AS `BookingStatus`, `b`.`total_amount` AS `TotalAmount`
FROM `booking` AS `b`
2026-08-05 20:39:21.215 +05:30 [INF] Microsoft.EntityFrameworkCore.Database.Command Executed DbCommand (0ms) [Parameters=[@__tourId_0='?' (DbType = Int32)], CommandType='"Text"', CommandTimeout='30']
SELECT `i`.`itinerary_id` AS `ItineraryId`, `i`.`day_number` AS `DayNumber`, `i`.`description` AS `Description`, `i`.`location` AS `Location`
FROM `itinerary` AS `i`
WHERE `i`.`tour_id` = @__tourId_0
ORDER BY `i`.`day_number`
2026-08-05 20:39:21.215 +05:30 [INF] Serilog.AspNetCore.RequestLoggingMiddleware GET /api/admin/users responded 200 in 11.3 ms
2026-08-05 20:39:21.218 +05:30 [INF] Microsoft.EntityFrameworkCore.Database.Command Executed DbCommand (1ms) [Parameters=[@__tourId_0='?' (DbType = Int32), @__today_1='?' (DbType = Date)], CommandType='"Text"', CommandTimeout='30']
SELECT `s`.`schedule_id` AS `ScheduleId`, `s`.`start_date` AS `StartDate`, `s`.`available_seats` AS `AvailableSeats`, `s`.`total_seats` AS `TotalSeats`, `s`.`status` AS `Status`
FROM `schedule` AS `s`
WHERE ((`s`.`tour_id` = @__tourId_0) AND `s`.`start_date` IS NOT NULL) AND (`s`.`start_date` >= @__today_1)
ORDER BY `s`.`start_date`
2026-08-05 20:39:21.222 +05:30 [INF] Microsoft.EntityFrameworkCore.Database.Command Executed DbCommand (0ms) [Parameters=[@__tourId_0='?' (DbType = Int32)], CommandType='"Text"', CommandTimeout='30']
SELECT `c`.`cost_id` AS `CostId`, `c`.`adult_price` AS `AdultPrice`, `c`.`single_person_price` AS `SinglePersonPrice`, `c`.`extra_person_price` AS `ExtraPersonPrice`, `c`.`child_with_bed_price` AS `ChildWithBedPrice`, `c`.`child_without_bed_price` AS `ChildWithoutBedPrice`, `c`.`valid_from` AS `ValidFrom`, `c`.`valid_to` AS `ValidTo`, `c`.`is_active` AS `IsActive`
FROM `cost` AS `c`
WHERE `c`.`tour_id` = @__tourId_0
2026-08-05 20:39:21.223 +05:30 [INF] Serilog.AspNetCore.RequestLoggingMiddleware GET /api/admin/bookings responded 200 in 78.9 ms
2026-08-05 20:39:21.224 +05:30 [INF] Microsoft.EntityFrameworkCore.Database.Command Executed DbCommand (0ms) [Parameters=[@__tourId_0='?' (DbType = Int32)], CommandType='"Text"', CommandTimeout='30']
SELECT `t`.`image_id` AS `ImageId`, `t`.`source` AS `Source`, `t`.`image_title` AS `ImageTitle`, `t`.`is_primary` AS `IsPrimary`, `t`.`upload_date` AS `UploadDate`
FROM `tour_images` AS `t`
WHERE `t`.`tour_id` = @__tourId_0
2026-08-05 20:39:21.228 +05:30 [INF] Microsoft.EntityFrameworkCore.Database.Command Executed DbCommand (0ms) [Parameters=[@__tourId_0='?' (DbType = Int32)], CommandType='"Text"', CommandTimeout='30']
SELECT CAST(`r`.`rating` AS double)
FROM `review` AS `r`
WHERE (`r`.`tour_id` = @__tourId_0) AND `r`.`rating` IS NOT NULL
2026-08-05 20:39:21.230 +05:30 [INF] Microsoft.EntityFrameworkCore.Database.Command Executed DbCommand (0ms) [Parameters=[@__tourId_0='?' (DbType = Int32)], CommandType='"Text"', CommandTimeout='30']
SELECT `t`.`tour_id`, `t`.`add_ons`, `t`.`category_id`, `t`.`days`, `t`.`description`, `t`.`destination`, `t`.`do_and_dont`, `t`.`location`, `t`.`nights`, `t`.`passport_and_visa`, `t`.`price`, `t`.`stay_and_meals`, `t`.`subcat_id`, `t`.`tour_name`, `t`.`tour_type`, `t`.`weather`, `c`.`category_id`, `c`.`cat_code`, `c`.`cat_image_path`, `c`.`category_name`, `c`.`description`, `c`.`flag`, `c`.`parent_id`, `c`.`status`, `c`.`suitable_for`, `s`.`subcat_id`, `s`.`cat_id`, `s`.`flag`, `s`.`isactive`, `s`.`subcat_image_path`, `s`.`subcat_name`
FROM `tour` AS `t`
LEFT JOIN `category` AS `c` ON `t`.`category_id` = `c`.`category_id`
LEFT JOIN `sub_category_master` AS `s` ON `t`.`subcat_id` = `s`.`subcat_id`
WHERE `t`.`tour_id` = @__tourId_0
LIMIT 1
2026-08-05 20:39:21.231 +05:30 [INF] Microsoft.EntityFrameworkCore.Database.Command Executed DbCommand (1ms) [Parameters=[], CommandType='"Text"', CommandTimeout='30']
SELECT `b`.`booking_id`, `b`.`booking_date`, `b`.`booking_status`, `b`.`contact_email`, `b`.`contact_name`, `b`.`contact_phone`, `b`.`schedule_id`, `b`.`total_amount`, `b`.`tour_id`, `b`.`user_id`, `u`.`user_id`, `u`.`address`, `u`.`auth_provider`, `u`.`city`, `u`.`created_at`, `u`.`email`, `u`.`first_name`, `u`.`gender`, `u`.`isactive`, `u`.`last_name`, `u`.`password_hash`, `u`.`phone_number`, `u`.`provider_id`, `u`.`role_id`, `u`.`username`, `t`.`tour_id`, `t`.`add_ons`, `t`.`category_id`, `t`.`days`, `t`.`description`, `t`.`destination`, `t`.`do_and_dont`, `t`.`location`, `t`.`nights`, `t`.`passport_and_visa`, `t`.`price`, `t`.`stay_and_meals`, `t`.`subcat_id`, `t`.`tour_name`, `t`.`tour_type`, `t`.`weather`, `s`.`schedule_id`, `s`.`available_seats`, `s`.`start_date`, `s`.`status`, `s`.`total_seats`, `s`.`tour_id`, `c`.`cancellation_id`, `p`.`pax_id`, `p`.`age`, `p`.`birth_date`, `p`.`booking_id`, `p`.`email`, `p`.`full_name`, `p`.`gender`, `p`.`passport_number`, `p`.`pax_type`, `p0`.`payment_id`, `p0`.`amount`, `p0`.`booking_id`, `p0`.`payment_date`, `p0`.`payment_method`, `p0`.`payment_status`, `c`.`booking_id`, `c`.`cancellation_date`, `c`.`reason`, `c`.`refund_amount`, `c`.`refund_status`, `c`.`remarks`
FROM `booking` AS `b`
LEFT JOIN `users` AS `u` ON `b`.`user_id` = `u`.`user_id`
LEFT JOIN `tour` AS `t` ON `b`.`tour_id` = `t`.`tour_id`
LEFT JOIN `schedule` AS `s` ON `b`.`schedule_id` = `s`.`schedule_id`
LEFT JOIN `cancellation` AS `c` ON `b`.`booking_id` = `c`.`booking_id`
LEFT JOIN `passenger_details` AS `p` ON `b`.`booking_id` = `p`.`booking_id`
LEFT JOIN `payment` AS `p0` ON `b`.`booking_id` = `p0`.`booking_id`
ORDER BY `b`.`booking_date` DESC, `b`.`booking_id` DESC, `u`.`user_id`, `t`.`tour_id`, `s`.`schedule_id`, `c`.`cancellation_id`, `p`.`pax_id`
2026-08-05 20:39:21.232 +05:30 [INF] Microsoft.EntityFrameworkCore.Database.Command Executed DbCommand (0ms) [Parameters=[@__tourId_0='?' (DbType = Int32)], CommandType='"Text"', CommandTimeout='30']
SELECT `i`.`itinerary_id` AS `ItineraryId`, `i`.`day_number` AS `DayNumber`, `i`.`description` AS `Description`, `i`.`location` AS `Location`
FROM `itinerary` AS `i`
WHERE `i`.`tour_id` = @__tourId_0
ORDER BY `i`.`day_number`
2026-08-05 20:39:21.234 +05:30 [INF] Serilog.AspNetCore.RequestLoggingMiddleware GET /api/admin/bookings responded 200 in 6.3 ms
2026-08-05 20:39:21.236 +05:30 [INF] Microsoft.EntityFrameworkCore.Database.Command Executed DbCommand (0ms) [Parameters=[@__tourId_0='?' (DbType = Int32), @__today_1='?' (DbType = Date)], CommandType='"Text"', CommandTimeout='30']
SELECT `s`.`schedule_id` AS `ScheduleId`, `s`.`start_date` AS `StartDate`, `s`.`available_seats` AS `AvailableSeats`, `s`.`total_seats` AS `TotalSeats`, `s`.`status` AS `Status`
FROM `schedule` AS `s`
WHERE ((`s`.`tour_id` = @__tourId_0) AND `s`.`start_date` IS NOT NULL) AND (`s`.`start_date` >= @__today_1)
ORDER BY `s`.`start_date`
2026-08-05 20:39:21.238 +05:30 [INF] Microsoft.EntityFrameworkCore.Database.Command Executed DbCommand (0ms) [Parameters=[@__tourId_0='?' (DbType = Int32)], CommandType='"Text"', CommandTimeout='30']
SELECT `c`.`cost_id` AS `CostId`, `c`.`adult_price` AS `AdultPrice`, `c`.`single_person_price` AS `SinglePersonPrice`, `c`.`extra_person_price` AS `ExtraPersonPrice`, `c`.`child_with_bed_price` AS `ChildWithBedPrice`, `c`.`child_without_bed_price` AS `ChildWithoutBedPrice`, `c`.`valid_from` AS `ValidFrom`, `c`.`valid_to` AS `ValidTo`, `c`.`is_active` AS `IsActive`
FROM `cost` AS `c`
WHERE `c`.`tour_id` = @__tourId_0
2026-08-05 20:39:21.240 +05:30 [INF] Microsoft.EntityFrameworkCore.Database.Command Executed DbCommand (0ms) [Parameters=[@__tourId_0='?' (DbType = Int32)], CommandType='"Text"', CommandTimeout='30']
SELECT `t`.`image_id` AS `ImageId`, `t`.`source` AS `Source`, `t`.`image_title` AS `ImageTitle`, `t`.`is_primary` AS `IsPrimary`, `t`.`upload_date` AS `UploadDate`
FROM `tour_images` AS `t`
WHERE `t`.`tour_id` = @__tourId_0
2026-08-05 20:39:21.242 +05:30 [INF] Microsoft.EntityFrameworkCore.Database.Command Executed DbCommand (0ms) [Parameters=[@__tourId_0='?' (DbType = Int32)], CommandType='"Text"', CommandTimeout='30']
SELECT CAST(`r`.`rating` AS double)
FROM `review` AS `r`
WHERE (`r`.`tour_id` = @__tourId_0) AND `r`.`rating` IS NOT NULL
2026-08-05 20:39:21.244 +05:30 [INF] Microsoft.EntityFrameworkCore.Database.Command Executed DbCommand (0ms) [Parameters=[@__tourId_0='?' (DbType = Int32)], CommandType='"Text"', CommandTimeout='30']
SELECT `t`.`tour_id`, `t`.`add_ons`, `t`.`category_id`, `t`.`days`, `t`.`description`, `t`.`destination`, `t`.`do_and_dont`, `t`.`location`, `t`.`nights`, `t`.`passport_and_visa`, `t`.`price`, `t`.`stay_and_meals`, `t`.`subcat_id`, `t`.`tour_name`, `t`.`tour_type`, `t`.`weather`, `c`.`category_id`, `c`.`cat_code`, `c`.`cat_image_path`, `c`.`category_name`, `c`.`description`, `c`.`flag`, `c`.`parent_id`, `c`.`status`, `c`.`suitable_for`, `s`.`subcat_id`, `s`.`cat_id`, `s`.`flag`, `s`.`isactive`, `s`.`subcat_image_path`, `s`.`subcat_name`
FROM `tour` AS `t`
LEFT JOIN `category` AS `c` ON `t`.`category_id` = `c`.`category_id`
LEFT JOIN `sub_category_master` AS `s` ON `t`.`subcat_id` = `s`.`subcat_id`
WHERE `t`.`tour_id` = @__tourId_0
LIMIT 1
2026-08-05 20:39:21.246 +05:30 [INF] Microsoft.EntityFrameworkCore.Database.Command Executed DbCommand (0ms) [Parameters=[@__tourId_0='?' (DbType = Int32)], CommandType='"Text"', CommandTimeout='30']
SELECT `i`.`itinerary_id` AS `ItineraryId`, `i`.`day_number` AS `DayNumber`, `i`.`description` AS `Description`, `i`.`location` AS `Location`
FROM `itinerary` AS `i`
WHERE `i`.`tour_id` = @__tourId_0
ORDER BY `i`.`day_number`
2026-08-05 20:39:21.249 +05:30 [INF] Microsoft.EntityFrameworkCore.Database.Command Executed DbCommand (0ms) [Parameters=[@__tourId_0='?' (DbType = Int32), @__today_1='?' (DbType = Date)], CommandType='"Text"', CommandTimeout='30']
SELECT `s`.`schedule_id` AS `ScheduleId`, `s`.`start_date` AS `StartDate`, `s`.`available_seats` AS `AvailableSeats`, `s`.`total_seats` AS `TotalSeats`, `s`.`status` AS `Status`
FROM `schedule` AS `s`
WHERE ((`s`.`tour_id` = @__tourId_0) AND `s`.`start_date` IS NOT NULL) AND (`s`.`start_date` >= @__today_1)
ORDER BY `s`.`start_date`
2026-08-05 20:39:21.250 +05:30 [INF] Microsoft.EntityFrameworkCore.Database.Command Executed DbCommand (0ms) [Parameters=[@__tourId_0='?' (DbType = Int32)], CommandType='"Text"', CommandTimeout='30']
SELECT `c`.`cost_id` AS `CostId`, `c`.`adult_price` AS `AdultPrice`, `c`.`single_person_price` AS `SinglePersonPrice`, `c`.`extra_person_price` AS `ExtraPersonPrice`, `c`.`child_with_bed_price` AS `ChildWithBedPrice`, `c`.`child_without_bed_price` AS `ChildWithoutBedPrice`, `c`.`valid_from` AS `ValidFrom`, `c`.`valid_to` AS `ValidTo`, `c`.`is_active` AS `IsActive`
FROM `cost` AS `c`
WHERE `c`.`tour_id` = @__tourId_0
2026-08-05 20:39:21.252 +05:30 [INF] Microsoft.EntityFrameworkCore.Database.Command Executed DbCommand (0ms) [Parameters=[@__tourId_0='?' (DbType = Int32)], CommandType='"Text"', CommandTimeout='30']
SELECT `t`.`image_id` AS `ImageId`, `t`.`source` AS `Source`, `t`.`image_title` AS `ImageTitle`, `t`.`is_primary` AS `IsPrimary`, `t`.`upload_date` AS `UploadDate`
FROM `tour_images` AS `t`
WHERE `t`.`tour_id` = @__tourId_0
2026-08-05 20:39:21.254 +05:30 [INF] Microsoft.EntityFrameworkCore.Database.Command Executed DbCommand (0ms) [Parameters=[@__tourId_0='?' (DbType = Int32)], CommandType='"Text"', CommandTimeout='30']
SELECT CAST(`r`.`rating` AS double)
FROM `review` AS `r`
WHERE (`r`.`tour_id` = @__tourId_0) AND `r`.`rating` IS NOT NULL
2026-08-05 20:39:21.256 +05:30 [INF] Microsoft.EntityFrameworkCore.Database.Command Executed DbCommand (0ms) [Parameters=[@__tourId_0='?' (DbType = Int32)], CommandType='"Text"', CommandTimeout='30']
SELECT `t`.`tour_id`, `t`.`add_ons`, `t`.`category_id`, `t`.`days`, `t`.`description`, `t`.`destination`, `t`.`do_and_dont`, `t`.`location`, `t`.`nights`, `t`.`passport_and_visa`, `t`.`price`, `t`.`stay_and_meals`, `t`.`subcat_id`, `t`.`tour_name`, `t`.`tour_type`, `t`.`weather`, `c`.`category_id`, `c`.`cat_code`, `c`.`cat_image_path`, `c`.`category_name`, `c`.`description`, `c`.`flag`, `c`.`parent_id`, `c`.`status`, `c`.`suitable_for`, `s`.`subcat_id`, `s`.`cat_id`, `s`.`flag`, `s`.`isactive`, `s`.`subcat_image_path`, `s`.`subcat_name`
FROM `tour` AS `t`
LEFT JOIN `category` AS `c` ON `t`.`category_id` = `c`.`category_id`
LEFT JOIN `sub_category_master` AS `s` ON `t`.`subcat_id` = `s`.`subcat_id`
WHERE `t`.`tour_id` = @__tourId_0
LIMIT 1
2026-08-05 20:39:21.258 +05:30 [INF] Microsoft.EntityFrameworkCore.Database.Command Executed DbCommand (1ms) [Parameters=[@__tourId_0='?' (DbType = Int32)], CommandType='"Text"', CommandTimeout='30']
SELECT `i`.`itinerary_id` AS `ItineraryId`, `i`.`day_number` AS `DayNumber`, `i`.`description` AS `Description`, `i`.`location` AS `Location`
FROM `itinerary` AS `i`
WHERE `i`.`tour_id` = @__tourId_0
ORDER BY `i`.`day_number`
2026-08-05 20:39:21.261 +05:30 [INF] Microsoft.EntityFrameworkCore.Database.Command Executed DbCommand (1ms) [Parameters=[@__tourId_0='?' (DbType = Int32), @__today_1='?' (DbType = Date)], CommandType='"Text"', CommandTimeout='30']
SELECT `s`.`schedule_id` AS `ScheduleId`, `s`.`start_date` AS `StartDate`, `s`.`available_seats` AS `AvailableSeats`, `s`.`total_seats` AS `TotalSeats`, `s`.`status` AS `Status`
FROM `schedule` AS `s`
WHERE ((`s`.`tour_id` = @__tourId_0) AND `s`.`start_date` IS NOT NULL) AND (`s`.`start_date` >= @__today_1)
ORDER BY `s`.`start_date`
2026-08-05 20:39:21.263 +05:30 [INF] Microsoft.EntityFrameworkCore.Database.Command Executed DbCommand (0ms) [Parameters=[@__tourId_0='?' (DbType = Int32)], CommandType='"Text"', CommandTimeout='30']
SELECT `c`.`cost_id` AS `CostId`, `c`.`adult_price` AS `AdultPrice`, `c`.`single_person_price` AS `SinglePersonPrice`, `c`.`extra_person_price` AS `ExtraPersonPrice`, `c`.`child_with_bed_price` AS `ChildWithBedPrice`, `c`.`child_without_bed_price` AS `ChildWithoutBedPrice`, `c`.`valid_from` AS `ValidFrom`, `c`.`valid_to` AS `ValidTo`, `c`.`is_active` AS `IsActive`
FROM `cost` AS `c`
WHERE `c`.`tour_id` = @__tourId_0
2026-08-05 20:39:21.265 +05:30 [INF] Microsoft.EntityFrameworkCore.Database.Command Executed DbCommand (0ms) [Parameters=[@__tourId_0='?' (DbType = Int32)], CommandType='"Text"', CommandTimeout='30']
SELECT `t`.`image_id` AS `ImageId`, `t`.`source` AS `Source`, `t`.`image_title` AS `ImageTitle`, `t`.`is_primary` AS `IsPrimary`, `t`.`upload_date` AS `UploadDate`
FROM `tour_images` AS `t`
WHERE `t`.`tour_id` = @__tourId_0
2026-08-05 20:39:21.266 +05:30 [INF] Microsoft.EntityFrameworkCore.Database.Command Executed DbCommand (0ms) [Parameters=[@__tourId_0='?' (DbType = Int32)], CommandType='"Text"', CommandTimeout='30']
SELECT CAST(`r`.`rating` AS double)
FROM `review` AS `r`
WHERE (`r`.`tour_id` = @__tourId_0) AND `r`.`rating` IS NOT NULL
2026-08-05 20:39:21.268 +05:30 [INF] Microsoft.EntityFrameworkCore.Database.Command Executed DbCommand (1ms) [Parameters=[@__tourId_0='?' (DbType = Int32)], CommandType='"Text"', CommandTimeout='30']
SELECT `t`.`tour_id`, `t`.`add_ons`, `t`.`category_id`, `t`.`days`, `t`.`description`, `t`.`destination`, `t`.`do_and_dont`, `t`.`location`, `t`.`nights`, `t`.`passport_and_visa`, `t`.`price`, `t`.`stay_and_meals`, `t`.`subcat_id`, `t`.`tour_name`, `t`.`tour_type`, `t`.`weather`, `c`.`category_id`, `c`.`cat_code`, `c`.`cat_image_path`, `c`.`category_name`, `c`.`description`, `c`.`flag`, `c`.`parent_id`, `c`.`status`, `c`.`suitable_for`, `s`.`subcat_id`, `s`.`cat_id`, `s`.`flag`, `s`.`isactive`, `s`.`subcat_image_path`, `s`.`subcat_name`
FROM `tour` AS `t`
LEFT JOIN `category` AS `c` ON `t`.`category_id` = `c`.`category_id`
LEFT JOIN `sub_category_master` AS `s` ON `t`.`subcat_id` = `s`.`subcat_id`
WHERE `t`.`tour_id` = @__tourId_0
LIMIT 1
2026-08-05 20:39:21.270 +05:30 [INF] Microsoft.EntityFrameworkCore.Database.Command Executed DbCommand (0ms) [Parameters=[@__tourId_0='?' (DbType = Int32)], CommandType='"Text"', CommandTimeout='30']
SELECT `i`.`itinerary_id` AS `ItineraryId`, `i`.`day_number` AS `DayNumber`, `i`.`description` AS `Description`, `i`.`location` AS `Location`
FROM `itinerary` AS `i`
WHERE `i`.`tour_id` = @__tourId_0
ORDER BY `i`.`day_number`
2026-08-05 20:39:21.272 +05:30 [INF] Microsoft.EntityFrameworkCore.Database.Command Executed DbCommand (1ms) [Parameters=[@__tourId_0='?' (DbType = Int32), @__today_1='?' (DbType = Date)], CommandType='"Text"', CommandTimeout='30']
SELECT `s`.`schedule_id` AS `ScheduleId`, `s`.`start_date` AS `StartDate`, `s`.`available_seats` AS `AvailableSeats`, `s`.`total_seats` AS `TotalSeats`, `s`.`status` AS `Status`
FROM `schedule` AS `s`
WHERE ((`s`.`tour_id` = @__tourId_0) AND `s`.`start_date` IS NOT NULL) AND (`s`.`start_date` >= @__today_1)
ORDER BY `s`.`start_date`
2026-08-05 20:39:21.275 +05:30 [INF] Microsoft.EntityFrameworkCore.Database.Command Executed DbCommand (0ms) [Parameters=[@__tourId_0='?' (DbType = Int32)], CommandType='"Text"', CommandTimeout='30']
SELECT `c`.`cost_id` AS `CostId`, `c`.`adult_price` AS `AdultPrice`, `c`.`single_person_price` AS `SinglePersonPrice`, `c`.`extra_person_price` AS `ExtraPersonPrice`, `c`.`child_with_bed_price` AS `ChildWithBedPrice`, `c`.`child_without_bed_price` AS `ChildWithoutBedPrice`, `c`.`valid_from` AS `ValidFrom`, `c`.`valid_to` AS `ValidTo`, `c`.`is_active` AS `IsActive`
FROM `cost` AS `c`
WHERE `c`.`tour_id` = @__tourId_0
2026-08-05 20:39:21.277 +05:30 [INF] Microsoft.EntityFrameworkCore.Database.Command Executed DbCommand (0ms) [Parameters=[@__tourId_0='?' (DbType = Int32)], CommandType='"Text"', CommandTimeout='30']
SELECT `t`.`image_id` AS `ImageId`, `t`.`source` AS `Source`, `t`.`image_title` AS `ImageTitle`, `t`.`is_primary` AS `IsPrimary`, `t`.`upload_date` AS `UploadDate`
FROM `tour_images` AS `t`
WHERE `t`.`tour_id` = @__tourId_0
2026-08-05 20:39:21.279 +05:30 [INF] Microsoft.EntityFrameworkCore.Database.Command Executed DbCommand (0ms) [Parameters=[@__tourId_0='?' (DbType = Int32)], CommandType='"Text"', CommandTimeout='30']
SELECT CAST(`r`.`rating` AS double)
FROM `review` AS `r`
WHERE (`r`.`tour_id` = @__tourId_0) AND `r`.`rating` IS NOT NULL
2026-08-05 20:39:21.280 +05:30 [INF] Microsoft.EntityFrameworkCore.Database.Command Executed DbCommand (0ms) [Parameters=[@__tourId_0='?' (DbType = Int32)], CommandType='"Text"', CommandTimeout='30']
SELECT `t`.`tour_id`, `t`.`add_ons`, `t`.`category_id`, `t`.`days`, `t`.`description`, `t`.`destination`, `t`.`do_and_dont`, `t`.`location`, `t`.`nights`, `t`.`passport_and_visa`, `t`.`price`, `t`.`stay_and_meals`, `t`.`subcat_id`, `t`.`tour_name`, `t`.`tour_type`, `t`.`weather`, `c`.`category_id`, `c`.`cat_code`, `c`.`cat_image_path`, `c`.`category_name`, `c`.`description`, `c`.`flag`, `c`.`parent_id`, `c`.`status`, `c`.`suitable_for`, `s`.`subcat_id`, `s`.`cat_id`, `s`.`flag`, `s`.`isactive`, `s`.`subcat_image_path`, `s`.`subcat_name`
FROM `tour` AS `t`
LEFT JOIN `category` AS `c` ON `t`.`category_id` = `c`.`category_id`
LEFT JOIN `sub_category_master` AS `s` ON `t`.`subcat_id` = `s`.`subcat_id`
WHERE `t`.`tour_id` = @__tourId_0
LIMIT 1
2026-08-05 20:39:21.282 +05:30 [INF] Microsoft.EntityFrameworkCore.Database.Command Executed DbCommand (0ms) [Parameters=[@__tourId_0='?' (DbType = Int32)], CommandType='"Text"', CommandTimeout='30']
SELECT `i`.`itinerary_id` AS `ItineraryId`, `i`.`day_number` AS `DayNumber`, `i`.`description` AS `Description`, `i`.`location` AS `Location`
FROM `itinerary` AS `i`
WHERE `i`.`tour_id` = @__tourId_0
ORDER BY `i`.`day_number`
2026-08-05 20:39:21.284 +05:30 [INF] Microsoft.EntityFrameworkCore.Database.Command Executed DbCommand (0ms) [Parameters=[@__tourId_0='?' (DbType = Int32), @__today_1='?' (DbType = Date)], CommandType='"Text"', CommandTimeout='30']
SELECT `s`.`schedule_id` AS `ScheduleId`, `s`.`start_date` AS `StartDate`, `s`.`available_seats` AS `AvailableSeats`, `s`.`total_seats` AS `TotalSeats`, `s`.`status` AS `Status`
FROM `schedule` AS `s`
WHERE ((`s`.`tour_id` = @__tourId_0) AND `s`.`start_date` IS NOT NULL) AND (`s`.`start_date` >= @__today_1)
ORDER BY `s`.`start_date`
2026-08-05 20:39:21.286 +05:30 [INF] Microsoft.EntityFrameworkCore.Database.Command Executed DbCommand (0ms) [Parameters=[@__tourId_0='?' (DbType = Int32)], CommandType='"Text"', CommandTimeout='30']
SELECT `c`.`cost_id` AS `CostId`, `c`.`adult_price` AS `AdultPrice`, `c`.`single_person_price` AS `SinglePersonPrice`, `c`.`extra_person_price` AS `ExtraPersonPrice`, `c`.`child_with_bed_price` AS `ChildWithBedPrice`, `c`.`child_without_bed_price` AS `ChildWithoutBedPrice`, `c`.`valid_from` AS `ValidFrom`, `c`.`valid_to` AS `ValidTo`, `c`.`is_active` AS `IsActive`
FROM `cost` AS `c`
WHERE `c`.`tour_id` = @__tourId_0
2026-08-05 20:39:21.288 +05:30 [INF] Microsoft.EntityFrameworkCore.Database.Command Executed DbCommand (0ms) [Parameters=[@__tourId_0='?' (DbType = Int32)], CommandType='"Text"', CommandTimeout='30']
SELECT `t`.`image_id` AS `ImageId`, `t`.`source` AS `Source`, `t`.`image_title` AS `ImageTitle`, `t`.`is_primary` AS `IsPrimary`, `t`.`upload_date` AS `UploadDate`
FROM `tour_images` AS `t`
WHERE `t`.`tour_id` = @__tourId_0
2026-08-05 20:39:21.290 +05:30 [INF] Microsoft.EntityFrameworkCore.Database.Command Executed DbCommand (0ms) [Parameters=[@__tourId_0='?' (DbType = Int32)], CommandType='"Text"', CommandTimeout='30']
SELECT CAST(`r`.`rating` AS double)
FROM `review` AS `r`
WHERE (`r`.`tour_id` = @__tourId_0) AND `r`.`rating` IS NOT NULL
2026-08-05 20:39:21.292 +05:30 [INF] Microsoft.EntityFrameworkCore.Database.Command Executed DbCommand (0ms) [Parameters=[@__tourId_0='?' (DbType = Int32)], CommandType='"Text"', CommandTimeout='30']
SELECT `t`.`tour_id`, `t`.`add_ons`, `t`.`category_id`, `t`.`days`, `t`.`description`, `t`.`destination`, `t`.`do_and_dont`, `t`.`location`, `t`.`nights`, `t`.`passport_and_visa`, `t`.`price`, `t`.`stay_and_meals`, `t`.`subcat_id`, `t`.`tour_name`, `t`.`tour_type`, `t`.`weather`, `c`.`category_id`, `c`.`cat_code`, `c`.`cat_image_path`, `c`.`category_name`, `c`.`description`, `c`.`flag`, `c`.`parent_id`, `c`.`status`, `c`.`suitable_for`, `s`.`subcat_id`, `s`.`cat_id`, `s`.`flag`, `s`.`isactive`, `s`.`subcat_image_path`, `s`.`subcat_name`
FROM `tour` AS `t`
LEFT JOIN `category` AS `c` ON `t`.`category_id` = `c`.`category_id`
LEFT JOIN `sub_category_master` AS `s` ON `t`.`subcat_id` = `s`.`subcat_id`
WHERE `t`.`tour_id` = @__tourId_0
LIMIT 1
2026-08-05 20:39:21.294 +05:30 [INF] Microsoft.EntityFrameworkCore.Database.Command Executed DbCommand (0ms) [Parameters=[@__tourId_0='?' (DbType = Int32)], CommandType='"Text"', CommandTimeout='30']
SELECT `i`.`itinerary_id` AS `ItineraryId`, `i`.`day_number` AS `DayNumber`, `i`.`description` AS `Description`, `i`.`location` AS `Location`
FROM `itinerary` AS `i`
WHERE `i`.`tour_id` = @__tourId_0
ORDER BY `i`.`day_number`
2026-08-05 20:39:21.296 +05:30 [INF] Microsoft.EntityFrameworkCore.Database.Command Executed DbCommand (1ms) [Parameters=[@__tourId_0='?' (DbType = Int32), @__today_1='?' (DbType = Date)], CommandType='"Text"', CommandTimeout='30']
SELECT `s`.`schedule_id` AS `ScheduleId`, `s`.`start_date` AS `StartDate`, `s`.`available_seats` AS `AvailableSeats`, `s`.`total_seats` AS `TotalSeats`, `s`.`status` AS `Status`
FROM `schedule` AS `s`
WHERE ((`s`.`tour_id` = @__tourId_0) AND `s`.`start_date` IS NOT NULL) AND (`s`.`start_date` >= @__today_1)
ORDER BY `s`.`start_date`
2026-08-05 20:39:21.298 +05:30 [INF] Microsoft.EntityFrameworkCore.Database.Command Executed DbCommand (0ms) [Parameters=[@__tourId_0='?' (DbType = Int32)], CommandType='"Text"', CommandTimeout='30']
SELECT `c`.`cost_id` AS `CostId`, `c`.`adult_price` AS `AdultPrice`, `c`.`single_person_price` AS `SinglePersonPrice`, `c`.`extra_person_price` AS `ExtraPersonPrice`, `c`.`child_with_bed_price` AS `ChildWithBedPrice`, `c`.`child_without_bed_price` AS `ChildWithoutBedPrice`, `c`.`valid_from` AS `ValidFrom`, `c`.`valid_to` AS `ValidTo`, `c`.`is_active` AS `IsActive`
FROM `cost` AS `c`
WHERE `c`.`tour_id` = @__tourId_0
2026-08-05 20:39:21.300 +05:30 [INF] Microsoft.EntityFrameworkCore.Database.Command Executed DbCommand (0ms) [Parameters=[@__tourId_0='?' (DbType = Int32)], CommandType='"Text"', CommandTimeout='30']
SELECT `t`.`image_id` AS `ImageId`, `t`.`source` AS `Source`, `t`.`image_title` AS `ImageTitle`, `t`.`is_primary` AS `IsPrimary`, `t`.`upload_date` AS `UploadDate`
FROM `tour_images` AS `t`
WHERE `t`.`tour_id` = @__tourId_0
2026-08-05 20:39:21.302 +05:30 [INF] Microsoft.EntityFrameworkCore.Database.Command Executed DbCommand (0ms) [Parameters=[@__tourId_0='?' (DbType = Int32)], CommandType='"Text"', CommandTimeout='30']
SELECT CAST(`r`.`rating` AS double)
FROM `review` AS `r`
WHERE (`r`.`tour_id` = @__tourId_0) AND `r`.`rating` IS NOT NULL
2026-08-05 20:39:21.305 +05:30 [INF] Microsoft.EntityFrameworkCore.Database.Command Executed DbCommand (1ms) [Parameters=[@__tourId_0='?' (DbType = Int32)], CommandType='"Text"', CommandTimeout='30']
SELECT `t`.`tour_id`, `t`.`add_ons`, `t`.`category_id`, `t`.`days`, `t`.`description`, `t`.`destination`, `t`.`do_and_dont`, `t`.`location`, `t`.`nights`, `t`.`passport_and_visa`, `t`.`price`, `t`.`stay_and_meals`, `t`.`subcat_id`, `t`.`tour_name`, `t`.`tour_type`, `t`.`weather`, `c`.`category_id`, `c`.`cat_code`, `c`.`cat_image_path`, `c`.`category_name`, `c`.`description`, `c`.`flag`, `c`.`parent_id`, `c`.`status`, `c`.`suitable_for`, `s`.`subcat_id`, `s`.`cat_id`, `s`.`flag`, `s`.`isactive`, `s`.`subcat_image_path`, `s`.`subcat_name`
FROM `tour` AS `t`
LEFT JOIN `category` AS `c` ON `t`.`category_id` = `c`.`category_id`
LEFT JOIN `sub_category_master` AS `s` ON `t`.`subcat_id` = `s`.`subcat_id`
WHERE `t`.`tour_id` = @__tourId_0
LIMIT 1
2026-08-05 20:39:21.307 +05:30 [INF] Microsoft.EntityFrameworkCore.Database.Command Executed DbCommand (0ms) [Parameters=[@__tourId_0='?' (DbType = Int32)], CommandType='"Text"', CommandTimeout='30']
SELECT `i`.`itinerary_id` AS `ItineraryId`, `i`.`day_number` AS `DayNumber`, `i`.`description` AS `Description`, `i`.`location` AS `Location`
FROM `itinerary` AS `i`
WHERE `i`.`tour_id` = @__tourId_0
ORDER BY `i`.`day_number`
2026-08-05 20:39:21.308 +05:30 [INF] Microsoft.EntityFrameworkCore.Database.Command Executed DbCommand (0ms) [Parameters=[@__tourId_0='?' (DbType = Int32), @__today_1='?' (DbType = Date)], CommandType='"Text"', CommandTimeout='30']
SELECT `s`.`schedule_id` AS `ScheduleId`, `s`.`start_date` AS `StartDate`, `s`.`available_seats` AS `AvailableSeats`, `s`.`total_seats` AS `TotalSeats`, `s`.`status` AS `Status`
FROM `schedule` AS `s`
WHERE ((`s`.`tour_id` = @__tourId_0) AND `s`.`start_date` IS NOT NULL) AND (`s`.`start_date` >= @__today_1)
ORDER BY `s`.`start_date`
2026-08-05 20:39:21.311 +05:30 [INF] Microsoft.EntityFrameworkCore.Database.Command Executed DbCommand (0ms) [Parameters=[@__tourId_0='?' (DbType = Int32)], CommandType='"Text"', CommandTimeout='30']
SELECT `c`.`cost_id` AS `CostId`, `c`.`adult_price` AS `AdultPrice`, `c`.`single_person_price` AS `SinglePersonPrice`, `c`.`extra_person_price` AS `ExtraPersonPrice`, `c`.`child_with_bed_price` AS `ChildWithBedPrice`, `c`.`child_without_bed_price` AS `ChildWithoutBedPrice`, `c`.`valid_from` AS `ValidFrom`, `c`.`valid_to` AS `ValidTo`, `c`.`is_active` AS `IsActive`
FROM `cost` AS `c`
WHERE `c`.`tour_id` = @__tourId_0
2026-08-05 20:39:21.313 +05:30 [INF] Microsoft.EntityFrameworkCore.Database.Command Executed DbCommand (0ms) [Parameters=[@__tourId_0='?' (DbType = Int32)], CommandType='"Text"', CommandTimeout='30']
SELECT `t`.`image_id` AS `ImageId`, `t`.`source` AS `Source`, `t`.`image_title` AS `ImageTitle`, `t`.`is_primary` AS `IsPrimary`, `t`.`upload_date` AS `UploadDate`
FROM `tour_images` AS `t`
WHERE `t`.`tour_id` = @__tourId_0
2026-08-05 20:39:21.315 +05:30 [INF] Microsoft.EntityFrameworkCore.Database.Command Executed DbCommand (0ms) [Parameters=[@__tourId_0='?' (DbType = Int32)], CommandType='"Text"', CommandTimeout='30']
SELECT CAST(`r`.`rating` AS double)
FROM `review` AS `r`
WHERE (`r`.`tour_id` = @__tourId_0) AND `r`.`rating` IS NOT NULL
2026-08-05 20:39:21.317 +05:30 [INF] Microsoft.EntityFrameworkCore.Database.Command Executed DbCommand (1ms) [Parameters=[@__tourId_0='?' (DbType = Int32)], CommandType='"Text"', CommandTimeout='30']
SELECT `t`.`tour_id`, `t`.`add_ons`, `t`.`category_id`, `t`.`days`, `t`.`description`, `t`.`destination`, `t`.`do_and_dont`, `t`.`location`, `t`.`nights`, `t`.`passport_and_visa`, `t`.`price`, `t`.`stay_and_meals`, `t`.`subcat_id`, `t`.`tour_name`, `t`.`tour_type`, `t`.`weather`, `c`.`category_id`, `c`.`cat_code`, `c`.`cat_image_path`, `c`.`category_name`, `c`.`description`, `c`.`flag`, `c`.`parent_id`, `c`.`status`, `c`.`suitable_for`, `s`.`subcat_id`, `s`.`cat_id`, `s`.`flag`, `s`.`isactive`, `s`.`subcat_image_path`, `s`.`subcat_name`
FROM `tour` AS `t`
LEFT JOIN `category` AS `c` ON `t`.`category_id` = `c`.`category_id`
LEFT JOIN `sub_category_master` AS `s` ON `t`.`subcat_id` = `s`.`subcat_id`
WHERE `t`.`tour_id` = @__tourId_0
LIMIT 1
2026-08-05 20:39:21.319 +05:30 [INF] Microsoft.EntityFrameworkCore.Database.Command Executed DbCommand (0ms) [Parameters=[@__tourId_0='?' (DbType = Int32)], CommandType='"Text"', CommandTimeout='30']
SELECT `i`.`itinerary_id` AS `ItineraryId`, `i`.`day_number` AS `DayNumber`, `i`.`description` AS `Description`, `i`.`location` AS `Location`
FROM `itinerary` AS `i`
WHERE `i`.`tour_id` = @__tourId_0
ORDER BY `i`.`day_number`
2026-08-05 20:39:21.321 +05:30 [INF] Microsoft.EntityFrameworkCore.Database.Command Executed DbCommand (0ms) [Parameters=[@__tourId_0='?' (DbType = Int32), @__today_1='?' (DbType = Date)], CommandType='"Text"', CommandTimeout='30']
SELECT `s`.`schedule_id` AS `ScheduleId`, `s`.`start_date` AS `StartDate`, `s`.`available_seats` AS `AvailableSeats`, `s`.`total_seats` AS `TotalSeats`, `s`.`status` AS `Status`
FROM `schedule` AS `s`
WHERE ((`s`.`tour_id` = @__tourId_0) AND `s`.`start_date` IS NOT NULL) AND (`s`.`start_date` >= @__today_1)
ORDER BY `s`.`start_date`
2026-08-05 20:39:21.323 +05:30 [INF] Microsoft.EntityFrameworkCore.Database.Command Executed DbCommand (0ms) [Parameters=[@__tourId_0='?' (DbType = Int32)], CommandType='"Text"', CommandTimeout='30']
SELECT `c`.`cost_id` AS `CostId`, `c`.`adult_price` AS `AdultPrice`, `c`.`single_person_price` AS `SinglePersonPrice`, `c`.`extra_person_price` AS `ExtraPersonPrice`, `c`.`child_with_bed_price` AS `ChildWithBedPrice`, `c`.`child_without_bed_price` AS `ChildWithoutBedPrice`, `c`.`valid_from` AS `ValidFrom`, `c`.`valid_to` AS `ValidTo`, `c`.`is_active` AS `IsActive`
FROM `cost` AS `c`
WHERE `c`.`tour_id` = @__tourId_0
2026-08-05 20:39:21.325 +05:30 [INF] Microsoft.EntityFrameworkCore.Database.Command Executed DbCommand (0ms) [Parameters=[@__tourId_0='?' (DbType = Int32)], CommandType='"Text"', CommandTimeout='30']
SELECT `t`.`image_id` AS `ImageId`, `t`.`source` AS `Source`, `t`.`image_title` AS `ImageTitle`, `t`.`is_primary` AS `IsPrimary`, `t`.`upload_date` AS `UploadDate`
FROM `tour_images` AS `t`
WHERE `t`.`tour_id` = @__tourId_0
2026-08-05 20:39:21.327 +05:30 [INF] Microsoft.EntityFrameworkCore.Database.Command Executed DbCommand (0ms) [Parameters=[@__tourId_0='?' (DbType = Int32)], CommandType='"Text"', CommandTimeout='30']
SELECT CAST(`r`.`rating` AS double)
FROM `review` AS `r`
WHERE (`r`.`tour_id` = @__tourId_0) AND `r`.`rating` IS NOT NULL
2026-08-05 20:39:21.329 +05:30 [INF] Microsoft.EntityFrameworkCore.Database.Command Executed DbCommand (0ms) [Parameters=[@__tourId_0='?' (DbType = Int32)], CommandType='"Text"', CommandTimeout='30']
SELECT `t`.`tour_id`, `t`.`add_ons`, `t`.`category_id`, `t`.`days`, `t`.`description`, `t`.`destination`, `t`.`do_and_dont`, `t`.`location`, `t`.`nights`, `t`.`passport_and_visa`, `t`.`price`, `t`.`stay_and_meals`, `t`.`subcat_id`, `t`.`tour_name`, `t`.`tour_type`, `t`.`weather`, `c`.`category_id`, `c`.`cat_code`, `c`.`cat_image_path`, `c`.`category_name`, `c`.`description`, `c`.`flag`, `c`.`parent_id`, `c`.`status`, `c`.`suitable_for`, `s`.`subcat_id`, `s`.`cat_id`, `s`.`flag`, `s`.`isactive`, `s`.`subcat_image_path`, `s`.`subcat_name`
FROM `tour` AS `t`
LEFT JOIN `category` AS `c` ON `t`.`category_id` = `c`.`category_id`
LEFT JOIN `sub_category_master` AS `s` ON `t`.`subcat_id` = `s`.`subcat_id`
WHERE `t`.`tour_id` = @__tourId_0
LIMIT 1
2026-08-05 20:39:21.331 +05:30 [INF] Microsoft.EntityFrameworkCore.Database.Command Executed DbCommand (0ms) [Parameters=[@__tourId_0='?' (DbType = Int32)], CommandType='"Text"', CommandTimeout='30']
SELECT `i`.`itinerary_id` AS `ItineraryId`, `i`.`day_number` AS `DayNumber`, `i`.`description` AS `Description`, `i`.`location` AS `Location`
FROM `itinerary` AS `i`
WHERE `i`.`tour_id` = @__tourId_0
ORDER BY `i`.`day_number`
2026-08-05 20:39:21.333 +05:30 [INF] Microsoft.EntityFrameworkCore.Database.Command Executed DbCommand (0ms) [Parameters=[@__tourId_0='?' (DbType = Int32), @__today_1='?' (DbType = Date)], CommandType='"Text"', CommandTimeout='30']
SELECT `s`.`schedule_id` AS `ScheduleId`, `s`.`start_date` AS `StartDate`, `s`.`available_seats` AS `AvailableSeats`, `s`.`total_seats` AS `TotalSeats`, `s`.`status` AS `Status`
FROM `schedule` AS `s`
WHERE ((`s`.`tour_id` = @__tourId_0) AND `s`.`start_date` IS NOT NULL) AND (`s`.`start_date` >= @__today_1)
ORDER BY `s`.`start_date`
2026-08-05 20:39:21.335 +05:30 [INF] Microsoft.EntityFrameworkCore.Database.Command Executed DbCommand (0ms) [Parameters=[@__tourId_0='?' (DbType = Int32)], CommandType='"Text"', CommandTimeout='30']
SELECT `c`.`cost_id` AS `CostId`, `c`.`adult_price` AS `AdultPrice`, `c`.`single_person_price` AS `SinglePersonPrice`, `c`.`extra_person_price` AS `ExtraPersonPrice`, `c`.`child_with_bed_price` AS `ChildWithBedPrice`, `c`.`child_without_bed_price` AS `ChildWithoutBedPrice`, `c`.`valid_from` AS `ValidFrom`, `c`.`valid_to` AS `ValidTo`, `c`.`is_active` AS `IsActive`
FROM `cost` AS `c`
WHERE `c`.`tour_id` = @__tourId_0
2026-08-05 20:39:21.337 +05:30 [INF] Microsoft.EntityFrameworkCore.Database.Command Executed DbCommand (0ms) [Parameters=[@__tourId_0='?' (DbType = Int32)], CommandType='"Text"', CommandTimeout='30']
SELECT `t`.`image_id` AS `ImageId`, `t`.`source` AS `Source`, `t`.`image_title` AS `ImageTitle`, `t`.`is_primary` AS `IsPrimary`, `t`.`upload_date` AS `UploadDate`
FROM `tour_images` AS `t`
WHERE `t`.`tour_id` = @__tourId_0
2026-08-05 20:39:21.340 +05:30 [INF] Microsoft.EntityFrameworkCore.Database.Command Executed DbCommand (0ms) [Parameters=[@__tourId_0='?' (DbType = Int32)], CommandType='"Text"', CommandTimeout='30']
SELECT CAST(`r`.`rating` AS double)
FROM `review` AS `r`
WHERE (`r`.`tour_id` = @__tourId_0) AND `r`.`rating` IS NOT NULL
2026-08-05 20:39:21.342 +05:30 [INF] Microsoft.EntityFrameworkCore.Database.Command Executed DbCommand (1ms) [Parameters=[@__tourId_0='?' (DbType = Int32)], CommandType='"Text"', CommandTimeout='30']
SELECT `t`.`tour_id`, `t`.`add_ons`, `t`.`category_id`, `t`.`days`, `t`.`description`, `t`.`destination`, `t`.`do_and_dont`, `t`.`location`, `t`.`nights`, `t`.`passport_and_visa`, `t`.`price`, `t`.`stay_and_meals`, `t`.`subcat_id`, `t`.`tour_name`, `t`.`tour_type`, `t`.`weather`, `c`.`category_id`, `c`.`cat_code`, `c`.`cat_image_path`, `c`.`category_name`, `c`.`description`, `c`.`flag`, `c`.`parent_id`, `c`.`status`, `c`.`suitable_for`, `s`.`subcat_id`, `s`.`cat_id`, `s`.`flag`, `s`.`isactive`, `s`.`subcat_image_path`, `s`.`subcat_name`
FROM `tour` AS `t`
LEFT JOIN `category` AS `c` ON `t`.`category_id` = `c`.`category_id`
LEFT JOIN `sub_category_master` AS `s` ON `t`.`subcat_id` = `s`.`subcat_id`
WHERE `t`.`tour_id` = @__tourId_0
LIMIT 1
2026-08-05 20:39:21.344 +05:30 [INF] Microsoft.EntityFrameworkCore.Database.Command Executed DbCommand (0ms) [Parameters=[@__tourId_0='?' (DbType = Int32)], CommandType='"Text"', CommandTimeout='30']
SELECT `i`.`itinerary_id` AS `ItineraryId`, `i`.`day_number` AS `DayNumber`, `i`.`description` AS `Description`, `i`.`location` AS `Location`
FROM `itinerary` AS `i`
WHERE `i`.`tour_id` = @__tourId_0
ORDER BY `i`.`day_number`
2026-08-05 20:39:21.346 +05:30 [INF] Microsoft.EntityFrameworkCore.Database.Command Executed DbCommand (0ms) [Parameters=[@__tourId_0='?' (DbType = Int32), @__today_1='?' (DbType = Date)], CommandType='"Text"', CommandTimeout='30']
SELECT `s`.`schedule_id` AS `ScheduleId`, `s`.`start_date` AS `StartDate`, `s`.`available_seats` AS `AvailableSeats`, `s`.`total_seats` AS `TotalSeats`, `s`.`status` AS `Status`
FROM `schedule` AS `s`
WHERE ((`s`.`tour_id` = @__tourId_0) AND `s`.`start_date` IS NOT NULL) AND (`s`.`start_date` >= @__today_1)
ORDER BY `s`.`start_date`
2026-08-05 20:39:21.348 +05:30 [INF] Microsoft.EntityFrameworkCore.Database.Command Executed DbCommand (0ms) [Parameters=[@__tourId_0='?' (DbType = Int32)], CommandType='"Text"', CommandTimeout='30']
SELECT `c`.`cost_id` AS `CostId`, `c`.`adult_price` AS `AdultPrice`, `c`.`single_person_price` AS `SinglePersonPrice`, `c`.`extra_person_price` AS `ExtraPersonPrice`, `c`.`child_with_bed_price` AS `ChildWithBedPrice`, `c`.`child_without_bed_price` AS `ChildWithoutBedPrice`, `c`.`valid_from` AS `ValidFrom`, `c`.`valid_to` AS `ValidTo`, `c`.`is_active` AS `IsActive`
FROM `cost` AS `c`
WHERE `c`.`tour_id` = @__tourId_0
2026-08-05 20:39:21.350 +05:30 [INF] Microsoft.EntityFrameworkCore.Database.Command Executed DbCommand (0ms) [Parameters=[@__tourId_0='?' (DbType = Int32)], CommandType='"Text"', CommandTimeout='30']
SELECT `t`.`image_id` AS `ImageId`, `t`.`source` AS `Source`, `t`.`image_title` AS `ImageTitle`, `t`.`is_primary` AS `IsPrimary`, `t`.`upload_date` AS `UploadDate`
FROM `tour_images` AS `t`
WHERE `t`.`tour_id` = @__tourId_0
2026-08-05 20:39:21.352 +05:30 [INF] Microsoft.EntityFrameworkCore.Database.Command Executed DbCommand (0ms) [Parameters=[@__tourId_0='?' (DbType = Int32)], CommandType='"Text"', CommandTimeout='30']
SELECT CAST(`r`.`rating` AS double)
FROM `review` AS `r`
WHERE (`r`.`tour_id` = @__tourId_0) AND `r`.`rating` IS NOT NULL
2026-08-05 20:39:21.354 +05:30 [INF] Microsoft.EntityFrameworkCore.Database.Command Executed DbCommand (0ms) [Parameters=[@__tourId_0='?' (DbType = Int32)], CommandType='"Text"', CommandTimeout='30']
SELECT `t`.`tour_id`, `t`.`add_ons`, `t`.`category_id`, `t`.`days`, `t`.`description`, `t`.`destination`, `t`.`do_and_dont`, `t`.`location`, `t`.`nights`, `t`.`passport_and_visa`, `t`.`price`, `t`.`stay_and_meals`, `t`.`subcat_id`, `t`.`tour_name`, `t`.`tour_type`, `t`.`weather`, `c`.`category_id`, `c`.`cat_code`, `c`.`cat_image_path`, `c`.`category_name`, `c`.`description`, `c`.`flag`, `c`.`parent_id`, `c`.`status`, `c`.`suitable_for`, `s`.`subcat_id`, `s`.`cat_id`, `s`.`flag`, `s`.`isactive`, `s`.`subcat_image_path`, `s`.`subcat_name`
FROM `tour` AS `t`
LEFT JOIN `category` AS `c` ON `t`.`category_id` = `c`.`category_id`
LEFT JOIN `sub_category_master` AS `s` ON `t`.`subcat_id` = `s`.`subcat_id`
WHERE `t`.`tour_id` = @__tourId_0
LIMIT 1
2026-08-05 20:39:21.356 +05:30 [INF] Microsoft.EntityFrameworkCore.Database.Command Executed DbCommand (0ms) [Parameters=[@__tourId_0='?' (DbType = Int32)], CommandType='"Text"', CommandTimeout='30']
SELECT `i`.`itinerary_id` AS `ItineraryId`, `i`.`day_number` AS `DayNumber`, `i`.`description` AS `Description`, `i`.`location` AS `Location`
FROM `itinerary` AS `i`
WHERE `i`.`tour_id` = @__tourId_0
ORDER BY `i`.`day_number`
2026-08-05 20:39:21.359 +05:30 [INF] Microsoft.EntityFrameworkCore.Database.Command Executed DbCommand (1ms) [Parameters=[@__tourId_0='?' (DbType = Int32), @__today_1='?' (DbType = Date)], CommandType='"Text"', CommandTimeout='30']
SELECT `s`.`schedule_id` AS `ScheduleId`, `s`.`start_date` AS `StartDate`, `s`.`available_seats` AS `AvailableSeats`, `s`.`total_seats` AS `TotalSeats`, `s`.`status` AS `Status`
FROM `schedule` AS `s`
WHERE ((`s`.`tour_id` = @__tourId_0) AND `s`.`start_date` IS NOT NULL) AND (`s`.`start_date` >= @__today_1)
ORDER BY `s`.`start_date`
2026-08-05 20:39:21.361 +05:30 [INF] Microsoft.EntityFrameworkCore.Database.Command Executed DbCommand (0ms) [Parameters=[@__tourId_0='?' (DbType = Int32)], CommandType='"Text"', CommandTimeout='30']
SELECT `c`.`cost_id` AS `CostId`, `c`.`adult_price` AS `AdultPrice`, `c`.`single_person_price` AS `SinglePersonPrice`, `c`.`extra_person_price` AS `ExtraPersonPrice`, `c`.`child_with_bed_price` AS `ChildWithBedPrice`, `c`.`child_without_bed_price` AS `ChildWithoutBedPrice`, `c`.`valid_from` AS `ValidFrom`, `c`.`valid_to` AS `ValidTo`, `c`.`is_active` AS `IsActive`
FROM `cost` AS `c`
WHERE `c`.`tour_id` = @__tourId_0
2026-08-05 20:39:21.363 +05:30 [INF] Microsoft.EntityFrameworkCore.Database.Command Executed DbCommand (0ms) [Parameters=[@__tourId_0='?' (DbType = Int32)], CommandType='"Text"', CommandTimeout='30']
SELECT `t`.`image_id` AS `ImageId`, `t`.`source` AS `Source`, `t`.`image_title` AS `ImageTitle`, `t`.`is_primary` AS `IsPrimary`, `t`.`upload_date` AS `UploadDate`
FROM `tour_images` AS `t`
WHERE `t`.`tour_id` = @__tourId_0
2026-08-05 20:39:21.364 +05:30 [INF] Microsoft.EntityFrameworkCore.Database.Command Executed DbCommand (0ms) [Parameters=[@__tourId_0='?' (DbType = Int32)], CommandType='"Text"', CommandTimeout='30']
SELECT CAST(`r`.`rating` AS double)
FROM `review` AS `r`
WHERE (`r`.`tour_id` = @__tourId_0) AND `r`.`rating` IS NOT NULL
2026-08-05 20:39:21.367 +05:30 [INF] Microsoft.EntityFrameworkCore.Database.Command Executed DbCommand (0ms) [Parameters=[@__tourId_0='?' (DbType = Int32)], CommandType='"Text"', CommandTimeout='30']
SELECT `t`.`tour_id`, `t`.`add_ons`, `t`.`category_id`, `t`.`days`, `t`.`description`, `t`.`destination`, `t`.`do_and_dont`, `t`.`location`, `t`.`nights`, `t`.`passport_and_visa`, `t`.`price`, `t`.`stay_and_meals`, `t`.`subcat_id`, `t`.`tour_name`, `t`.`tour_type`, `t`.`weather`, `c`.`category_id`, `c`.`cat_code`, `c`.`cat_image_path`, `c`.`category_name`, `c`.`description`, `c`.`flag`, `c`.`parent_id`, `c`.`status`, `c`.`suitable_for`, `s`.`subcat_id`, `s`.`cat_id`, `s`.`flag`, `s`.`isactive`, `s`.`subcat_image_path`, `s`.`subcat_name`
FROM `tour` AS `t`
LEFT JOIN `category` AS `c` ON `t`.`category_id` = `c`.`category_id`
LEFT JOIN `sub_category_master` AS `s` ON `t`.`subcat_id` = `s`.`subcat_id`
WHERE `t`.`tour_id` = @__tourId_0
LIMIT 1
2026-08-05 20:39:21.368 +05:30 [INF] Microsoft.EntityFrameworkCore.Database.Command Executed DbCommand (0ms) [Parameters=[@__tourId_0='?' (DbType = Int32)], CommandType='"Text"', CommandTimeout='30']
SELECT `i`.`itinerary_id` AS `ItineraryId`, `i`.`day_number` AS `DayNumber`, `i`.`description` AS `Description`, `i`.`location` AS `Location`
FROM `itinerary` AS `i`
WHERE `i`.`tour_id` = @__tourId_0
ORDER BY `i`.`day_number`
2026-08-05 20:39:21.371 +05:30 [INF] Microsoft.EntityFrameworkCore.Database.Command Executed DbCommand (0ms) [Parameters=[@__tourId_0='?' (DbType = Int32), @__today_1='?' (DbType = Date)], CommandType='"Text"', CommandTimeout='30']
SELECT `s`.`schedule_id` AS `ScheduleId`, `s`.`start_date` AS `StartDate`, `s`.`available_seats` AS `AvailableSeats`, `s`.`total_seats` AS `TotalSeats`, `s`.`status` AS `Status`
FROM `schedule` AS `s`
WHERE ((`s`.`tour_id` = @__tourId_0) AND `s`.`start_date` IS NOT NULL) AND (`s`.`start_date` >= @__today_1)
ORDER BY `s`.`start_date`
2026-08-05 20:39:21.373 +05:30 [INF] Microsoft.EntityFrameworkCore.Database.Command Executed DbCommand (0ms) [Parameters=[@__tourId_0='?' (DbType = Int32)], CommandType='"Text"', CommandTimeout='30']
SELECT `c`.`cost_id` AS `CostId`, `c`.`adult_price` AS `AdultPrice`, `c`.`single_person_price` AS `SinglePersonPrice`, `c`.`extra_person_price` AS `ExtraPersonPrice`, `c`.`child_with_bed_price` AS `ChildWithBedPrice`, `c`.`child_without_bed_price` AS `ChildWithoutBedPrice`, `c`.`valid_from` AS `ValidFrom`, `c`.`valid_to` AS `ValidTo`, `c`.`is_active` AS `IsActive`
FROM `cost` AS `c`
WHERE `c`.`tour_id` = @__tourId_0
2026-08-05 20:39:21.375 +05:30 [INF] Microsoft.EntityFrameworkCore.Database.Command Executed DbCommand (0ms) [Parameters=[@__tourId_0='?' (DbType = Int32)], CommandType='"Text"', CommandTimeout='30']
SELECT `t`.`image_id` AS `ImageId`, `t`.`source` AS `Source`, `t`.`image_title` AS `ImageTitle`, `t`.`is_primary` AS `IsPrimary`, `t`.`upload_date` AS `UploadDate`
FROM `tour_images` AS `t`
WHERE `t`.`tour_id` = @__tourId_0
2026-08-05 20:39:21.377 +05:30 [INF] Microsoft.EntityFrameworkCore.Database.Command Executed DbCommand (0ms) [Parameters=[@__tourId_0='?' (DbType = Int32)], CommandType='"Text"', CommandTimeout='30']
SELECT CAST(`r`.`rating` AS double)
FROM `review` AS `r`
WHERE (`r`.`tour_id` = @__tourId_0) AND `r`.`rating` IS NOT NULL
2026-08-05 20:39:21.379 +05:30 [INF] Microsoft.EntityFrameworkCore.Database.Command Executed DbCommand (1ms) [Parameters=[@__tourId_0='?' (DbType = Int32)], CommandType='"Text"', CommandTimeout='30']
SELECT `t`.`tour_id`, `t`.`add_ons`, `t`.`category_id`, `t`.`days`, `t`.`description`, `t`.`destination`, `t`.`do_and_dont`, `t`.`location`, `t`.`nights`, `t`.`passport_and_visa`, `t`.`price`, `t`.`stay_and_meals`, `t`.`subcat_id`, `t`.`tour_name`, `t`.`tour_type`, `t`.`weather`, `c`.`category_id`, `c`.`cat_code`, `c`.`cat_image_path`, `c`.`category_name`, `c`.`description`, `c`.`flag`, `c`.`parent_id`, `c`.`status`, `c`.`suitable_for`, `s`.`subcat_id`, `s`.`cat_id`, `s`.`flag`, `s`.`isactive`, `s`.`subcat_image_path`, `s`.`subcat_name`
FROM `tour` AS `t`
LEFT JOIN `category` AS `c` ON `t`.`category_id` = `c`.`category_id`
LEFT JOIN `sub_category_master` AS `s` ON `t`.`subcat_id` = `s`.`subcat_id`
WHERE `t`.`tour_id` = @__tourId_0
LIMIT 1
2026-08-05 20:39:21.381 +05:30 [INF] Microsoft.EntityFrameworkCore.Database.Command Executed DbCommand (0ms) [Parameters=[@__tourId_0='?' (DbType = Int32)], CommandType='"Text"', CommandTimeout='30']
SELECT `i`.`itinerary_id` AS `ItineraryId`, `i`.`day_number` AS `DayNumber`, `i`.`description` AS `Description`, `i`.`location` AS `Location`
FROM `itinerary` AS `i`
WHERE `i`.`tour_id` = @__tourId_0
ORDER BY `i`.`day_number`
2026-08-05 20:39:21.383 +05:30 [INF] Microsoft.EntityFrameworkCore.Database.Command Executed DbCommand (1ms) [Parameters=[@__tourId_0='?' (DbType = Int32), @__today_1='?' (DbType = Date)], CommandType='"Text"', CommandTimeout='30']
SELECT `s`.`schedule_id` AS `ScheduleId`, `s`.`start_date` AS `StartDate`, `s`.`available_seats` AS `AvailableSeats`, `s`.`total_seats` AS `TotalSeats`, `s`.`status` AS `Status`
FROM `schedule` AS `s`
WHERE ((`s`.`tour_id` = @__tourId_0) AND `s`.`start_date` IS NOT NULL) AND (`s`.`start_date` >= @__today_1)
ORDER BY `s`.`start_date`
2026-08-05 20:39:21.386 +05:30 [INF] Microsoft.EntityFrameworkCore.Database.Command Executed DbCommand (1ms) [Parameters=[@__tourId_0='?' (DbType = Int32)], CommandType='"Text"', CommandTimeout='30']
SELECT `c`.`cost_id` AS `CostId`, `c`.`adult_price` AS `AdultPrice`, `c`.`single_person_price` AS `SinglePersonPrice`, `c`.`extra_person_price` AS `ExtraPersonPrice`, `c`.`child_with_bed_price` AS `ChildWithBedPrice`, `c`.`child_without_bed_price` AS `ChildWithoutBedPrice`, `c`.`valid_from` AS `ValidFrom`, `c`.`valid_to` AS `ValidTo`, `c`.`is_active` AS `IsActive`
FROM `cost` AS `c`
WHERE `c`.`tour_id` = @__tourId_0
2026-08-05 20:39:21.388 +05:30 [INF] Microsoft.EntityFrameworkCore.Database.Command Executed DbCommand (0ms) [Parameters=[@__tourId_0='?' (DbType = Int32)], CommandType='"Text"', CommandTimeout='30']
SELECT `t`.`image_id` AS `ImageId`, `t`.`source` AS `Source`, `t`.`image_title` AS `ImageTitle`, `t`.`is_primary` AS `IsPrimary`, `t`.`upload_date` AS `UploadDate`
FROM `tour_images` AS `t`
WHERE `t`.`tour_id` = @__tourId_0
2026-08-05 20:39:21.390 +05:30 [INF] Microsoft.EntityFrameworkCore.Database.Command Executed DbCommand (0ms) [Parameters=[@__tourId_0='?' (DbType = Int32)], CommandType='"Text"', CommandTimeout='30']
SELECT CAST(`r`.`rating` AS double)
FROM `review` AS `r`
WHERE (`r`.`tour_id` = @__tourId_0) AND `r`.`rating` IS NOT NULL
2026-08-05 20:39:21.391 +05:30 [INF] Microsoft.EntityFrameworkCore.Database.Command Executed DbCommand (0ms) [Parameters=[@__tourId_0='?' (DbType = Int32)], CommandType='"Text"', CommandTimeout='30']
SELECT `t`.`tour_id`, `t`.`add_ons`, `t`.`category_id`, `t`.`days`, `t`.`description`, `t`.`destination`, `t`.`do_and_dont`, `t`.`location`, `t`.`nights`, `t`.`passport_and_visa`, `t`.`price`, `t`.`stay_and_meals`, `t`.`subcat_id`, `t`.`tour_name`, `t`.`tour_type`, `t`.`weather`, `c`.`category_id`, `c`.`cat_code`, `c`.`cat_image_path`, `c`.`category_name`, `c`.`description`, `c`.`flag`, `c`.`parent_id`, `c`.`status`, `c`.`suitable_for`, `s`.`subcat_id`, `s`.`cat_id`, `s`.`flag`, `s`.`isactive`, `s`.`subcat_image_path`, `s`.`subcat_name`
FROM `tour` AS `t`
LEFT JOIN `category` AS `c` ON `t`.`category_id` = `c`.`category_id`
LEFT JOIN `sub_category_master` AS `s` ON `t`.`subcat_id` = `s`.`subcat_id`
WHERE `t`.`tour_id` = @__tourId_0
LIMIT 1
2026-08-05 20:39:21.394 +05:30 [INF] Microsoft.EntityFrameworkCore.Database.Command Executed DbCommand (0ms) [Parameters=[@__tourId_0='?' (DbType = Int32)], CommandType='"Text"', CommandTimeout='30']
SELECT `i`.`itinerary_id` AS `ItineraryId`, `i`.`day_number` AS `DayNumber`, `i`.`description` AS `Description`, `i`.`location` AS `Location`
FROM `itinerary` AS `i`
WHERE `i`.`tour_id` = @__tourId_0
ORDER BY `i`.`day_number`
2026-08-05 20:39:21.395 +05:30 [INF] Microsoft.EntityFrameworkCore.Database.Command Executed DbCommand (0ms) [Parameters=[@__tourId_0='?' (DbType = Int32), @__today_1='?' (DbType = Date)], CommandType='"Text"', CommandTimeout='30']
SELECT `s`.`schedule_id` AS `ScheduleId`, `s`.`start_date` AS `StartDate`, `s`.`available_seats` AS `AvailableSeats`, `s`.`total_seats` AS `TotalSeats`, `s`.`status` AS `Status`
FROM `schedule` AS `s`
WHERE ((`s`.`tour_id` = @__tourId_0) AND `s`.`start_date` IS NOT NULL) AND (`s`.`start_date` >= @__today_1)
ORDER BY `s`.`start_date`
2026-08-05 20:39:21.397 +05:30 [INF] Microsoft.EntityFrameworkCore.Database.Command Executed DbCommand (1ms) [Parameters=[@__tourId_0='?' (DbType = Int32)], CommandType='"Text"', CommandTimeout='30']
SELECT `c`.`cost_id` AS `CostId`, `c`.`adult_price` AS `AdultPrice`, `c`.`single_person_price` AS `SinglePersonPrice`, `c`.`extra_person_price` AS `ExtraPersonPrice`, `c`.`child_with_bed_price` AS `ChildWithBedPrice`, `c`.`child_without_bed_price` AS `ChildWithoutBedPrice`, `c`.`valid_from` AS `ValidFrom`, `c`.`valid_to` AS `ValidTo`, `c`.`is_active` AS `IsActive`
FROM `cost` AS `c`
WHERE `c`.`tour_id` = @__tourId_0
2026-08-05 20:39:21.399 +05:30 [INF] Microsoft.EntityFrameworkCore.Database.Command Executed DbCommand (0ms) [Parameters=[@__tourId_0='?' (DbType = Int32)], CommandType='"Text"', CommandTimeout='30']
SELECT `t`.`image_id` AS `ImageId`, `t`.`source` AS `Source`, `t`.`image_title` AS `ImageTitle`, `t`.`is_primary` AS `IsPrimary`, `t`.`upload_date` AS `UploadDate`
FROM `tour_images` AS `t`
WHERE `t`.`tour_id` = @__tourId_0
2026-08-05 20:39:21.402 +05:30 [INF] Microsoft.EntityFrameworkCore.Database.Command Executed DbCommand (0ms) [Parameters=[@__tourId_0='?' (DbType = Int32)], CommandType='"Text"', CommandTimeout='30']
SELECT CAST(`r`.`rating` AS double)
FROM `review` AS `r`
WHERE (`r`.`tour_id` = @__tourId_0) AND `r`.`rating` IS NOT NULL
2026-08-05 20:39:21.404 +05:30 [INF] Microsoft.EntityFrameworkCore.Database.Command Executed DbCommand (0ms) [Parameters=[@__tourId_0='?' (DbType = Int32)], CommandType='"Text"', CommandTimeout='30']
SELECT `t`.`tour_id`, `t`.`add_ons`, `t`.`category_id`, `t`.`days`, `t`.`description`, `t`.`destination`, `t`.`do_and_dont`, `t`.`location`, `t`.`nights`, `t`.`passport_and_visa`, `t`.`price`, `t`.`stay_and_meals`, `t`.`subcat_id`, `t`.`tour_name`, `t`.`tour_type`, `t`.`weather`, `c`.`category_id`, `c`.`cat_code`, `c`.`cat_image_path`, `c`.`category_name`, `c`.`description`, `c`.`flag`, `c`.`parent_id`, `c`.`status`, `c`.`suitable_for`, `s`.`subcat_id`, `s`.`cat_id`, `s`.`flag`, `s`.`isactive`, `s`.`subcat_image_path`, `s`.`subcat_name`
FROM `tour` AS `t`
LEFT JOIN `category` AS `c` ON `t`.`category_id` = `c`.`category_id`
LEFT JOIN `sub_category_master` AS `s` ON `t`.`subcat_id` = `s`.`subcat_id`
WHERE `t`.`tour_id` = @__tourId_0
LIMIT 1
2026-08-05 20:39:21.405 +05:30 [INF] Microsoft.EntityFrameworkCore.Database.Command Executed DbCommand (0ms) [Parameters=[@__tourId_0='?' (DbType = Int32)], CommandType='"Text"', CommandTimeout='30']
SELECT `i`.`itinerary_id` AS `ItineraryId`, `i`.`day_number` AS `DayNumber`, `i`.`description` AS `Description`, `i`.`location` AS `Location`
FROM `itinerary` AS `i`
WHERE `i`.`tour_id` = @__tourId_0
ORDER BY `i`.`day_number`
2026-08-05 20:39:21.408 +05:30 [INF] Microsoft.EntityFrameworkCore.Database.Command Executed DbCommand (1ms) [Parameters=[@__tourId_0='?' (DbType = Int32), @__today_1='?' (DbType = Date)], CommandType='"Text"', CommandTimeout='30']
SELECT `s`.`schedule_id` AS `ScheduleId`, `s`.`start_date` AS `StartDate`, `s`.`available_seats` AS `AvailableSeats`, `s`.`total_seats` AS `TotalSeats`, `s`.`status` AS `Status`
FROM `schedule` AS `s`
WHERE ((`s`.`tour_id` = @__tourId_0) AND `s`.`start_date` IS NOT NULL) AND (`s`.`start_date` >= @__today_1)
ORDER BY `s`.`start_date`
2026-08-05 20:39:21.410 +05:30 [INF] Microsoft.EntityFrameworkCore.Database.Command Executed DbCommand (0ms) [Parameters=[@__tourId_0='?' (DbType = Int32)], CommandType='"Text"', CommandTimeout='30']
SELECT `c`.`cost_id` AS `CostId`, `c`.`adult_price` AS `AdultPrice`, `c`.`single_person_price` AS `SinglePersonPrice`, `c`.`extra_person_price` AS `ExtraPersonPrice`, `c`.`child_with_bed_price` AS `ChildWithBedPrice`, `c`.`child_without_bed_price` AS `ChildWithoutBedPrice`, `c`.`valid_from` AS `ValidFrom`, `c`.`valid_to` AS `ValidTo`, `c`.`is_active` AS `IsActive`
FROM `cost` AS `c`
WHERE `c`.`tour_id` = @__tourId_0
2026-08-05 20:39:21.412 +05:30 [INF] Microsoft.EntityFrameworkCore.Database.Command Executed DbCommand (0ms) [Parameters=[@__tourId_0='?' (DbType = Int32)], CommandType='"Text"', CommandTimeout='30']
SELECT `t`.`image_id` AS `ImageId`, `t`.`source` AS `Source`, `t`.`image_title` AS `ImageTitle`, `t`.`is_primary` AS `IsPrimary`, `t`.`upload_date` AS `UploadDate`
FROM `tour_images` AS `t`
WHERE `t`.`tour_id` = @__tourId_0
2026-08-05 20:39:21.414 +05:30 [INF] Microsoft.EntityFrameworkCore.Database.Command Executed DbCommand (0ms) [Parameters=[@__tourId_0='?' (DbType = Int32)], CommandType='"Text"', CommandTimeout='30']
SELECT CAST(`r`.`rating` AS double)
FROM `review` AS `r`
WHERE (`r`.`tour_id` = @__tourId_0) AND `r`.`rating` IS NOT NULL
2026-08-05 20:39:21.416 +05:30 [INF] Microsoft.EntityFrameworkCore.Database.Command Executed DbCommand (0ms) [Parameters=[@__tourId_0='?' (DbType = Int32)], CommandType='"Text"', CommandTimeout='30']
SELECT `t`.`tour_id`, `t`.`add_ons`, `t`.`category_id`, `t`.`days`, `t`.`description`, `t`.`destination`, `t`.`do_and_dont`, `t`.`location`, `t`.`nights`, `t`.`passport_and_visa`, `t`.`price`, `t`.`stay_and_meals`, `t`.`subcat_id`, `t`.`tour_name`, `t`.`tour_type`, `t`.`weather`, `c`.`category_id`, `c`.`cat_code`, `c`.`cat_image_path`, `c`.`category_name`, `c`.`description`, `c`.`flag`, `c`.`parent_id`, `c`.`status`, `c`.`suitable_for`, `s`.`subcat_id`, `s`.`cat_id`, `s`.`flag`, `s`.`isactive`, `s`.`subcat_image_path`, `s`.`subcat_name`
FROM `tour` AS `t`
LEFT JOIN `category` AS `c` ON `t`.`category_id` = `c`.`category_id`
LEFT JOIN `sub_category_master` AS `s` ON `t`.`subcat_id` = `s`.`subcat_id`
WHERE `t`.`tour_id` = @__tourId_0
LIMIT 1
2026-08-05 20:39:21.418 +05:30 [INF] Microsoft.EntityFrameworkCore.Database.Command Executed DbCommand (0ms) [Parameters=[@__tourId_0='?' (DbType = Int32)], CommandType='"Text"', CommandTimeout='30']
SELECT `i`.`itinerary_id` AS `ItineraryId`, `i`.`day_number` AS `DayNumber`, `i`.`description` AS `Description`, `i`.`location` AS `Location`
FROM `itinerary` AS `i`
WHERE `i`.`tour_id` = @__tourId_0
ORDER BY `i`.`day_number`
2026-08-05 20:39:21.421 +05:30 [INF] Microsoft.EntityFrameworkCore.Database.Command Executed DbCommand (1ms) [Parameters=[@__tourId_0='?' (DbType = Int32), @__today_1='?' (DbType = Date)], CommandType='"Text"', CommandTimeout='30']
SELECT `s`.`schedule_id` AS `ScheduleId`, `s`.`start_date` AS `StartDate`, `s`.`available_seats` AS `AvailableSeats`, `s`.`total_seats` AS `TotalSeats`, `s`.`status` AS `Status`
FROM `schedule` AS `s`
WHERE ((`s`.`tour_id` = @__tourId_0) AND `s`.`start_date` IS NOT NULL) AND (`s`.`start_date` >= @__today_1)
ORDER BY `s`.`start_date`
2026-08-05 20:39:21.423 +05:30 [INF] Microsoft.EntityFrameworkCore.Database.Command Executed DbCommand (0ms) [Parameters=[@__tourId_0='?' (DbType = Int32)], CommandType='"Text"', CommandTimeout='30']
SELECT `c`.`cost_id` AS `CostId`, `c`.`adult_price` AS `AdultPrice`, `c`.`single_person_price` AS `SinglePersonPrice`, `c`.`extra_person_price` AS `ExtraPersonPrice`, `c`.`child_with_bed_price` AS `ChildWithBedPrice`, `c`.`child_without_bed_price` AS `ChildWithoutBedPrice`, `c`.`valid_from` AS `ValidFrom`, `c`.`valid_to` AS `ValidTo`, `c`.`is_active` AS `IsActive`
FROM `cost` AS `c`
WHERE `c`.`tour_id` = @__tourId_0
2026-08-05 20:39:21.426 +05:30 [INF] Microsoft.EntityFrameworkCore.Database.Command Executed DbCommand (0ms) [Parameters=[@__tourId_0='?' (DbType = Int32)], CommandType='"Text"', CommandTimeout='30']
SELECT `t`.`image_id` AS `ImageId`, `t`.`source` AS `Source`, `t`.`image_title` AS `ImageTitle`, `t`.`is_primary` AS `IsPrimary`, `t`.`upload_date` AS `UploadDate`
FROM `tour_images` AS `t`
WHERE `t`.`tour_id` = @__tourId_0
2026-08-05 20:39:21.428 +05:30 [INF] Microsoft.EntityFrameworkCore.Database.Command Executed DbCommand (0ms) [Parameters=[@__tourId_0='?' (DbType = Int32)], CommandType='"Text"', CommandTimeout='30']
SELECT CAST(`r`.`rating` AS double)
FROM `review` AS `r`
WHERE (`r`.`tour_id` = @__tourId_0) AND `r`.`rating` IS NOT NULL
2026-08-05 20:39:21.430 +05:30 [INF] Microsoft.EntityFrameworkCore.Database.Command Executed DbCommand (0ms) [Parameters=[@__tourId_0='?' (DbType = Int32)], CommandType='"Text"', CommandTimeout='30']
SELECT `t`.`tour_id`, `t`.`add_ons`, `t`.`category_id`, `t`.`days`, `t`.`description`, `t`.`destination`, `t`.`do_and_dont`, `t`.`location`, `t`.`nights`, `t`.`passport_and_visa`, `t`.`price`, `t`.`stay_and_meals`, `t`.`subcat_id`, `t`.`tour_name`, `t`.`tour_type`, `t`.`weather`, `c`.`category_id`, `c`.`cat_code`, `c`.`cat_image_path`, `c`.`category_name`, `c`.`description`, `c`.`flag`, `c`.`parent_id`, `c`.`status`, `c`.`suitable_for`, `s`.`subcat_id`, `s`.`cat_id`, `s`.`flag`, `s`.`isactive`, `s`.`subcat_image_path`, `s`.`subcat_name`
FROM `tour` AS `t`
LEFT JOIN `category` AS `c` ON `t`.`category_id` = `c`.`category_id`
LEFT JOIN `sub_category_master` AS `s` ON `t`.`subcat_id` = `s`.`subcat_id`
WHERE `t`.`tour_id` = @__tourId_0
LIMIT 1
2026-08-05 20:39:21.432 +05:30 [INF] Microsoft.EntityFrameworkCore.Database.Command Executed DbCommand (0ms) [Parameters=[@__tourId_0='?' (DbType = Int32)], CommandType='"Text"', CommandTimeout='30']
SELECT `i`.`itinerary_id` AS `ItineraryId`, `i`.`day_number` AS `DayNumber`, `i`.`description` AS `Description`, `i`.`location` AS `Location`
FROM `itinerary` AS `i`
WHERE `i`.`tour_id` = @__tourId_0
ORDER BY `i`.`day_number`
2026-08-05 20:39:21.434 +05:30 [INF] Microsoft.EntityFrameworkCore.Database.Command Executed DbCommand (1ms) [Parameters=[@__tourId_0='?' (DbType = Int32), @__today_1='?' (DbType = Date)], CommandType='"Text"', CommandTimeout='30']
SELECT `s`.`schedule_id` AS `ScheduleId`, `s`.`start_date` AS `StartDate`, `s`.`available_seats` AS `AvailableSeats`, `s`.`total_seats` AS `TotalSeats`, `s`.`status` AS `Status`
FROM `schedule` AS `s`
WHERE ((`s`.`tour_id` = @__tourId_0) AND `s`.`start_date` IS NOT NULL) AND (`s`.`start_date` >= @__today_1)
ORDER BY `s`.`start_date`
2026-08-05 20:39:21.437 +05:30 [INF] Microsoft.EntityFrameworkCore.Database.Command Executed DbCommand (0ms) [Parameters=[@__tourId_0='?' (DbType = Int32)], CommandType='"Text"', CommandTimeout='30']
SELECT `c`.`cost_id` AS `CostId`, `c`.`adult_price` AS `AdultPrice`, `c`.`single_person_price` AS `SinglePersonPrice`, `c`.`extra_person_price` AS `ExtraPersonPrice`, `c`.`child_with_bed_price` AS `ChildWithBedPrice`, `c`.`child_without_bed_price` AS `ChildWithoutBedPrice`, `c`.`valid_from` AS `ValidFrom`, `c`.`valid_to` AS `ValidTo`, `c`.`is_active` AS `IsActive`
FROM `cost` AS `c`
WHERE `c`.`tour_id` = @__tourId_0
2026-08-05 20:39:21.439 +05:30 [INF] Microsoft.EntityFrameworkCore.Database.Command Executed DbCommand (0ms) [Parameters=[@__tourId_0='?' (DbType = Int32)], CommandType='"Text"', CommandTimeout='30']
SELECT `t`.`image_id` AS `ImageId`, `t`.`source` AS `Source`, `t`.`image_title` AS `ImageTitle`, `t`.`is_primary` AS `IsPrimary`, `t`.`upload_date` AS `UploadDate`
FROM `tour_images` AS `t`
WHERE `t`.`tour_id` = @__tourId_0
2026-08-05 20:39:21.440 +05:30 [INF] Microsoft.EntityFrameworkCore.Database.Command Executed DbCommand (0ms) [Parameters=[@__tourId_0='?' (DbType = Int32)], CommandType='"Text"', CommandTimeout='30']
SELECT CAST(`r`.`rating` AS double)
FROM `review` AS `r`
WHERE (`r`.`tour_id` = @__tourId_0) AND `r`.`rating` IS NOT NULL
2026-08-05 20:39:21.443 +05:30 [INF] Microsoft.EntityFrameworkCore.Database.Command Executed DbCommand (0ms) [Parameters=[@__tourId_0='?' (DbType = Int32)], CommandType='"Text"', CommandTimeout='30']
SELECT `t`.`tour_id`, `t`.`add_ons`, `t`.`category_id`, `t`.`days`, `t`.`description`, `t`.`destination`, `t`.`do_and_dont`, `t`.`location`, `t`.`nights`, `t`.`passport_and_visa`, `t`.`price`, `t`.`stay_and_meals`, `t`.`subcat_id`, `t`.`tour_name`, `t`.`tour_type`, `t`.`weather`, `c`.`category_id`, `c`.`cat_code`, `c`.`cat_image_path`, `c`.`category_name`, `c`.`description`, `c`.`flag`, `c`.`parent_id`, `c`.`status`, `c`.`suitable_for`, `s`.`subcat_id`, `s`.`cat_id`, `s`.`flag`, `s`.`isactive`, `s`.`subcat_image_path`, `s`.`subcat_name`
FROM `tour` AS `t`
LEFT JOIN `category` AS `c` ON `t`.`category_id` = `c`.`category_id`
LEFT JOIN `sub_category_master` AS `s` ON `t`.`subcat_id` = `s`.`subcat_id`
WHERE `t`.`tour_id` = @__tourId_0
LIMIT 1
2026-08-05 20:39:21.445 +05:30 [INF] Microsoft.EntityFrameworkCore.Database.Command Executed DbCommand (0ms) [Parameters=[@__tourId_0='?' (DbType = Int32)], CommandType='"Text"', CommandTimeout='30']
SELECT `i`.`itinerary_id` AS `ItineraryId`, `i`.`day_number` AS `DayNumber`, `i`.`description` AS `Description`, `i`.`location` AS `Location`
FROM `itinerary` AS `i`
WHERE `i`.`tour_id` = @__tourId_0
ORDER BY `i`.`day_number`
2026-08-05 20:39:21.447 +05:30 [INF] Microsoft.EntityFrameworkCore.Database.Command Executed DbCommand (0ms) [Parameters=[@__tourId_0='?' (DbType = Int32), @__today_1='?' (DbType = Date)], CommandType='"Text"', CommandTimeout='30']
SELECT `s`.`schedule_id` AS `ScheduleId`, `s`.`start_date` AS `StartDate`, `s`.`available_seats` AS `AvailableSeats`, `s`.`total_seats` AS `TotalSeats`, `s`.`status` AS `Status`
FROM `schedule` AS `s`
WHERE ((`s`.`tour_id` = @__tourId_0) AND `s`.`start_date` IS NOT NULL) AND (`s`.`start_date` >= @__today_1)
ORDER BY `s`.`start_date`
2026-08-05 20:39:21.450 +05:30 [INF] Microsoft.EntityFrameworkCore.Database.Command Executed DbCommand (0ms) [Parameters=[@__tourId_0='?' (DbType = Int32)], CommandType='"Text"', CommandTimeout='30']
SELECT `c`.`cost_id` AS `CostId`, `c`.`adult_price` AS `AdultPrice`, `c`.`single_person_price` AS `SinglePersonPrice`, `c`.`extra_person_price` AS `ExtraPersonPrice`, `c`.`child_with_bed_price` AS `ChildWithBedPrice`, `c`.`child_without_bed_price` AS `ChildWithoutBedPrice`, `c`.`valid_from` AS `ValidFrom`, `c`.`valid_to` AS `ValidTo`, `c`.`is_active` AS `IsActive`
FROM `cost` AS `c`
WHERE `c`.`tour_id` = @__tourId_0
2026-08-05 20:39:21.452 +05:30 [INF] Microsoft.EntityFrameworkCore.Database.Command Executed DbCommand (0ms) [Parameters=[@__tourId_0='?' (DbType = Int32)], CommandType='"Text"', CommandTimeout='30']
SELECT `t`.`image_id` AS `ImageId`, `t`.`source` AS `Source`, `t`.`image_title` AS `ImageTitle`, `t`.`is_primary` AS `IsPrimary`, `t`.`upload_date` AS `UploadDate`
FROM `tour_images` AS `t`
WHERE `t`.`tour_id` = @__tourId_0
2026-08-05 20:39:21.454 +05:30 [INF] Microsoft.EntityFrameworkCore.Database.Command Executed DbCommand (0ms) [Parameters=[@__tourId_0='?' (DbType = Int32)], CommandType='"Text"', CommandTimeout='30']
SELECT CAST(`r`.`rating` AS double)
FROM `review` AS `r`
WHERE (`r`.`tour_id` = @__tourId_0) AND `r`.`rating` IS NOT NULL
2026-08-05 20:39:21.457 +05:30 [INF] Microsoft.EntityFrameworkCore.Database.Command Executed DbCommand (0ms) [Parameters=[@__tourId_0='?' (DbType = Int32)], CommandType='"Text"', CommandTimeout='30']
SELECT `t`.`tour_id`, `t`.`add_ons`, `t`.`category_id`, `t`.`days`, `t`.`description`, `t`.`destination`, `t`.`do_and_dont`, `t`.`location`, `t`.`nights`, `t`.`passport_and_visa`, `t`.`price`, `t`.`stay_and_meals`, `t`.`subcat_id`, `t`.`tour_name`, `t`.`tour_type`, `t`.`weather`, `c`.`category_id`, `c`.`cat_code`, `c`.`cat_image_path`, `c`.`category_name`, `c`.`description`, `c`.`flag`, `c`.`parent_id`, `c`.`status`, `c`.`suitable_for`, `s`.`subcat_id`, `s`.`cat_id`, `s`.`flag`, `s`.`isactive`, `s`.`subcat_image_path`, `s`.`subcat_name`
FROM `tour` AS `t`
LEFT JOIN `category` AS `c` ON `t`.`category_id` = `c`.`category_id`
LEFT JOIN `sub_category_master` AS `s` ON `t`.`subcat_id` = `s`.`subcat_id`
WHERE `t`.`tour_id` = @__tourId_0
LIMIT 1
2026-08-05 20:39:21.459 +05:30 [INF] Microsoft.EntityFrameworkCore.Database.Command Executed DbCommand (1ms) [Parameters=[@__tourId_0='?' (DbType = Int32)], CommandType='"Text"', CommandTimeout='30']
SELECT `i`.`itinerary_id` AS `ItineraryId`, `i`.`day_number` AS `DayNumber`, `i`.`description` AS `Description`, `i`.`location` AS `Location`
FROM `itinerary` AS `i`
WHERE `i`.`tour_id` = @__tourId_0
ORDER BY `i`.`day_number`
2026-08-05 20:39:21.461 +05:30 [INF] Microsoft.EntityFrameworkCore.Database.Command Executed DbCommand (0ms) [Parameters=[@__tourId_0='?' (DbType = Int32), @__today_1='?' (DbType = Date)], CommandType='"Text"', CommandTimeout='30']
SELECT `s`.`schedule_id` AS `ScheduleId`, `s`.`start_date` AS `StartDate`, `s`.`available_seats` AS `AvailableSeats`, `s`.`total_seats` AS `TotalSeats`, `s`.`status` AS `Status`
FROM `schedule` AS `s`
WHERE ((`s`.`tour_id` = @__tourId_0) AND `s`.`start_date` IS NOT NULL) AND (`s`.`start_date` >= @__today_1)
ORDER BY `s`.`start_date`
2026-08-05 20:39:21.464 +05:30 [INF] Microsoft.EntityFrameworkCore.Database.Command Executed DbCommand (0ms) [Parameters=[@__tourId_0='?' (DbType = Int32)], CommandType='"Text"', CommandTimeout='30']
SELECT `c`.`cost_id` AS `CostId`, `c`.`adult_price` AS `AdultPrice`, `c`.`single_person_price` AS `SinglePersonPrice`, `c`.`extra_person_price` AS `ExtraPersonPrice`, `c`.`child_with_bed_price` AS `ChildWithBedPrice`, `c`.`child_without_bed_price` AS `ChildWithoutBedPrice`, `c`.`valid_from` AS `ValidFrom`, `c`.`valid_to` AS `ValidTo`, `c`.`is_active` AS `IsActive`
FROM `cost` AS `c`
WHERE `c`.`tour_id` = @__tourId_0
2026-08-05 20:39:21.466 +05:30 [INF] Microsoft.EntityFrameworkCore.Database.Command Executed DbCommand (0ms) [Parameters=[@__tourId_0='?' (DbType = Int32)], CommandType='"Text"', CommandTimeout='30']
SELECT `t`.`image_id` AS `ImageId`, `t`.`source` AS `Source`, `t`.`image_title` AS `ImageTitle`, `t`.`is_primary` AS `IsPrimary`, `t`.`upload_date` AS `UploadDate`
FROM `tour_images` AS `t`
WHERE `t`.`tour_id` = @__tourId_0
2026-08-05 20:39:21.468 +05:30 [INF] Microsoft.EntityFrameworkCore.Database.Command Executed DbCommand (0ms) [Parameters=[@__tourId_0='?' (DbType = Int32)], CommandType='"Text"', CommandTimeout='30']
SELECT CAST(`r`.`rating` AS double)
FROM `review` AS `r`
WHERE (`r`.`tour_id` = @__tourId_0) AND `r`.`rating` IS NOT NULL
2026-08-05 20:39:21.470 +05:30 [INF] Microsoft.EntityFrameworkCore.Database.Command Executed DbCommand (0ms) [Parameters=[@__tourId_0='?' (DbType = Int32)], CommandType='"Text"', CommandTimeout='30']
SELECT `t`.`tour_id`, `t`.`add_ons`, `t`.`category_id`, `t`.`days`, `t`.`description`, `t`.`destination`, `t`.`do_and_dont`, `t`.`location`, `t`.`nights`, `t`.`passport_and_visa`, `t`.`price`, `t`.`stay_and_meals`, `t`.`subcat_id`, `t`.`tour_name`, `t`.`tour_type`, `t`.`weather`, `c`.`category_id`, `c`.`cat_code`, `c`.`cat_image_path`, `c`.`category_name`, `c`.`description`, `c`.`flag`, `c`.`parent_id`, `c`.`status`, `c`.`suitable_for`, `s`.`subcat_id`, `s`.`cat_id`, `s`.`flag`, `s`.`isactive`, `s`.`subcat_image_path`, `s`.`subcat_name`
FROM `tour` AS `t`
LEFT JOIN `category` AS `c` ON `t`.`category_id` = `c`.`category_id`
LEFT JOIN `sub_category_master` AS `s` ON `t`.`subcat_id` = `s`.`subcat_id`
WHERE `t`.`tour_id` = @__tourId_0
LIMIT 1
2026-08-05 20:39:21.472 +05:30 [INF] Microsoft.EntityFrameworkCore.Database.Command Executed DbCommand (0ms) [Parameters=[@__tourId_0='?' (DbType = Int32)], CommandType='"Text"', CommandTimeout='30']
SELECT `i`.`itinerary_id` AS `ItineraryId`, `i`.`day_number` AS `DayNumber`, `i`.`description` AS `Description`, `i`.`location` AS `Location`
FROM `itinerary` AS `i`
WHERE `i`.`tour_id` = @__tourId_0
ORDER BY `i`.`day_number`
2026-08-05 20:39:21.474 +05:30 [INF] Microsoft.EntityFrameworkCore.Database.Command Executed DbCommand (0ms) [Parameters=[@__tourId_0='?' (DbType = Int32), @__today_1='?' (DbType = Date)], CommandType='"Text"', CommandTimeout='30']
SELECT `s`.`schedule_id` AS `ScheduleId`, `s`.`start_date` AS `StartDate`, `s`.`available_seats` AS `AvailableSeats`, `s`.`total_seats` AS `TotalSeats`, `s`.`status` AS `Status`
FROM `schedule` AS `s`
WHERE ((`s`.`tour_id` = @__tourId_0) AND `s`.`start_date` IS NOT NULL) AND (`s`.`start_date` >= @__today_1)
ORDER BY `s`.`start_date`
2026-08-05 20:39:21.477 +05:30 [INF] Microsoft.EntityFrameworkCore.Database.Command Executed DbCommand (0ms) [Parameters=[@__tourId_0='?' (DbType = Int32)], CommandType='"Text"', CommandTimeout='30']
SELECT `c`.`cost_id` AS `CostId`, `c`.`adult_price` AS `AdultPrice`, `c`.`single_person_price` AS `SinglePersonPrice`, `c`.`extra_person_price` AS `ExtraPersonPrice`, `c`.`child_with_bed_price` AS `ChildWithBedPrice`, `c`.`child_without_bed_price` AS `ChildWithoutBedPrice`, `c`.`valid_from` AS `ValidFrom`, `c`.`valid_to` AS `ValidTo`, `c`.`is_active` AS `IsActive`
FROM `cost` AS `c`
WHERE `c`.`tour_id` = @__tourId_0
2026-08-05 20:39:21.479 +05:30 [INF] Microsoft.EntityFrameworkCore.Database.Command Executed DbCommand (0ms) [Parameters=[@__tourId_0='?' (DbType = Int32)], CommandType='"Text"', CommandTimeout='30']
SELECT `t`.`image_id` AS `ImageId`, `t`.`source` AS `Source`, `t`.`image_title` AS `ImageTitle`, `t`.`is_primary` AS `IsPrimary`, `t`.`upload_date` AS `UploadDate`
FROM `tour_images` AS `t`
WHERE `t`.`tour_id` = @__tourId_0
2026-08-05 20:39:21.482 +05:30 [INF] Microsoft.EntityFrameworkCore.Database.Command Executed DbCommand (0ms) [Parameters=[@__tourId_0='?' (DbType = Int32)], CommandType='"Text"', CommandTimeout='30']
SELECT CAST(`r`.`rating` AS double)
FROM `review` AS `r`
WHERE (`r`.`tour_id` = @__tourId_0) AND `r`.`rating` IS NOT NULL
2026-08-05 20:39:21.485 +05:30 [INF] Microsoft.EntityFrameworkCore.Database.Command Executed DbCommand (1ms) [Parameters=[@__tourId_0='?' (DbType = Int32)], CommandType='"Text"', CommandTimeout='30']
SELECT `t`.`tour_id`, `t`.`add_ons`, `t`.`category_id`, `t`.`days`, `t`.`description`, `t`.`destination`, `t`.`do_and_dont`, `t`.`location`, `t`.`nights`, `t`.`passport_and_visa`, `t`.`price`, `t`.`stay_and_meals`, `t`.`subcat_id`, `t`.`tour_name`, `t`.`tour_type`, `t`.`weather`, `c`.`category_id`, `c`.`cat_code`, `c`.`cat_image_path`, `c`.`category_name`, `c`.`description`, `c`.`flag`, `c`.`parent_id`, `c`.`status`, `c`.`suitable_for`, `s`.`subcat_id`, `s`.`cat_id`, `s`.`flag`, `s`.`isactive`, `s`.`subcat_image_path`, `s`.`subcat_name`
FROM `tour` AS `t`
LEFT JOIN `category` AS `c` ON `t`.`category_id` = `c`.`category_id`
LEFT JOIN `sub_category_master` AS `s` ON `t`.`subcat_id` = `s`.`subcat_id`
WHERE `t`.`tour_id` = @__tourId_0
LIMIT 1
2026-08-05 20:39:21.487 +05:30 [INF] Microsoft.EntityFrameworkCore.Database.Command Executed DbCommand (0ms) [Parameters=[@__tourId_0='?' (DbType = Int32)], CommandType='"Text"', CommandTimeout='30']
SELECT `i`.`itinerary_id` AS `ItineraryId`, `i`.`day_number` AS `DayNumber`, `i`.`description` AS `Description`, `i`.`location` AS `Location`
FROM `itinerary` AS `i`
WHERE `i`.`tour_id` = @__tourId_0
ORDER BY `i`.`day_number`
2026-08-05 20:39:21.489 +05:30 [INF] Microsoft.EntityFrameworkCore.Database.Command Executed DbCommand (0ms) [Parameters=[@__tourId_0='?' (DbType = Int32), @__today_1='?' (DbType = Date)], CommandType='"Text"', CommandTimeout='30']
SELECT `s`.`schedule_id` AS `ScheduleId`, `s`.`start_date` AS `StartDate`, `s`.`available_seats` AS `AvailableSeats`, `s`.`total_seats` AS `TotalSeats`, `s`.`status` AS `Status`
FROM `schedule` AS `s`
WHERE ((`s`.`tour_id` = @__tourId_0) AND `s`.`start_date` IS NOT NULL) AND (`s`.`start_date` >= @__today_1)
ORDER BY `s`.`start_date`
2026-08-05 20:39:21.492 +05:30 [INF] Microsoft.EntityFrameworkCore.Database.Command Executed DbCommand (0ms) [Parameters=[@__tourId_0='?' (DbType = Int32)], CommandType='"Text"', CommandTimeout='30']
SELECT `c`.`cost_id` AS `CostId`, `c`.`adult_price` AS `AdultPrice`, `c`.`single_person_price` AS `SinglePersonPrice`, `c`.`extra_person_price` AS `ExtraPersonPrice`, `c`.`child_with_bed_price` AS `ChildWithBedPrice`, `c`.`child_without_bed_price` AS `ChildWithoutBedPrice`, `c`.`valid_from` AS `ValidFrom`, `c`.`valid_to` AS `ValidTo`, `c`.`is_active` AS `IsActive`
FROM `cost` AS `c`
WHERE `c`.`tour_id` = @__tourId_0
2026-08-05 20:39:21.494 +05:30 [INF] Microsoft.EntityFrameworkCore.Database.Command Executed DbCommand (0ms) [Parameters=[@__tourId_0='?' (DbType = Int32)], CommandType='"Text"', CommandTimeout='30']
SELECT `t`.`image_id` AS `ImageId`, `t`.`source` AS `Source`, `t`.`image_title` AS `ImageTitle`, `t`.`is_primary` AS `IsPrimary`, `t`.`upload_date` AS `UploadDate`
FROM `tour_images` AS `t`
WHERE `t`.`tour_id` = @__tourId_0
2026-08-05 20:39:21.495 +05:30 [INF] Microsoft.EntityFrameworkCore.Database.Command Executed DbCommand (0ms) [Parameters=[@__tourId_0='?' (DbType = Int32)], CommandType='"Text"', CommandTimeout='30']
SELECT CAST(`r`.`rating` AS double)
FROM `review` AS `r`
WHERE (`r`.`tour_id` = @__tourId_0) AND `r`.`rating` IS NOT NULL
2026-08-05 20:39:21.498 +05:30 [INF] Microsoft.EntityFrameworkCore.Database.Command Executed DbCommand (0ms) [Parameters=[@__tourId_0='?' (DbType = Int32)], CommandType='"Text"', CommandTimeout='30']
SELECT `t`.`tour_id`, `t`.`add_ons`, `t`.`category_id`, `t`.`days`, `t`.`description`, `t`.`destination`, `t`.`do_and_dont`, `t`.`location`, `t`.`nights`, `t`.`passport_and_visa`, `t`.`price`, `t`.`stay_and_meals`, `t`.`subcat_id`, `t`.`tour_name`, `t`.`tour_type`, `t`.`weather`, `c`.`category_id`, `c`.`cat_code`, `c`.`cat_image_path`, `c`.`category_name`, `c`.`description`, `c`.`flag`, `c`.`parent_id`, `c`.`status`, `c`.`suitable_for`, `s`.`subcat_id`, `s`.`cat_id`, `s`.`flag`, `s`.`isactive`, `s`.`subcat_image_path`, `s`.`subcat_name`
FROM `tour` AS `t`
LEFT JOIN `category` AS `c` ON `t`.`category_id` = `c`.`category_id`
LEFT JOIN `sub_category_master` AS `s` ON `t`.`subcat_id` = `s`.`subcat_id`
WHERE `t`.`tour_id` = @__tourId_0
LIMIT 1
2026-08-05 20:39:21.501 +05:30 [INF] Microsoft.EntityFrameworkCore.Database.Command Executed DbCommand (0ms) [Parameters=[@__tourId_0='?' (DbType = Int32)], CommandType='"Text"', CommandTimeout='30']
SELECT `i`.`itinerary_id` AS `ItineraryId`, `i`.`day_number` AS `DayNumber`, `i`.`description` AS `Description`, `i`.`location` AS `Location`
FROM `itinerary` AS `i`
WHERE `i`.`tour_id` = @__tourId_0
ORDER BY `i`.`day_number`
2026-08-05 20:39:21.503 +05:30 [INF] Microsoft.EntityFrameworkCore.Database.Command Executed DbCommand (0ms) [Parameters=[@__tourId_0='?' (DbType = Int32), @__today_1='?' (DbType = Date)], CommandType='"Text"', CommandTimeout='30']
SELECT `s`.`schedule_id` AS `ScheduleId`, `s`.`start_date` AS `StartDate`, `s`.`available_seats` AS `AvailableSeats`, `s`.`total_seats` AS `TotalSeats`, `s`.`status` AS `Status`
FROM `schedule` AS `s`
WHERE ((`s`.`tour_id` = @__tourId_0) AND `s`.`start_date` IS NOT NULL) AND (`s`.`start_date` >= @__today_1)
ORDER BY `s`.`start_date`
2026-08-05 20:39:21.506 +05:30 [INF] Microsoft.EntityFrameworkCore.Database.Command Executed DbCommand (1ms) [Parameters=[@__tourId_0='?' (DbType = Int32)], CommandType='"Text"', CommandTimeout='30']
SELECT `c`.`cost_id` AS `CostId`, `c`.`adult_price` AS `AdultPrice`, `c`.`single_person_price` AS `SinglePersonPrice`, `c`.`extra_person_price` AS `ExtraPersonPrice`, `c`.`child_with_bed_price` AS `ChildWithBedPrice`, `c`.`child_without_bed_price` AS `ChildWithoutBedPrice`, `c`.`valid_from` AS `ValidFrom`, `c`.`valid_to` AS `ValidTo`, `c`.`is_active` AS `IsActive`
FROM `cost` AS `c`
WHERE `c`.`tour_id` = @__tourId_0
2026-08-05 20:39:21.508 +05:30 [INF] Microsoft.EntityFrameworkCore.Database.Command Executed DbCommand (0ms) [Parameters=[@__tourId_0='?' (DbType = Int32)], CommandType='"Text"', CommandTimeout='30']
SELECT `t`.`image_id` AS `ImageId`, `t`.`source` AS `Source`, `t`.`image_title` AS `ImageTitle`, `t`.`is_primary` AS `IsPrimary`, `t`.`upload_date` AS `UploadDate`
FROM `tour_images` AS `t`
WHERE `t`.`tour_id` = @__tourId_0
2026-08-05 20:39:21.509 +05:30 [INF] Microsoft.EntityFrameworkCore.Database.Command Executed DbCommand (0ms) [Parameters=[@__tourId_0='?' (DbType = Int32)], CommandType='"Text"', CommandTimeout='30']
SELECT CAST(`r`.`rating` AS double)
FROM `review` AS `r`
WHERE (`r`.`tour_id` = @__tourId_0) AND `r`.`rating` IS NOT NULL
2026-08-05 20:39:21.512 +05:30 [INF] Microsoft.EntityFrameworkCore.Database.Command Executed DbCommand (1ms) [Parameters=[@__tourId_0='?' (DbType = Int32)], CommandType='"Text"', CommandTimeout='30']
SELECT `t`.`tour_id`, `t`.`add_ons`, `t`.`category_id`, `t`.`days`, `t`.`description`, `t`.`destination`, `t`.`do_and_dont`, `t`.`location`, `t`.`nights`, `t`.`passport_and_visa`, `t`.`price`, `t`.`stay_and_meals`, `t`.`subcat_id`, `t`.`tour_name`, `t`.`tour_type`, `t`.`weather`, `c`.`category_id`, `c`.`cat_code`, `c`.`cat_image_path`, `c`.`category_name`, `c`.`description`, `c`.`flag`, `c`.`parent_id`, `c`.`status`, `c`.`suitable_for`, `s`.`subcat_id`, `s`.`cat_id`, `s`.`flag`, `s`.`isactive`, `s`.`subcat_image_path`, `s`.`subcat_name`
FROM `tour` AS `t`
LEFT JOIN `category` AS `c` ON `t`.`category_id` = `c`.`category_id`
LEFT JOIN `sub_category_master` AS `s` ON `t`.`subcat_id` = `s`.`subcat_id`
WHERE `t`.`tour_id` = @__tourId_0
LIMIT 1
2026-08-05 20:39:21.514 +05:30 [INF] Microsoft.EntityFrameworkCore.Database.Command Executed DbCommand (0ms) [Parameters=[@__tourId_0='?' (DbType = Int32)], CommandType='"Text"', CommandTimeout='30']
SELECT `i`.`itinerary_id` AS `ItineraryId`, `i`.`day_number` AS `DayNumber`, `i`.`description` AS `Description`, `i`.`location` AS `Location`
FROM `itinerary` AS `i`
WHERE `i`.`tour_id` = @__tourId_0
ORDER BY `i`.`day_number`
2026-08-05 20:39:21.516 +05:30 [INF] Microsoft.EntityFrameworkCore.Database.Command Executed DbCommand (0ms) [Parameters=[@__tourId_0='?' (DbType = Int32), @__today_1='?' (DbType = Date)], CommandType='"Text"', CommandTimeout='30']
SELECT `s`.`schedule_id` AS `ScheduleId`, `s`.`start_date` AS `StartDate`, `s`.`available_seats` AS `AvailableSeats`, `s`.`total_seats` AS `TotalSeats`, `s`.`status` AS `Status`
FROM `schedule` AS `s`
WHERE ((`s`.`tour_id` = @__tourId_0) AND `s`.`start_date` IS NOT NULL) AND (`s`.`start_date` >= @__today_1)
ORDER BY `s`.`start_date`
2026-08-05 20:39:21.519 +05:30 [INF] Microsoft.EntityFrameworkCore.Database.Command Executed DbCommand (0ms) [Parameters=[@__tourId_0='?' (DbType = Int32)], CommandType='"Text"', CommandTimeout='30']
SELECT `c`.`cost_id` AS `CostId`, `c`.`adult_price` AS `AdultPrice`, `c`.`single_person_price` AS `SinglePersonPrice`, `c`.`extra_person_price` AS `ExtraPersonPrice`, `c`.`child_with_bed_price` AS `ChildWithBedPrice`, `c`.`child_without_bed_price` AS `ChildWithoutBedPrice`, `c`.`valid_from` AS `ValidFrom`, `c`.`valid_to` AS `ValidTo`, `c`.`is_active` AS `IsActive`
FROM `cost` AS `c`
WHERE `c`.`tour_id` = @__tourId_0
2026-08-05 20:39:21.521 +05:30 [INF] Microsoft.EntityFrameworkCore.Database.Command Executed DbCommand (1ms) [Parameters=[@__tourId_0='?' (DbType = Int32)], CommandType='"Text"', CommandTimeout='30']
SELECT `t`.`image_id` AS `ImageId`, `t`.`source` AS `Source`, `t`.`image_title` AS `ImageTitle`, `t`.`is_primary` AS `IsPrimary`, `t`.`upload_date` AS `UploadDate`
FROM `tour_images` AS `t`
WHERE `t`.`tour_id` = @__tourId_0
2026-08-05 20:39:21.523 +05:30 [INF] Microsoft.EntityFrameworkCore.Database.Command Executed DbCommand (0ms) [Parameters=[@__tourId_0='?' (DbType = Int32)], CommandType='"Text"', CommandTimeout='30']
SELECT CAST(`r`.`rating` AS double)
FROM `review` AS `r`
WHERE (`r`.`tour_id` = @__tourId_0) AND `r`.`rating` IS NOT NULL
2026-08-05 20:39:21.526 +05:30 [INF] Microsoft.EntityFrameworkCore.Database.Command Executed DbCommand (1ms) [Parameters=[@__tourId_0='?' (DbType = Int32)], CommandType='"Text"', CommandTimeout='30']
SELECT `t`.`tour_id`, `t`.`add_ons`, `t`.`category_id`, `t`.`days`, `t`.`description`, `t`.`destination`, `t`.`do_and_dont`, `t`.`location`, `t`.`nights`, `t`.`passport_and_visa`, `t`.`price`, `t`.`stay_and_meals`, `t`.`subcat_id`, `t`.`tour_name`, `t`.`tour_type`, `t`.`weather`, `c`.`category_id`, `c`.`cat_code`, `c`.`cat_image_path`, `c`.`category_name`, `c`.`description`, `c`.`flag`, `c`.`parent_id`, `c`.`status`, `c`.`suitable_for`, `s`.`subcat_id`, `s`.`cat_id`, `s`.`flag`, `s`.`isactive`, `s`.`subcat_image_path`, `s`.`subcat_name`
FROM `tour` AS `t`
LEFT JOIN `category` AS `c` ON `t`.`category_id` = `c`.`category_id`
LEFT JOIN `sub_category_master` AS `s` ON `t`.`subcat_id` = `s`.`subcat_id`
WHERE `t`.`tour_id` = @__tourId_0
LIMIT 1
2026-08-05 20:39:21.528 +05:30 [INF] Microsoft.EntityFrameworkCore.Database.Command Executed DbCommand (0ms) [Parameters=[@__tourId_0='?' (DbType = Int32)], CommandType='"Text"', CommandTimeout='30']
SELECT `i`.`itinerary_id` AS `ItineraryId`, `i`.`day_number` AS `DayNumber`, `i`.`description` AS `Description`, `i`.`location` AS `Location`
FROM `itinerary` AS `i`
WHERE `i`.`tour_id` = @__tourId_0
ORDER BY `i`.`day_number`
2026-08-05 20:39:21.530 +05:30 [INF] Microsoft.EntityFrameworkCore.Database.Command Executed DbCommand (0ms) [Parameters=[@__tourId_0='?' (DbType = Int32), @__today_1='?' (DbType = Date)], CommandType='"Text"', CommandTimeout='30']
SELECT `s`.`schedule_id` AS `ScheduleId`, `s`.`start_date` AS `StartDate`, `s`.`available_seats` AS `AvailableSeats`, `s`.`total_seats` AS `TotalSeats`, `s`.`status` AS `Status`
FROM `schedule` AS `s`
WHERE ((`s`.`tour_id` = @__tourId_0) AND `s`.`start_date` IS NOT NULL) AND (`s`.`start_date` >= @__today_1)
ORDER BY `s`.`start_date`
2026-08-05 20:39:21.533 +05:30 [INF] Microsoft.EntityFrameworkCore.Database.Command Executed DbCommand (0ms) [Parameters=[@__tourId_0='?' (DbType = Int32)], CommandType='"Text"', CommandTimeout='30']
SELECT `c`.`cost_id` AS `CostId`, `c`.`adult_price` AS `AdultPrice`, `c`.`single_person_price` AS `SinglePersonPrice`, `c`.`extra_person_price` AS `ExtraPersonPrice`, `c`.`child_with_bed_price` AS `ChildWithBedPrice`, `c`.`child_without_bed_price` AS `ChildWithoutBedPrice`, `c`.`valid_from` AS `ValidFrom`, `c`.`valid_to` AS `ValidTo`, `c`.`is_active` AS `IsActive`
FROM `cost` AS `c`
WHERE `c`.`tour_id` = @__tourId_0
2026-08-05 20:39:21.535 +05:30 [INF] Microsoft.EntityFrameworkCore.Database.Command Executed DbCommand (0ms) [Parameters=[@__tourId_0='?' (DbType = Int32)], CommandType='"Text"', CommandTimeout='30']
SELECT `t`.`image_id` AS `ImageId`, `t`.`source` AS `Source`, `t`.`image_title` AS `ImageTitle`, `t`.`is_primary` AS `IsPrimary`, `t`.`upload_date` AS `UploadDate`
FROM `tour_images` AS `t`
WHERE `t`.`tour_id` = @__tourId_0
2026-08-05 20:39:21.536 +05:30 [INF] Microsoft.EntityFrameworkCore.Database.Command Executed DbCommand (0ms) [Parameters=[@__tourId_0='?' (DbType = Int32)], CommandType='"Text"', CommandTimeout='30']
SELECT CAST(`r`.`rating` AS double)
FROM `review` AS `r`
WHERE (`r`.`tour_id` = @__tourId_0) AND `r`.`rating` IS NOT NULL
2026-08-05 20:39:21.539 +05:30 [INF] Microsoft.EntityFrameworkCore.Database.Command Executed DbCommand (1ms) [Parameters=[@__tourId_0='?' (DbType = Int32)], CommandType='"Text"', CommandTimeout='30']
SELECT `t`.`tour_id`, `t`.`add_ons`, `t`.`category_id`, `t`.`days`, `t`.`description`, `t`.`destination`, `t`.`do_and_dont`, `t`.`location`, `t`.`nights`, `t`.`passport_and_visa`, `t`.`price`, `t`.`stay_and_meals`, `t`.`subcat_id`, `t`.`tour_name`, `t`.`tour_type`, `t`.`weather`, `c`.`category_id`, `c`.`cat_code`, `c`.`cat_image_path`, `c`.`category_name`, `c`.`description`, `c`.`flag`, `c`.`parent_id`, `c`.`status`, `c`.`suitable_for`, `s`.`subcat_id`, `s`.`cat_id`, `s`.`flag`, `s`.`isactive`, `s`.`subcat_image_path`, `s`.`subcat_name`
FROM `tour` AS `t`
LEFT JOIN `category` AS `c` ON `t`.`category_id` = `c`.`category_id`
LEFT JOIN `sub_category_master` AS `s` ON `t`.`subcat_id` = `s`.`subcat_id`
WHERE `t`.`tour_id` = @__tourId_0
LIMIT 1
2026-08-05 20:39:21.542 +05:30 [INF] Microsoft.EntityFrameworkCore.Database.Command Executed DbCommand (0ms) [Parameters=[@__tourId_0='?' (DbType = Int32)], CommandType='"Text"', CommandTimeout='30']
SELECT `i`.`itinerary_id` AS `ItineraryId`, `i`.`day_number` AS `DayNumber`, `i`.`description` AS `Description`, `i`.`location` AS `Location`
FROM `itinerary` AS `i`
WHERE `i`.`tour_id` = @__tourId_0
ORDER BY `i`.`day_number`
2026-08-05 20:39:21.544 +05:30 [INF] Microsoft.EntityFrameworkCore.Database.Command Executed DbCommand (0ms) [Parameters=[@__tourId_0='?' (DbType = Int32), @__today_1='?' (DbType = Date)], CommandType='"Text"', CommandTimeout='30']
SELECT `s`.`schedule_id` AS `ScheduleId`, `s`.`start_date` AS `StartDate`, `s`.`available_seats` AS `AvailableSeats`, `s`.`total_seats` AS `TotalSeats`, `s`.`status` AS `Status`
FROM `schedule` AS `s`
WHERE ((`s`.`tour_id` = @__tourId_0) AND `s`.`start_date` IS NOT NULL) AND (`s`.`start_date` >= @__today_1)
ORDER BY `s`.`start_date`
2026-08-05 20:39:21.547 +05:30 [INF] Microsoft.EntityFrameworkCore.Database.Command Executed DbCommand (0ms) [Parameters=[@__tourId_0='?' (DbType = Int32)], CommandType='"Text"', CommandTimeout='30']
SELECT `c`.`cost_id` AS `CostId`, `c`.`adult_price` AS `AdultPrice`, `c`.`single_person_price` AS `SinglePersonPrice`, `c`.`extra_person_price` AS `ExtraPersonPrice`, `c`.`child_with_bed_price` AS `ChildWithBedPrice`, `c`.`child_without_bed_price` AS `ChildWithoutBedPrice`, `c`.`valid_from` AS `ValidFrom`, `c`.`valid_to` AS `ValidTo`, `c`.`is_active` AS `IsActive`
FROM `cost` AS `c`
WHERE `c`.`tour_id` = @__tourId_0
2026-08-05 20:39:21.549 +05:30 [INF] Microsoft.EntityFrameworkCore.Database.Command Executed DbCommand (0ms) [Parameters=[@__tourId_0='?' (DbType = Int32)], CommandType='"Text"', CommandTimeout='30']
SELECT `t`.`image_id` AS `ImageId`, `t`.`source` AS `Source`, `t`.`image_title` AS `ImageTitle`, `t`.`is_primary` AS `IsPrimary`, `t`.`upload_date` AS `UploadDate`
FROM `tour_images` AS `t`
WHERE `t`.`tour_id` = @__tourId_0
2026-08-05 20:39:21.551 +05:30 [INF] Microsoft.EntityFrameworkCore.Database.Command Executed DbCommand (0ms) [Parameters=[@__tourId_0='?' (DbType = Int32)], CommandType='"Text"', CommandTimeout='30']
SELECT CAST(`r`.`rating` AS double)
FROM `review` AS `r`
WHERE (`r`.`tour_id` = @__tourId_0) AND `r`.`rating` IS NOT NULL
2026-08-05 20:39:21.554 +05:30 [INF] Microsoft.EntityFrameworkCore.Database.Command Executed DbCommand (0ms) [Parameters=[@__tourId_0='?' (DbType = Int32)], CommandType='"Text"', CommandTimeout='30']
SELECT `t`.`tour_id`, `t`.`add_ons`, `t`.`category_id`, `t`.`days`, `t`.`description`, `t`.`destination`, `t`.`do_and_dont`, `t`.`location`, `t`.`nights`, `t`.`passport_and_visa`, `t`.`price`, `t`.`stay_and_meals`, `t`.`subcat_id`, `t`.`tour_name`, `t`.`tour_type`, `t`.`weather`, `c`.`category_id`, `c`.`cat_code`, `c`.`cat_image_path`, `c`.`category_name`, `c`.`description`, `c`.`flag`, `c`.`parent_id`, `c`.`status`, `c`.`suitable_for`, `s`.`subcat_id`, `s`.`cat_id`, `s`.`flag`, `s`.`isactive`, `s`.`subcat_image_path`, `s`.`subcat_name`
FROM `tour` AS `t`
LEFT JOIN `category` AS `c` ON `t`.`category_id` = `c`.`category_id`
LEFT JOIN `sub_category_master` AS `s` ON `t`.`subcat_id` = `s`.`subcat_id`
WHERE `t`.`tour_id` = @__tourId_0
LIMIT 1
2026-08-05 20:39:21.556 +05:30 [INF] Microsoft.EntityFrameworkCore.Database.Command Executed DbCommand (0ms) [Parameters=[@__tourId_0='?' (DbType = Int32)], CommandType='"Text"', CommandTimeout='30']
SELECT `i`.`itinerary_id` AS `ItineraryId`, `i`.`day_number` AS `DayNumber`, `i`.`description` AS `Description`, `i`.`location` AS `Location`
FROM `itinerary` AS `i`
WHERE `i`.`tour_id` = @__tourId_0
ORDER BY `i`.`day_number`
2026-08-05 20:39:21.558 +05:30 [INF] Microsoft.EntityFrameworkCore.Database.Command Executed DbCommand (0ms) [Parameters=[@__tourId_0='?' (DbType = Int32), @__today_1='?' (DbType = Date)], CommandType='"Text"', CommandTimeout='30']
SELECT `s`.`schedule_id` AS `ScheduleId`, `s`.`start_date` AS `StartDate`, `s`.`available_seats` AS `AvailableSeats`, `s`.`total_seats` AS `TotalSeats`, `s`.`status` AS `Status`
FROM `schedule` AS `s`
WHERE ((`s`.`tour_id` = @__tourId_0) AND `s`.`start_date` IS NOT NULL) AND (`s`.`start_date` >= @__today_1)
ORDER BY `s`.`start_date`
2026-08-05 20:39:21.561 +05:30 [INF] Microsoft.EntityFrameworkCore.Database.Command Executed DbCommand (0ms) [Parameters=[@__tourId_0='?' (DbType = Int32)], CommandType='"Text"', CommandTimeout='30']
SELECT `c`.`cost_id` AS `CostId`, `c`.`adult_price` AS `AdultPrice`, `c`.`single_person_price` AS `SinglePersonPrice`, `c`.`extra_person_price` AS `ExtraPersonPrice`, `c`.`child_with_bed_price` AS `ChildWithBedPrice`, `c`.`child_without_bed_price` AS `ChildWithoutBedPrice`, `c`.`valid_from` AS `ValidFrom`, `c`.`valid_to` AS `ValidTo`, `c`.`is_active` AS `IsActive`
FROM `cost` AS `c`
WHERE `c`.`tour_id` = @__tourId_0
2026-08-05 20:39:21.563 +05:30 [INF] Microsoft.EntityFrameworkCore.Database.Command Executed DbCommand (0ms) [Parameters=[@__tourId_0='?' (DbType = Int32)], CommandType='"Text"', CommandTimeout='30']
SELECT `t`.`image_id` AS `ImageId`, `t`.`source` AS `Source`, `t`.`image_title` AS `ImageTitle`, `t`.`is_primary` AS `IsPrimary`, `t`.`upload_date` AS `UploadDate`
FROM `tour_images` AS `t`
WHERE `t`.`tour_id` = @__tourId_0
2026-08-05 20:39:21.565 +05:30 [INF] Microsoft.EntityFrameworkCore.Database.Command Executed DbCommand (0ms) [Parameters=[@__tourId_0='?' (DbType = Int32)], CommandType='"Text"', CommandTimeout='30']
SELECT CAST(`r`.`rating` AS double)
FROM `review` AS `r`
WHERE (`r`.`tour_id` = @__tourId_0) AND `r`.`rating` IS NOT NULL
2026-08-05 20:39:21.569 +05:30 [INF] Microsoft.EntityFrameworkCore.Database.Command Executed DbCommand (0ms) [Parameters=[@__tourId_0='?' (DbType = Int32)], CommandType='"Text"', CommandTimeout='30']
SELECT `t`.`tour_id`, `t`.`add_ons`, `t`.`category_id`, `t`.`days`, `t`.`description`, `t`.`destination`, `t`.`do_and_dont`, `t`.`location`, `t`.`nights`, `t`.`passport_and_visa`, `t`.`price`, `t`.`stay_and_meals`, `t`.`subcat_id`, `t`.`tour_name`, `t`.`tour_type`, `t`.`weather`, `c`.`category_id`, `c`.`cat_code`, `c`.`cat_image_path`, `c`.`category_name`, `c`.`description`, `c`.`flag`, `c`.`parent_id`, `c`.`status`, `c`.`suitable_for`, `s`.`subcat_id`, `s`.`cat_id`, `s`.`flag`, `s`.`isactive`, `s`.`subcat_image_path`, `s`.`subcat_name`
FROM `tour` AS `t`
LEFT JOIN `category` AS `c` ON `t`.`category_id` = `c`.`category_id`
LEFT JOIN `sub_category_master` AS `s` ON `t`.`subcat_id` = `s`.`subcat_id`
WHERE `t`.`tour_id` = @__tourId_0
LIMIT 1
2026-08-05 20:39:21.571 +05:30 [INF] Microsoft.EntityFrameworkCore.Database.Command Executed DbCommand (0ms) [Parameters=[@__tourId_0='?' (DbType = Int32)], CommandType='"Text"', CommandTimeout='30']
SELECT `i`.`itinerary_id` AS `ItineraryId`, `i`.`day_number` AS `DayNumber`, `i`.`description` AS `Description`, `i`.`location` AS `Location`
FROM `itinerary` AS `i`
WHERE `i`.`tour_id` = @__tourId_0
ORDER BY `i`.`day_number`
2026-08-05 20:39:21.574 +05:30 [INF] Microsoft.EntityFrameworkCore.Database.Command Executed DbCommand (1ms) [Parameters=[@__tourId_0='?' (DbType = Int32), @__today_1='?' (DbType = Date)], CommandType='"Text"', CommandTimeout='30']
SELECT `s`.`schedule_id` AS `ScheduleId`, `s`.`start_date` AS `StartDate`, `s`.`available_seats` AS `AvailableSeats`, `s`.`total_seats` AS `TotalSeats`, `s`.`status` AS `Status`
FROM `schedule` AS `s`
WHERE ((`s`.`tour_id` = @__tourId_0) AND `s`.`start_date` IS NOT NULL) AND (`s`.`start_date` >= @__today_1)
ORDER BY `s`.`start_date`
2026-08-05 20:39:21.577 +05:30 [INF] Microsoft.EntityFrameworkCore.Database.Command Executed DbCommand (0ms) [Parameters=[@__tourId_0='?' (DbType = Int32)], CommandType='"Text"', CommandTimeout='30']
SELECT `c`.`cost_id` AS `CostId`, `c`.`adult_price` AS `AdultPrice`, `c`.`single_person_price` AS `SinglePersonPrice`, `c`.`extra_person_price` AS `ExtraPersonPrice`, `c`.`child_with_bed_price` AS `ChildWithBedPrice`, `c`.`child_without_bed_price` AS `ChildWithoutBedPrice`, `c`.`valid_from` AS `ValidFrom`, `c`.`valid_to` AS `ValidTo`, `c`.`is_active` AS `IsActive`
FROM `cost` AS `c`
WHERE `c`.`tour_id` = @__tourId_0
2026-08-05 20:39:21.579 +05:30 [INF] Microsoft.EntityFrameworkCore.Database.Command Executed DbCommand (0ms) [Parameters=[@__tourId_0='?' (DbType = Int32)], CommandType='"Text"', CommandTimeout='30']
SELECT `t`.`image_id` AS `ImageId`, `t`.`source` AS `Source`, `t`.`image_title` AS `ImageTitle`, `t`.`is_primary` AS `IsPrimary`, `t`.`upload_date` AS `UploadDate`
FROM `tour_images` AS `t`
WHERE `t`.`tour_id` = @__tourId_0
2026-08-05 20:39:21.581 +05:30 [INF] Microsoft.EntityFrameworkCore.Database.Command Executed DbCommand (1ms) [Parameters=[@__tourId_0='?' (DbType = Int32)], CommandType='"Text"', CommandTimeout='30']
SELECT CAST(`r`.`rating` AS double)
FROM `review` AS `r`
WHERE (`r`.`tour_id` = @__tourId_0) AND `r`.`rating` IS NOT NULL
2026-08-05 20:39:21.584 +05:30 [INF] Microsoft.EntityFrameworkCore.Database.Command Executed DbCommand (0ms) [Parameters=[@__tourId_0='?' (DbType = Int32)], CommandType='"Text"', CommandTimeout='30']
SELECT `t`.`tour_id`, `t`.`add_ons`, `t`.`category_id`, `t`.`days`, `t`.`description`, `t`.`destination`, `t`.`do_and_dont`, `t`.`location`, `t`.`nights`, `t`.`passport_and_visa`, `t`.`price`, `t`.`stay_and_meals`, `t`.`subcat_id`, `t`.`tour_name`, `t`.`tour_type`, `t`.`weather`, `c`.`category_id`, `c`.`cat_code`, `c`.`cat_image_path`, `c`.`category_name`, `c`.`description`, `c`.`flag`, `c`.`parent_id`, `c`.`status`, `c`.`suitable_for`, `s`.`subcat_id`, `s`.`cat_id`, `s`.`flag`, `s`.`isactive`, `s`.`subcat_image_path`, `s`.`subcat_name`
FROM `tour` AS `t`
LEFT JOIN `category` AS `c` ON `t`.`category_id` = `c`.`category_id`
LEFT JOIN `sub_category_master` AS `s` ON `t`.`subcat_id` = `s`.`subcat_id`
WHERE `t`.`tour_id` = @__tourId_0
LIMIT 1
2026-08-05 20:39:21.586 +05:30 [INF] Microsoft.EntityFrameworkCore.Database.Command Executed DbCommand (0ms) [Parameters=[@__tourId_0='?' (DbType = Int32)], CommandType='"Text"', CommandTimeout='30']
SELECT `i`.`itinerary_id` AS `ItineraryId`, `i`.`day_number` AS `DayNumber`, `i`.`description` AS `Description`, `i`.`location` AS `Location`
FROM `itinerary` AS `i`
WHERE `i`.`tour_id` = @__tourId_0
ORDER BY `i`.`day_number`
2026-08-05 20:39:21.590 +05:30 [INF] Microsoft.EntityFrameworkCore.Database.Command Executed DbCommand (0ms) [Parameters=[@__tourId_0='?' (DbType = Int32), @__today_1='?' (DbType = Date)], CommandType='"Text"', CommandTimeout='30']
SELECT `s`.`schedule_id` AS `ScheduleId`, `s`.`start_date` AS `StartDate`, `s`.`available_seats` AS `AvailableSeats`, `s`.`total_seats` AS `TotalSeats`, `s`.`status` AS `Status`
FROM `schedule` AS `s`
WHERE ((`s`.`tour_id` = @__tourId_0) AND `s`.`start_date` IS NOT NULL) AND (`s`.`start_date` >= @__today_1)
ORDER BY `s`.`start_date`
2026-08-05 20:39:21.592 +05:30 [INF] Microsoft.EntityFrameworkCore.Database.Command Executed DbCommand (0ms) [Parameters=[@__tourId_0='?' (DbType = Int32)], CommandType='"Text"', CommandTimeout='30']
SELECT `c`.`cost_id` AS `CostId`, `c`.`adult_price` AS `AdultPrice`, `c`.`single_person_price` AS `SinglePersonPrice`, `c`.`extra_person_price` AS `ExtraPersonPrice`, `c`.`child_with_bed_price` AS `ChildWithBedPrice`, `c`.`child_without_bed_price` AS `ChildWithoutBedPrice`, `c`.`valid_from` AS `ValidFrom`, `c`.`valid_to` AS `ValidTo`, `c`.`is_active` AS `IsActive`
FROM `cost` AS `c`
WHERE `c`.`tour_id` = @__tourId_0
2026-08-05 20:39:21.595 +05:30 [INF] Microsoft.EntityFrameworkCore.Database.Command Executed DbCommand (1ms) [Parameters=[@__tourId_0='?' (DbType = Int32)], CommandType='"Text"', CommandTimeout='30']
SELECT `t`.`image_id` AS `ImageId`, `t`.`source` AS `Source`, `t`.`image_title` AS `ImageTitle`, `t`.`is_primary` AS `IsPrimary`, `t`.`upload_date` AS `UploadDate`
FROM `tour_images` AS `t`
WHERE `t`.`tour_id` = @__tourId_0
2026-08-05 20:39:21.598 +05:30 [INF] Microsoft.EntityFrameworkCore.Database.Command Executed DbCommand (0ms) [Parameters=[@__tourId_0='?' (DbType = Int32)], CommandType='"Text"', CommandTimeout='30']
SELECT CAST(`r`.`rating` AS double)
FROM `review` AS `r`
WHERE (`r`.`tour_id` = @__tourId_0) AND `r`.`rating` IS NOT NULL
2026-08-05 20:39:21.600 +05:30 [INF] Serilog.AspNetCore.RequestLoggingMiddleware GET /api/admin/tours responded 200 in 455.9 ms
2026-08-05 20:39:21.616 +05:30 [INF] Microsoft.EntityFrameworkCore.Database.Command Executed DbCommand (1ms) [Parameters=[], CommandType='"Text"', CommandTimeout='30']
SELECT `t`.`tour_id`
FROM `tour` AS `t`
ORDER BY `t`.`tour_id`
2026-08-05 20:39:21.619 +05:30 [INF] Microsoft.EntityFrameworkCore.Database.Command Executed DbCommand (1ms) [Parameters=[@__tourId_0='?' (DbType = Int32)], CommandType='"Text"', CommandTimeout='30']
SELECT `t`.`tour_id`, `t`.`add_ons`, `t`.`category_id`, `t`.`days`, `t`.`description`, `t`.`destination`, `t`.`do_and_dont`, `t`.`location`, `t`.`nights`, `t`.`passport_and_visa`, `t`.`price`, `t`.`stay_and_meals`, `t`.`subcat_id`, `t`.`tour_name`, `t`.`tour_type`, `t`.`weather`, `c`.`category_id`, `c`.`cat_code`, `c`.`cat_image_path`, `c`.`category_name`, `c`.`description`, `c`.`flag`, `c`.`parent_id`, `c`.`status`, `c`.`suitable_for`, `s`.`subcat_id`, `s`.`cat_id`, `s`.`flag`, `s`.`isactive`, `s`.`subcat_image_path`, `s`.`subcat_name`
FROM `tour` AS `t`
LEFT JOIN `category` AS `c` ON `t`.`category_id` = `c`.`category_id`
LEFT JOIN `sub_category_master` AS `s` ON `t`.`subcat_id` = `s`.`subcat_id`
WHERE `t`.`tour_id` = @__tourId_0
LIMIT 1
2026-08-05 20:39:21.623 +05:30 [INF] Microsoft.EntityFrameworkCore.Database.Command Executed DbCommand (1ms) [Parameters=[@__tourId_0='?' (DbType = Int32)], CommandType='"Text"', CommandTimeout='30']
SELECT `i`.`itinerary_id` AS `ItineraryId`, `i`.`day_number` AS `DayNumber`, `i`.`description` AS `Description`, `i`.`location` AS `Location`
FROM `itinerary` AS `i`
WHERE `i`.`tour_id` = @__tourId_0
ORDER BY `i`.`day_number`
2026-08-05 20:39:21.627 +05:30 [INF] Microsoft.EntityFrameworkCore.Database.Command Executed DbCommand (1ms) [Parameters=[@__tourId_0='?' (DbType = Int32), @__today_1='?' (DbType = Date)], CommandType='"Text"', CommandTimeout='30']
SELECT `s`.`schedule_id` AS `ScheduleId`, `s`.`start_date` AS `StartDate`, `s`.`available_seats` AS `AvailableSeats`, `s`.`total_seats` AS `TotalSeats`, `s`.`status` AS `Status`
FROM `schedule` AS `s`
WHERE ((`s`.`tour_id` = @__tourId_0) AND `s`.`start_date` IS NOT NULL) AND (`s`.`start_date` >= @__today_1)
ORDER BY `s`.`start_date`
2026-08-05 20:39:21.631 +05:30 [INF] Microsoft.EntityFrameworkCore.Database.Command Executed DbCommand (1ms) [Parameters=[@__tourId_0='?' (DbType = Int32)], CommandType='"Text"', CommandTimeout='30']
SELECT `c`.`cost_id` AS `CostId`, `c`.`adult_price` AS `AdultPrice`, `c`.`single_person_price` AS `SinglePersonPrice`, `c`.`extra_person_price` AS `ExtraPersonPrice`, `c`.`child_with_bed_price` AS `ChildWithBedPrice`, `c`.`child_without_bed_price` AS `ChildWithoutBedPrice`, `c`.`valid_from` AS `ValidFrom`, `c`.`valid_to` AS `ValidTo`, `c`.`is_active` AS `IsActive`
FROM `cost` AS `c`
WHERE `c`.`tour_id` = @__tourId_0
2026-08-05 20:39:21.634 +05:30 [INF] Microsoft.EntityFrameworkCore.Database.Command Executed DbCommand (0ms) [Parameters=[@__tourId_0='?' (DbType = Int32)], CommandType='"Text"', CommandTimeout='30']
SELECT `t`.`image_id` AS `ImageId`, `t`.`source` AS `Source`, `t`.`image_title` AS `ImageTitle`, `t`.`is_primary` AS `IsPrimary`, `t`.`upload_date` AS `UploadDate`
FROM `tour_images` AS `t`
WHERE `t`.`tour_id` = @__tourId_0
2026-08-05 20:39:21.639 +05:30 [INF] Microsoft.EntityFrameworkCore.Database.Command Executed DbCommand (1ms) [Parameters=[@__tourId_0='?' (DbType = Int32)], CommandType='"Text"', CommandTimeout='30']
SELECT CAST(`r`.`rating` AS double)
FROM `review` AS `r`
WHERE (`r`.`tour_id` = @__tourId_0) AND `r`.`rating` IS NOT NULL
2026-08-05 20:39:21.652 +05:30 [INF] Microsoft.EntityFrameworkCore.Database.Command Executed DbCommand (1ms) [Parameters=[@__tourId_0='?' (DbType = Int32)], CommandType='"Text"', CommandTimeout='30']
SELECT `t`.`tour_id`, `t`.`add_ons`, `t`.`category_id`, `t`.`days`, `t`.`description`, `t`.`destination`, `t`.`do_and_dont`, `t`.`location`, `t`.`nights`, `t`.`passport_and_visa`, `t`.`price`, `t`.`stay_and_meals`, `t`.`subcat_id`, `t`.`tour_name`, `t`.`tour_type`, `t`.`weather`, `c`.`category_id`, `c`.`cat_code`, `c`.`cat_image_path`, `c`.`category_name`, `c`.`description`, `c`.`flag`, `c`.`parent_id`, `c`.`status`, `c`.`suitable_for`, `s`.`subcat_id`, `s`.`cat_id`, `s`.`flag`, `s`.`isactive`, `s`.`subcat_image_path`, `s`.`subcat_name`
FROM `tour` AS `t`
LEFT JOIN `category` AS `c` ON `t`.`category_id` = `c`.`category_id`
LEFT JOIN `sub_category_master` AS `s` ON `t`.`subcat_id` = `s`.`subcat_id`
WHERE `t`.`tour_id` = @__tourId_0
LIMIT 1
2026-08-05 20:39:21.655 +05:30 [INF] Microsoft.EntityFrameworkCore.Database.Command Executed DbCommand (0ms) [Parameters=[@__tourId_0='?' (DbType = Int32)], CommandType='"Text"', CommandTimeout='30']
SELECT `i`.`itinerary_id` AS `ItineraryId`, `i`.`day_number` AS `DayNumber`, `i`.`description` AS `Description`, `i`.`location` AS `Location`
FROM `itinerary` AS `i`
WHERE `i`.`tour_id` = @__tourId_0
ORDER BY `i`.`day_number`
2026-08-05 20:39:21.658 +05:30 [INF] Microsoft.EntityFrameworkCore.Database.Command Executed DbCommand (1ms) [Parameters=[@__tourId_0='?' (DbType = Int32), @__today_1='?' (DbType = Date)], CommandType='"Text"', CommandTimeout='30']
SELECT `s`.`schedule_id` AS `ScheduleId`, `s`.`start_date` AS `StartDate`, `s`.`available_seats` AS `AvailableSeats`, `s`.`total_seats` AS `TotalSeats`, `s`.`status` AS `Status`
FROM `schedule` AS `s`
WHERE ((`s`.`tour_id` = @__tourId_0) AND `s`.`start_date` IS NOT NULL) AND (`s`.`start_date` >= @__today_1)
ORDER BY `s`.`start_date`
2026-08-05 20:39:21.660 +05:30 [INF] Microsoft.EntityFrameworkCore.Database.Command Executed DbCommand (0ms) [Parameters=[@__tourId_0='?' (DbType = Int32)], CommandType='"Text"', CommandTimeout='30']
SELECT `c`.`cost_id` AS `CostId`, `c`.`adult_price` AS `AdultPrice`, `c`.`single_person_price` AS `SinglePersonPrice`, `c`.`extra_person_price` AS `ExtraPersonPrice`, `c`.`child_with_bed_price` AS `ChildWithBedPrice`, `c`.`child_without_bed_price` AS `ChildWithoutBedPrice`, `c`.`valid_from` AS `ValidFrom`, `c`.`valid_to` AS `ValidTo`, `c`.`is_active` AS `IsActive`
FROM `cost` AS `c`
WHERE `c`.`tour_id` = @__tourId_0
2026-08-05 20:39:21.662 +05:30 [INF] Microsoft.EntityFrameworkCore.Database.Command Executed DbCommand (0ms) [Parameters=[@__tourId_0='?' (DbType = Int32)], CommandType='"Text"', CommandTimeout='30']
SELECT `t`.`image_id` AS `ImageId`, `t`.`source` AS `Source`, `t`.`image_title` AS `ImageTitle`, `t`.`is_primary` AS `IsPrimary`, `t`.`upload_date` AS `UploadDate`
FROM `tour_images` AS `t`
WHERE `t`.`tour_id` = @__tourId_0
2026-08-05 20:39:21.666 +05:30 [INF] Microsoft.EntityFrameworkCore.Database.Command Executed DbCommand (0ms) [Parameters=[@__tourId_0='?' (DbType = Int32)], CommandType='"Text"', CommandTimeout='30']
SELECT CAST(`r`.`rating` AS double)
FROM `review` AS `r`
WHERE (`r`.`tour_id` = @__tourId_0) AND `r`.`rating` IS NOT NULL
2026-08-05 20:39:21.670 +05:30 [INF] Microsoft.EntityFrameworkCore.Database.Command Executed DbCommand (1ms) [Parameters=[@__tourId_0='?' (DbType = Int32)], CommandType='"Text"', CommandTimeout='30']
SELECT `t`.`tour_id`, `t`.`add_ons`, `t`.`category_id`, `t`.`days`, `t`.`description`, `t`.`destination`, `t`.`do_and_dont`, `t`.`location`, `t`.`nights`, `t`.`passport_and_visa`, `t`.`price`, `t`.`stay_and_meals`, `t`.`subcat_id`, `t`.`tour_name`, `t`.`tour_type`, `t`.`weather`, `c`.`category_id`, `c`.`cat_code`, `c`.`cat_image_path`, `c`.`category_name`, `c`.`description`, `c`.`flag`, `c`.`parent_id`, `c`.`status`, `c`.`suitable_for`, `s`.`subcat_id`, `s`.`cat_id`, `s`.`flag`, `s`.`isactive`, `s`.`subcat_image_path`, `s`.`subcat_name`
FROM `tour` AS `t`
LEFT JOIN `category` AS `c` ON `t`.`category_id` = `c`.`category_id`
LEFT JOIN `sub_category_master` AS `s` ON `t`.`subcat_id` = `s`.`subcat_id`
WHERE `t`.`tour_id` = @__tourId_0
LIMIT 1
2026-08-05 20:39:21.673 +05:30 [INF] Microsoft.EntityFrameworkCore.Database.Command Executed DbCommand (0ms) [Parameters=[@__tourId_0='?' (DbType = Int32)], CommandType='"Text"', CommandTimeout='30']
SELECT `i`.`itinerary_id` AS `ItineraryId`, `i`.`day_number` AS `DayNumber`, `i`.`description` AS `Description`, `i`.`location` AS `Location`
FROM `itinerary` AS `i`
WHERE `i`.`tour_id` = @__tourId_0
ORDER BY `i`.`day_number`
2026-08-05 20:39:21.675 +05:30 [INF] Microsoft.EntityFrameworkCore.Database.Command Executed DbCommand (0ms) [Parameters=[@__tourId_0='?' (DbType = Int32), @__today_1='?' (DbType = Date)], CommandType='"Text"', CommandTimeout='30']
SELECT `s`.`schedule_id` AS `ScheduleId`, `s`.`start_date` AS `StartDate`, `s`.`available_seats` AS `AvailableSeats`, `s`.`total_seats` AS `TotalSeats`, `s`.`status` AS `Status`
FROM `schedule` AS `s`
WHERE ((`s`.`tour_id` = @__tourId_0) AND `s`.`start_date` IS NOT NULL) AND (`s`.`start_date` >= @__today_1)
ORDER BY `s`.`start_date`
2026-08-05 20:39:21.679 +05:30 [INF] Microsoft.EntityFrameworkCore.Database.Command Executed DbCommand (1ms) [Parameters=[@__tourId_0='?' (DbType = Int32)], CommandType='"Text"', CommandTimeout='30']
SELECT `c`.`cost_id` AS `CostId`, `c`.`adult_price` AS `AdultPrice`, `c`.`single_person_price` AS `SinglePersonPrice`, `c`.`extra_person_price` AS `ExtraPersonPrice`, `c`.`child_with_bed_price` AS `ChildWithBedPrice`, `c`.`child_without_bed_price` AS `ChildWithoutBedPrice`, `c`.`valid_from` AS `ValidFrom`, `c`.`valid_to` AS `ValidTo`, `c`.`is_active` AS `IsActive`
FROM `cost` AS `c`
WHERE `c`.`tour_id` = @__tourId_0
2026-08-05 20:39:21.681 +05:30 [INF] Microsoft.EntityFrameworkCore.Database.Command Executed DbCommand (0ms) [Parameters=[@__tourId_0='?' (DbType = Int32)], CommandType='"Text"', CommandTimeout='30']
SELECT `t`.`image_id` AS `ImageId`, `t`.`source` AS `Source`, `t`.`image_title` AS `ImageTitle`, `t`.`is_primary` AS `IsPrimary`, `t`.`upload_date` AS `UploadDate`
FROM `tour_images` AS `t`
WHERE `t`.`tour_id` = @__tourId_0
2026-08-05 20:39:21.684 +05:30 [INF] Microsoft.EntityFrameworkCore.Database.Command Executed DbCommand (0ms) [Parameters=[@__tourId_0='?' (DbType = Int32)], CommandType='"Text"', CommandTimeout='30']
SELECT CAST(`r`.`rating` AS double)
FROM `review` AS `r`
WHERE (`r`.`tour_id` = @__tourId_0) AND `r`.`rating` IS NOT NULL
2026-08-05 20:39:21.687 +05:30 [INF] Microsoft.EntityFrameworkCore.Database.Command Executed DbCommand (0ms) [Parameters=[@__tourId_0='?' (DbType = Int32)], CommandType='"Text"', CommandTimeout='30']
SELECT `t`.`tour_id`, `t`.`add_ons`, `t`.`category_id`, `t`.`days`, `t`.`description`, `t`.`destination`, `t`.`do_and_dont`, `t`.`location`, `t`.`nights`, `t`.`passport_and_visa`, `t`.`price`, `t`.`stay_and_meals`, `t`.`subcat_id`, `t`.`tour_name`, `t`.`tour_type`, `t`.`weather`, `c`.`category_id`, `c`.`cat_code`, `c`.`cat_image_path`, `c`.`category_name`, `c`.`description`, `c`.`flag`, `c`.`parent_id`, `c`.`status`, `c`.`suitable_for`, `s`.`subcat_id`, `s`.`cat_id`, `s`.`flag`, `s`.`isactive`, `s`.`subcat_image_path`, `s`.`subcat_name`
FROM `tour` AS `t`
LEFT JOIN `category` AS `c` ON `t`.`category_id` = `c`.`category_id`
LEFT JOIN `sub_category_master` AS `s` ON `t`.`subcat_id` = `s`.`subcat_id`
WHERE `t`.`tour_id` = @__tourId_0
LIMIT 1
2026-08-05 20:39:21.689 +05:30 [INF] Microsoft.EntityFrameworkCore.Database.Command Executed DbCommand (0ms) [Parameters=[@__tourId_0='?' (DbType = Int32)], CommandType='"Text"', CommandTimeout='30']
SELECT `i`.`itinerary_id` AS `ItineraryId`, `i`.`day_number` AS `DayNumber`, `i`.`description` AS `Description`, `i`.`location` AS `Location`
FROM `itinerary` AS `i`
WHERE `i`.`tour_id` = @__tourId_0
ORDER BY `i`.`day_number`
2026-08-05 20:39:21.693 +05:30 [INF] Microsoft.EntityFrameworkCore.Database.Command Executed DbCommand (1ms) [Parameters=[@__tourId_0='?' (DbType = Int32), @__today_1='?' (DbType = Date)], CommandType='"Text"', CommandTimeout='30']
SELECT `s`.`schedule_id` AS `ScheduleId`, `s`.`start_date` AS `StartDate`, `s`.`available_seats` AS `AvailableSeats`, `s`.`total_seats` AS `TotalSeats`, `s`.`status` AS `Status`
FROM `schedule` AS `s`
WHERE ((`s`.`tour_id` = @__tourId_0) AND `s`.`start_date` IS NOT NULL) AND (`s`.`start_date` >= @__today_1)
ORDER BY `s`.`start_date`
2026-08-05 20:39:21.695 +05:30 [INF] Microsoft.EntityFrameworkCore.Database.Command Executed DbCommand (0ms) [Parameters=[@__tourId_0='?' (DbType = Int32)], CommandType='"Text"', CommandTimeout='30']
SELECT `c`.`cost_id` AS `CostId`, `c`.`adult_price` AS `AdultPrice`, `c`.`single_person_price` AS `SinglePersonPrice`, `c`.`extra_person_price` AS `ExtraPersonPrice`, `c`.`child_with_bed_price` AS `ChildWithBedPrice`, `c`.`child_without_bed_price` AS `ChildWithoutBedPrice`, `c`.`valid_from` AS `ValidFrom`, `c`.`valid_to` AS `ValidTo`, `c`.`is_active` AS `IsActive`
FROM `cost` AS `c`
WHERE `c`.`tour_id` = @__tourId_0
2026-08-05 20:39:21.697 +05:30 [INF] Microsoft.EntityFrameworkCore.Database.Command Executed DbCommand (0ms) [Parameters=[@__tourId_0='?' (DbType = Int32)], CommandType='"Text"', CommandTimeout='30']
SELECT `t`.`image_id` AS `ImageId`, `t`.`source` AS `Source`, `t`.`image_title` AS `ImageTitle`, `t`.`is_primary` AS `IsPrimary`, `t`.`upload_date` AS `UploadDate`
FROM `tour_images` AS `t`
WHERE `t`.`tour_id` = @__tourId_0
2026-08-05 20:39:21.701 +05:30 [INF] Microsoft.EntityFrameworkCore.Database.Command Executed DbCommand (0ms) [Parameters=[@__tourId_0='?' (DbType = Int32)], CommandType='"Text"', CommandTimeout='30']
SELECT CAST(`r`.`rating` AS double)
FROM `review` AS `r`
WHERE (`r`.`tour_id` = @__tourId_0) AND `r`.`rating` IS NOT NULL
2026-08-05 20:39:21.703 +05:30 [INF] Microsoft.EntityFrameworkCore.Database.Command Executed DbCommand (0ms) [Parameters=[@__tourId_0='?' (DbType = Int32)], CommandType='"Text"', CommandTimeout='30']
SELECT `t`.`tour_id`, `t`.`add_ons`, `t`.`category_id`, `t`.`days`, `t`.`description`, `t`.`destination`, `t`.`do_and_dont`, `t`.`location`, `t`.`nights`, `t`.`passport_and_visa`, `t`.`price`, `t`.`stay_and_meals`, `t`.`subcat_id`, `t`.`tour_name`, `t`.`tour_type`, `t`.`weather`, `c`.`category_id`, `c`.`cat_code`, `c`.`cat_image_path`, `c`.`category_name`, `c`.`description`, `c`.`flag`, `c`.`parent_id`, `c`.`status`, `c`.`suitable_for`, `s`.`subcat_id`, `s`.`cat_id`, `s`.`flag`, `s`.`isactive`, `s`.`subcat_image_path`, `s`.`subcat_name`
FROM `tour` AS `t`
LEFT JOIN `category` AS `c` ON `t`.`category_id` = `c`.`category_id`
LEFT JOIN `sub_category_master` AS `s` ON `t`.`subcat_id` = `s`.`subcat_id`
WHERE `t`.`tour_id` = @__tourId_0
LIMIT 1
2026-08-05 20:39:21.706 +05:30 [INF] Microsoft.EntityFrameworkCore.Database.Command Executed DbCommand (0ms) [Parameters=[@__tourId_0='?' (DbType = Int32)], CommandType='"Text"', CommandTimeout='30']
SELECT `i`.`itinerary_id` AS `ItineraryId`, `i`.`day_number` AS `DayNumber`, `i`.`description` AS `Description`, `i`.`location` AS `Location`
FROM `itinerary` AS `i`
WHERE `i`.`tour_id` = @__tourId_0
ORDER BY `i`.`day_number`
2026-08-05 20:39:21.709 +05:30 [INF] Microsoft.EntityFrameworkCore.Database.Command Executed DbCommand (0ms) [Parameters=[@__tourId_0='?' (DbType = Int32), @__today_1='?' (DbType = Date)], CommandType='"Text"', CommandTimeout='30']
SELECT `s`.`schedule_id` AS `ScheduleId`, `s`.`start_date` AS `StartDate`, `s`.`available_seats` AS `AvailableSeats`, `s`.`total_seats` AS `TotalSeats`, `s`.`status` AS `Status`
FROM `schedule` AS `s`
WHERE ((`s`.`tour_id` = @__tourId_0) AND `s`.`start_date` IS NOT NULL) AND (`s`.`start_date` >= @__today_1)
ORDER BY `s`.`start_date`
2026-08-05 20:39:21.711 +05:30 [INF] Microsoft.EntityFrameworkCore.Database.Command Executed DbCommand (0ms) [Parameters=[@__tourId_0='?' (DbType = Int32)], CommandType='"Text"', CommandTimeout='30']
SELECT `c`.`cost_id` AS `CostId`, `c`.`adult_price` AS `AdultPrice`, `c`.`single_person_price` AS `SinglePersonPrice`, `c`.`extra_person_price` AS `ExtraPersonPrice`, `c`.`child_with_bed_price` AS `ChildWithBedPrice`, `c`.`child_without_bed_price` AS `ChildWithoutBedPrice`, `c`.`valid_from` AS `ValidFrom`, `c`.`valid_to` AS `ValidTo`, `c`.`is_active` AS `IsActive`
FROM `cost` AS `c`
WHERE `c`.`tour_id` = @__tourId_0
2026-08-05 20:39:21.715 +05:30 [INF] Microsoft.EntityFrameworkCore.Database.Command Executed DbCommand (1ms) [Parameters=[@__tourId_0='?' (DbType = Int32)], CommandType='"Text"', CommandTimeout='30']
SELECT `t`.`image_id` AS `ImageId`, `t`.`source` AS `Source`, `t`.`image_title` AS `ImageTitle`, `t`.`is_primary` AS `IsPrimary`, `t`.`upload_date` AS `UploadDate`
FROM `tour_images` AS `t`
WHERE `t`.`tour_id` = @__tourId_0
2026-08-05 20:39:21.717 +05:30 [INF] Microsoft.EntityFrameworkCore.Database.Command Executed DbCommand (0ms) [Parameters=[@__tourId_0='?' (DbType = Int32)], CommandType='"Text"', CommandTimeout='30']
SELECT CAST(`r`.`rating` AS double)
FROM `review` AS `r`
WHERE (`r`.`tour_id` = @__tourId_0) AND `r`.`rating` IS NOT NULL
2026-08-05 20:39:21.721 +05:30 [INF] Microsoft.EntityFrameworkCore.Database.Command Executed DbCommand (1ms) [Parameters=[@__tourId_0='?' (DbType = Int32)], CommandType='"Text"', CommandTimeout='30']
SELECT `t`.`tour_id`, `t`.`add_ons`, `t`.`category_id`, `t`.`days`, `t`.`description`, `t`.`destination`, `t`.`do_and_dont`, `t`.`location`, `t`.`nights`, `t`.`passport_and_visa`, `t`.`price`, `t`.`stay_and_meals`, `t`.`subcat_id`, `t`.`tour_name`, `t`.`tour_type`, `t`.`weather`, `c`.`category_id`, `c`.`cat_code`, `c`.`cat_image_path`, `c`.`category_name`, `c`.`description`, `c`.`flag`, `c`.`parent_id`, `c`.`status`, `c`.`suitable_for`, `s`.`subcat_id`, `s`.`cat_id`, `s`.`flag`, `s`.`isactive`, `s`.`subcat_image_path`, `s`.`subcat_name`
FROM `tour` AS `t`
LEFT JOIN `category` AS `c` ON `t`.`category_id` = `c`.`category_id`
LEFT JOIN `sub_category_master` AS `s` ON `t`.`subcat_id` = `s`.`subcat_id`
WHERE `t`.`tour_id` = @__tourId_0
LIMIT 1
2026-08-05 20:39:21.724 +05:30 [INF] Microsoft.EntityFrameworkCore.Database.Command Executed DbCommand (0ms) [Parameters=[@__tourId_0='?' (DbType = Int32)], CommandType='"Text"', CommandTimeout='30']
SELECT `i`.`itinerary_id` AS `ItineraryId`, `i`.`day_number` AS `DayNumber`, `i`.`description` AS `Description`, `i`.`location` AS `Location`
FROM `itinerary` AS `i`
WHERE `i`.`tour_id` = @__tourId_0
ORDER BY `i`.`day_number`
2026-08-05 20:39:21.728 +05:30 [INF] Microsoft.EntityFrameworkCore.Database.Command Executed DbCommand (1ms) [Parameters=[@__tourId_0='?' (DbType = Int32), @__today_1='?' (DbType = Date)], CommandType='"Text"', CommandTimeout='30']
SELECT `s`.`schedule_id` AS `ScheduleId`, `s`.`start_date` AS `StartDate`, `s`.`available_seats` AS `AvailableSeats`, `s`.`total_seats` AS `TotalSeats`, `s`.`status` AS `Status`
FROM `schedule` AS `s`
WHERE ((`s`.`tour_id` = @__tourId_0) AND `s`.`start_date` IS NOT NULL) AND (`s`.`start_date` >= @__today_1)
ORDER BY `s`.`start_date`
2026-08-05 20:39:21.732 +05:30 [INF] Microsoft.EntityFrameworkCore.Database.Command Executed DbCommand (0ms) [Parameters=[@__tourId_0='?' (DbType = Int32)], CommandType='"Text"', CommandTimeout='30']
SELECT `c`.`cost_id` AS `CostId`, `c`.`adult_price` AS `AdultPrice`, `c`.`single_person_price` AS `SinglePersonPrice`, `c`.`extra_person_price` AS `ExtraPersonPrice`, `c`.`child_with_bed_price` AS `ChildWithBedPrice`, `c`.`child_without_bed_price` AS `ChildWithoutBedPrice`, `c`.`valid_from` AS `ValidFrom`, `c`.`valid_to` AS `ValidTo`, `c`.`is_active` AS `IsActive`
FROM `cost` AS `c`
WHERE `c`.`tour_id` = @__tourId_0
2026-08-05 20:39:21.736 +05:30 [INF] Microsoft.EntityFrameworkCore.Database.Command Executed DbCommand (1ms) [Parameters=[@__tourId_0='?' (DbType = Int32)], CommandType='"Text"', CommandTimeout='30']
SELECT `t`.`image_id` AS `ImageId`, `t`.`source` AS `Source`, `t`.`image_title` AS `ImageTitle`, `t`.`is_primary` AS `IsPrimary`, `t`.`upload_date` AS `UploadDate`
FROM `tour_images` AS `t`
WHERE `t`.`tour_id` = @__tourId_0
2026-08-05 20:39:21.739 +05:30 [INF] Microsoft.EntityFrameworkCore.Database.Command Executed DbCommand (1ms) [Parameters=[@__tourId_0='?' (DbType = Int32)], CommandType='"Text"', CommandTimeout='30']
SELECT CAST(`r`.`rating` AS double)
FROM `review` AS `r`
WHERE (`r`.`tour_id` = @__tourId_0) AND `r`.`rating` IS NOT NULL
2026-08-05 20:39:21.743 +05:30 [INF] Microsoft.EntityFrameworkCore.Database.Command Executed DbCommand (1ms) [Parameters=[@__tourId_0='?' (DbType = Int32)], CommandType='"Text"', CommandTimeout='30']
SELECT `t`.`tour_id`, `t`.`add_ons`, `t`.`category_id`, `t`.`days`, `t`.`description`, `t`.`destination`, `t`.`do_and_dont`, `t`.`location`, `t`.`nights`, `t`.`passport_and_visa`, `t`.`price`, `t`.`stay_and_meals`, `t`.`subcat_id`, `t`.`tour_name`, `t`.`tour_type`, `t`.`weather`, `c`.`category_id`, `c`.`cat_code`, `c`.`cat_image_path`, `c`.`category_name`, `c`.`description`, `c`.`flag`, `c`.`parent_id`, `c`.`status`, `c`.`suitable_for`, `s`.`subcat_id`, `s`.`cat_id`, `s`.`flag`, `s`.`isactive`, `s`.`subcat_image_path`, `s`.`subcat_name`
FROM `tour` AS `t`
LEFT JOIN `category` AS `c` ON `t`.`category_id` = `c`.`category_id`
LEFT JOIN `sub_category_master` AS `s` ON `t`.`subcat_id` = `s`.`subcat_id`
WHERE `t`.`tour_id` = @__tourId_0
LIMIT 1
2026-08-05 20:39:21.746 +05:30 [INF] Microsoft.EntityFrameworkCore.Database.Command Executed DbCommand (1ms) [Parameters=[@__tourId_0='?' (DbType = Int32)], CommandType='"Text"', CommandTimeout='30']
SELECT `i`.`itinerary_id` AS `ItineraryId`, `i`.`day_number` AS `DayNumber`, `i`.`description` AS `Description`, `i`.`location` AS `Location`
FROM `itinerary` AS `i`
WHERE `i`.`tour_id` = @__tourId_0
ORDER BY `i`.`day_number`
2026-08-05 20:39:21.751 +05:30 [INF] Microsoft.EntityFrameworkCore.Database.Command Executed DbCommand (0ms) [Parameters=[@__tourId_0='?' (DbType = Int32), @__today_1='?' (DbType = Date)], CommandType='"Text"', CommandTimeout='30']
SELECT `s`.`schedule_id` AS `ScheduleId`, `s`.`start_date` AS `StartDate`, `s`.`available_seats` AS `AvailableSeats`, `s`.`total_seats` AS `TotalSeats`, `s`.`status` AS `Status`
FROM `schedule` AS `s`
WHERE ((`s`.`tour_id` = @__tourId_0) AND `s`.`start_date` IS NOT NULL) AND (`s`.`start_date` >= @__today_1)
ORDER BY `s`.`start_date`
2026-08-05 20:39:21.754 +05:30 [INF] Microsoft.EntityFrameworkCore.Database.Command Executed DbCommand (1ms) [Parameters=[@__tourId_0='?' (DbType = Int32)], CommandType='"Text"', CommandTimeout='30']
SELECT `c`.`cost_id` AS `CostId`, `c`.`adult_price` AS `AdultPrice`, `c`.`single_person_price` AS `SinglePersonPrice`, `c`.`extra_person_price` AS `ExtraPersonPrice`, `c`.`child_with_bed_price` AS `ChildWithBedPrice`, `c`.`child_without_bed_price` AS `ChildWithoutBedPrice`, `c`.`valid_from` AS `ValidFrom`, `c`.`valid_to` AS `ValidTo`, `c`.`is_active` AS `IsActive`
FROM `cost` AS `c`
WHERE `c`.`tour_id` = @__tourId_0
2026-08-05 20:39:21.757 +05:30 [INF] Microsoft.EntityFrameworkCore.Database.Command Executed DbCommand (0ms) [Parameters=[@__tourId_0='?' (DbType = Int32)], CommandType='"Text"', CommandTimeout='30']
SELECT `t`.`image_id` AS `ImageId`, `t`.`source` AS `Source`, `t`.`image_title` AS `ImageTitle`, `t`.`is_primary` AS `IsPrimary`, `t`.`upload_date` AS `UploadDate`
FROM `tour_images` AS `t`
WHERE `t`.`tour_id` = @__tourId_0
2026-08-05 20:39:21.759 +05:30 [INF] Microsoft.EntityFrameworkCore.Database.Command Executed DbCommand (0ms) [Parameters=[@__tourId_0='?' (DbType = Int32)], CommandType='"Text"', CommandTimeout='30']
SELECT CAST(`r`.`rating` AS double)
FROM `review` AS `r`
WHERE (`r`.`tour_id` = @__tourId_0) AND `r`.`rating` IS NOT NULL
2026-08-05 20:39:21.763 +05:30 [INF] Microsoft.EntityFrameworkCore.Database.Command Executed DbCommand (1ms) [Parameters=[@__tourId_0='?' (DbType = Int32)], CommandType='"Text"', CommandTimeout='30']
SELECT `t`.`tour_id`, `t`.`add_ons`, `t`.`category_id`, `t`.`days`, `t`.`description`, `t`.`destination`, `t`.`do_and_dont`, `t`.`location`, `t`.`nights`, `t`.`passport_and_visa`, `t`.`price`, `t`.`stay_and_meals`, `t`.`subcat_id`, `t`.`tour_name`, `t`.`tour_type`, `t`.`weather`, `c`.`category_id`, `c`.`cat_code`, `c`.`cat_image_path`, `c`.`category_name`, `c`.`description`, `c`.`flag`, `c`.`parent_id`, `c`.`status`, `c`.`suitable_for`, `s`.`subcat_id`, `s`.`cat_id`, `s`.`flag`, `s`.`isactive`, `s`.`subcat_image_path`, `s`.`subcat_name`
FROM `tour` AS `t`
LEFT JOIN `category` AS `c` ON `t`.`category_id` = `c`.`category_id`
LEFT JOIN `sub_category_master` AS `s` ON `t`.`subcat_id` = `s`.`subcat_id`
WHERE `t`.`tour_id` = @__tourId_0
LIMIT 1
2026-08-05 20:39:21.765 +05:30 [INF] Microsoft.EntityFrameworkCore.Database.Command Executed DbCommand (0ms) [Parameters=[@__tourId_0='?' (DbType = Int32)], CommandType='"Text"', CommandTimeout='30']
SELECT `i`.`itinerary_id` AS `ItineraryId`, `i`.`day_number` AS `DayNumber`, `i`.`description` AS `Description`, `i`.`location` AS `Location`
FROM `itinerary` AS `i`
WHERE `i`.`tour_id` = @__tourId_0
ORDER BY `i`.`day_number`
2026-08-05 20:39:21.768 +05:30 [INF] Microsoft.EntityFrameworkCore.Database.Command Executed DbCommand (1ms) [Parameters=[@__tourId_0='?' (DbType = Int32), @__today_1='?' (DbType = Date)], CommandType='"Text"', CommandTimeout='30']
SELECT `s`.`schedule_id` AS `ScheduleId`, `s`.`start_date` AS `StartDate`, `s`.`available_seats` AS `AvailableSeats`, `s`.`total_seats` AS `TotalSeats`, `s`.`status` AS `Status`
FROM `schedule` AS `s`
WHERE ((`s`.`tour_id` = @__tourId_0) AND `s`.`start_date` IS NOT NULL) AND (`s`.`start_date` >= @__today_1)
ORDER BY `s`.`start_date`
2026-08-05 20:39:21.773 +05:30 [INF] Microsoft.EntityFrameworkCore.Database.Command Executed DbCommand (0ms) [Parameters=[@__tourId_0='?' (DbType = Int32)], CommandType='"Text"', CommandTimeout='30']
SELECT `c`.`cost_id` AS `CostId`, `c`.`adult_price` AS `AdultPrice`, `c`.`single_person_price` AS `SinglePersonPrice`, `c`.`extra_person_price` AS `ExtraPersonPrice`, `c`.`child_with_bed_price` AS `ChildWithBedPrice`, `c`.`child_without_bed_price` AS `ChildWithoutBedPrice`, `c`.`valid_from` AS `ValidFrom`, `c`.`valid_to` AS `ValidTo`, `c`.`is_active` AS `IsActive`
FROM `cost` AS `c`
WHERE `c`.`tour_id` = @__tourId_0
2026-08-05 20:39:21.778 +05:30 [INF] Microsoft.EntityFrameworkCore.Database.Command Executed DbCommand (1ms) [Parameters=[@__tourId_0='?' (DbType = Int32)], CommandType='"Text"', CommandTimeout='30']
SELECT `t`.`image_id` AS `ImageId`, `t`.`source` AS `Source`, `t`.`image_title` AS `ImageTitle`, `t`.`is_primary` AS `IsPrimary`, `t`.`upload_date` AS `UploadDate`
FROM `tour_images` AS `t`
WHERE `t`.`tour_id` = @__tourId_0
2026-08-05 20:39:21.781 +05:30 [INF] Microsoft.EntityFrameworkCore.Database.Command Executed DbCommand (1ms) [Parameters=[@__tourId_0='?' (DbType = Int32)], CommandType='"Text"', CommandTimeout='30']
SELECT CAST(`r`.`rating` AS double)
FROM `review` AS `r`
WHERE (`r`.`tour_id` = @__tourId_0) AND `r`.`rating` IS NOT NULL
2026-08-05 20:39:21.786 +05:30 [INF] Microsoft.EntityFrameworkCore.Database.Command Executed DbCommand (0ms) [Parameters=[@__tourId_0='?' (DbType = Int32)], CommandType='"Text"', CommandTimeout='30']
SELECT `t`.`tour_id`, `t`.`add_ons`, `t`.`category_id`, `t`.`days`, `t`.`description`, `t`.`destination`, `t`.`do_and_dont`, `t`.`location`, `t`.`nights`, `t`.`passport_and_visa`, `t`.`price`, `t`.`stay_and_meals`, `t`.`subcat_id`, `t`.`tour_name`, `t`.`tour_type`, `t`.`weather`, `c`.`category_id`, `c`.`cat_code`, `c`.`cat_image_path`, `c`.`category_name`, `c`.`description`, `c`.`flag`, `c`.`parent_id`, `c`.`status`, `c`.`suitable_for`, `s`.`subcat_id`, `s`.`cat_id`, `s`.`flag`, `s`.`isactive`, `s`.`subcat_image_path`, `s`.`subcat_name`
FROM `tour` AS `t`
LEFT JOIN `category` AS `c` ON `t`.`category_id` = `c`.`category_id`
LEFT JOIN `sub_category_master` AS `s` ON `t`.`subcat_id` = `s`.`subcat_id`
WHERE `t`.`tour_id` = @__tourId_0
LIMIT 1
2026-08-05 20:39:21.790 +05:30 [INF] Microsoft.EntityFrameworkCore.Database.Command Executed DbCommand (1ms) [Parameters=[@__tourId_0='?' (DbType = Int32)], CommandType='"Text"', CommandTimeout='30']
SELECT `i`.`itinerary_id` AS `ItineraryId`, `i`.`day_number` AS `DayNumber`, `i`.`description` AS `Description`, `i`.`location` AS `Location`
FROM `itinerary` AS `i`
WHERE `i`.`tour_id` = @__tourId_0
ORDER BY `i`.`day_number`
2026-08-05 20:39:21.794 +05:30 [INF] Microsoft.EntityFrameworkCore.Database.Command Executed DbCommand (1ms) [Parameters=[@__tourId_0='?' (DbType = Int32), @__today_1='?' (DbType = Date)], CommandType='"Text"', CommandTimeout='30']
SELECT `s`.`schedule_id` AS `ScheduleId`, `s`.`start_date` AS `StartDate`, `s`.`available_seats` AS `AvailableSeats`, `s`.`total_seats` AS `TotalSeats`, `s`.`status` AS `Status`
FROM `schedule` AS `s`
WHERE ((`s`.`tour_id` = @__tourId_0) AND `s`.`start_date` IS NOT NULL) AND (`s`.`start_date` >= @__today_1)
ORDER BY `s`.`start_date`
2026-08-05 20:39:21.798 +05:30 [INF] Microsoft.EntityFrameworkCore.Database.Command Executed DbCommand (0ms) [Parameters=[@__tourId_0='?' (DbType = Int32)], CommandType='"Text"', CommandTimeout='30']
SELECT `c`.`cost_id` AS `CostId`, `c`.`adult_price` AS `AdultPrice`, `c`.`single_person_price` AS `SinglePersonPrice`, `c`.`extra_person_price` AS `ExtraPersonPrice`, `c`.`child_with_bed_price` AS `ChildWithBedPrice`, `c`.`child_without_bed_price` AS `ChildWithoutBedPrice`, `c`.`valid_from` AS `ValidFrom`, `c`.`valid_to` AS `ValidTo`, `c`.`is_active` AS `IsActive`
FROM `cost` AS `c`
WHERE `c`.`tour_id` = @__tourId_0
2026-08-05 20:39:21.801 +05:30 [INF] Microsoft.EntityFrameworkCore.Database.Command Executed DbCommand (0ms) [Parameters=[@__tourId_0='?' (DbType = Int32)], CommandType='"Text"', CommandTimeout='30']
SELECT `t`.`image_id` AS `ImageId`, `t`.`source` AS `Source`, `t`.`image_title` AS `ImageTitle`, `t`.`is_primary` AS `IsPrimary`, `t`.`upload_date` AS `UploadDate`
FROM `tour_images` AS `t`
WHERE `t`.`tour_id` = @__tourId_0
2026-08-05 20:39:21.804 +05:30 [INF] Microsoft.EntityFrameworkCore.Database.Command Executed DbCommand (0ms) [Parameters=[@__tourId_0='?' (DbType = Int32)], CommandType='"Text"', CommandTimeout='30']
SELECT CAST(`r`.`rating` AS double)
FROM `review` AS `r`
WHERE (`r`.`tour_id` = @__tourId_0) AND `r`.`rating` IS NOT NULL
2026-08-05 20:39:21.807 +05:30 [INF] Microsoft.EntityFrameworkCore.Database.Command Executed DbCommand (0ms) [Parameters=[@__tourId_0='?' (DbType = Int32)], CommandType='"Text"', CommandTimeout='30']
SELECT `t`.`tour_id`, `t`.`add_ons`, `t`.`category_id`, `t`.`days`, `t`.`description`, `t`.`destination`, `t`.`do_and_dont`, `t`.`location`, `t`.`nights`, `t`.`passport_and_visa`, `t`.`price`, `t`.`stay_and_meals`, `t`.`subcat_id`, `t`.`tour_name`, `t`.`tour_type`, `t`.`weather`, `c`.`category_id`, `c`.`cat_code`, `c`.`cat_image_path`, `c`.`category_name`, `c`.`description`, `c`.`flag`, `c`.`parent_id`, `c`.`status`, `c`.`suitable_for`, `s`.`subcat_id`, `s`.`cat_id`, `s`.`flag`, `s`.`isactive`, `s`.`subcat_image_path`, `s`.`subcat_name`
FROM `tour` AS `t`
LEFT JOIN `category` AS `c` ON `t`.`category_id` = `c`.`category_id`
LEFT JOIN `sub_category_master` AS `s` ON `t`.`subcat_id` = `s`.`subcat_id`
WHERE `t`.`tour_id` = @__tourId_0
LIMIT 1
2026-08-05 20:39:21.815 +05:30 [INF] Microsoft.EntityFrameworkCore.Database.Command Executed DbCommand (1ms) [Parameters=[@__tourId_0='?' (DbType = Int32)], CommandType='"Text"', CommandTimeout='30']
SELECT `i`.`itinerary_id` AS `ItineraryId`, `i`.`day_number` AS `DayNumber`, `i`.`description` AS `Description`, `i`.`location` AS `Location`
FROM `itinerary` AS `i`
WHERE `i`.`tour_id` = @__tourId_0
ORDER BY `i`.`day_number`
2026-08-05 20:39:21.818 +05:30 [INF] Microsoft.EntityFrameworkCore.Database.Command Executed DbCommand (0ms) [Parameters=[@__tourId_0='?' (DbType = Int32), @__today_1='?' (DbType = Date)], CommandType='"Text"', CommandTimeout='30']
SELECT `s`.`schedule_id` AS `ScheduleId`, `s`.`start_date` AS `StartDate`, `s`.`available_seats` AS `AvailableSeats`, `s`.`total_seats` AS `TotalSeats`, `s`.`status` AS `Status`
FROM `schedule` AS `s`
WHERE ((`s`.`tour_id` = @__tourId_0) AND `s`.`start_date` IS NOT NULL) AND (`s`.`start_date` >= @__today_1)
ORDER BY `s`.`start_date`
2026-08-05 20:39:21.820 +05:30 [INF] Microsoft.EntityFrameworkCore.Database.Command Executed DbCommand (0ms) [Parameters=[@__tourId_0='?' (DbType = Int32)], CommandType='"Text"', CommandTimeout='30']
SELECT `c`.`cost_id` AS `CostId`, `c`.`adult_price` AS `AdultPrice`, `c`.`single_person_price` AS `SinglePersonPrice`, `c`.`extra_person_price` AS `ExtraPersonPrice`, `c`.`child_with_bed_price` AS `ChildWithBedPrice`, `c`.`child_without_bed_price` AS `ChildWithoutBedPrice`, `c`.`valid_from` AS `ValidFrom`, `c`.`valid_to` AS `ValidTo`, `c`.`is_active` AS `IsActive`
FROM `cost` AS `c`
WHERE `c`.`tour_id` = @__tourId_0
2026-08-05 20:39:21.823 +05:30 [INF] Microsoft.EntityFrameworkCore.Database.Command Executed DbCommand (0ms) [Parameters=[@__tourId_0='?' (DbType = Int32)], CommandType='"Text"', CommandTimeout='30']
SELECT `t`.`image_id` AS `ImageId`, `t`.`source` AS `Source`, `t`.`image_title` AS `ImageTitle`, `t`.`is_primary` AS `IsPrimary`, `t`.`upload_date` AS `UploadDate`
FROM `tour_images` AS `t`
WHERE `t`.`tour_id` = @__tourId_0
2026-08-05 20:39:21.826 +05:30 [INF] Microsoft.EntityFrameworkCore.Database.Command Executed DbCommand (0ms) [Parameters=[@__tourId_0='?' (DbType = Int32)], CommandType='"Text"', CommandTimeout='30']
SELECT CAST(`r`.`rating` AS double)
FROM `review` AS `r`
WHERE (`r`.`tour_id` = @__tourId_0) AND `r`.`rating` IS NOT NULL
2026-08-05 20:39:21.829 +05:30 [INF] Microsoft.EntityFrameworkCore.Database.Command Executed DbCommand (0ms) [Parameters=[@__tourId_0='?' (DbType = Int32)], CommandType='"Text"', CommandTimeout='30']
SELECT `t`.`tour_id`, `t`.`add_ons`, `t`.`category_id`, `t`.`days`, `t`.`description`, `t`.`destination`, `t`.`do_and_dont`, `t`.`location`, `t`.`nights`, `t`.`passport_and_visa`, `t`.`price`, `t`.`stay_and_meals`, `t`.`subcat_id`, `t`.`tour_name`, `t`.`tour_type`, `t`.`weather`, `c`.`category_id`, `c`.`cat_code`, `c`.`cat_image_path`, `c`.`category_name`, `c`.`description`, `c`.`flag`, `c`.`parent_id`, `c`.`status`, `c`.`suitable_for`, `s`.`subcat_id`, `s`.`cat_id`, `s`.`flag`, `s`.`isactive`, `s`.`subcat_image_path`, `s`.`subcat_name`
FROM `tour` AS `t`
LEFT JOIN `category` AS `c` ON `t`.`category_id` = `c`.`category_id`
LEFT JOIN `sub_category_master` AS `s` ON `t`.`subcat_id` = `s`.`subcat_id`
WHERE `t`.`tour_id` = @__tourId_0
LIMIT 1
2026-08-05 20:39:21.832 +05:30 [INF] Microsoft.EntityFrameworkCore.Database.Command Executed DbCommand (1ms) [Parameters=[@__tourId_0='?' (DbType = Int32)], CommandType='"Text"', CommandTimeout='30']
SELECT `i`.`itinerary_id` AS `ItineraryId`, `i`.`day_number` AS `DayNumber`, `i`.`description` AS `Description`, `i`.`location` AS `Location`
FROM `itinerary` AS `i`
WHERE `i`.`tour_id` = @__tourId_0
ORDER BY `i`.`day_number`
2026-08-05 20:39:21.834 +05:30 [INF] Microsoft.EntityFrameworkCore.Database.Command Executed DbCommand (0ms) [Parameters=[@__tourId_0='?' (DbType = Int32), @__today_1='?' (DbType = Date)], CommandType='"Text"', CommandTimeout='30']
SELECT `s`.`schedule_id` AS `ScheduleId`, `s`.`start_date` AS `StartDate`, `s`.`available_seats` AS `AvailableSeats`, `s`.`total_seats` AS `TotalSeats`, `s`.`status` AS `Status`
FROM `schedule` AS `s`
WHERE ((`s`.`tour_id` = @__tourId_0) AND `s`.`start_date` IS NOT NULL) AND (`s`.`start_date` >= @__today_1)
ORDER BY `s`.`start_date`
2026-08-05 20:39:21.837 +05:30 [INF] Microsoft.EntityFrameworkCore.Database.Command Executed DbCommand (1ms) [Parameters=[@__tourId_0='?' (DbType = Int32)], CommandType='"Text"', CommandTimeout='30']
SELECT `c`.`cost_id` AS `CostId`, `c`.`adult_price` AS `AdultPrice`, `c`.`single_person_price` AS `SinglePersonPrice`, `c`.`extra_person_price` AS `ExtraPersonPrice`, `c`.`child_with_bed_price` AS `ChildWithBedPrice`, `c`.`child_without_bed_price` AS `ChildWithoutBedPrice`, `c`.`valid_from` AS `ValidFrom`, `c`.`valid_to` AS `ValidTo`, `c`.`is_active` AS `IsActive`
FROM `cost` AS `c`
WHERE `c`.`tour_id` = @__tourId_0
2026-08-05 20:39:21.840 +05:30 [INF] Microsoft.EntityFrameworkCore.Database.Command Executed DbCommand (0ms) [Parameters=[@__tourId_0='?' (DbType = Int32)], CommandType='"Text"', CommandTimeout='30']
SELECT `t`.`image_id` AS `ImageId`, `t`.`source` AS `Source`, `t`.`image_title` AS `ImageTitle`, `t`.`is_primary` AS `IsPrimary`, `t`.`upload_date` AS `UploadDate`
FROM `tour_images` AS `t`
WHERE `t`.`tour_id` = @__tourId_0
2026-08-05 20:39:21.844 +05:30 [INF] Microsoft.EntityFrameworkCore.Database.Command Executed DbCommand (1ms) [Parameters=[@__tourId_0='?' (DbType = Int32)], CommandType='"Text"', CommandTimeout='30']
SELECT CAST(`r`.`rating` AS double)
FROM `review` AS `r`
WHERE (`r`.`tour_id` = @__tourId_0) AND `r`.`rating` IS NOT NULL
2026-08-05 20:39:21.848 +05:30 [INF] Microsoft.EntityFrameworkCore.Database.Command Executed DbCommand (1ms) [Parameters=[@__tourId_0='?' (DbType = Int32)], CommandType='"Text"', CommandTimeout='30']
SELECT `t`.`tour_id`, `t`.`add_ons`, `t`.`category_id`, `t`.`days`, `t`.`description`, `t`.`destination`, `t`.`do_and_dont`, `t`.`location`, `t`.`nights`, `t`.`passport_and_visa`, `t`.`price`, `t`.`stay_and_meals`, `t`.`subcat_id`, `t`.`tour_name`, `t`.`tour_type`, `t`.`weather`, `c`.`category_id`, `c`.`cat_code`, `c`.`cat_image_path`, `c`.`category_name`, `c`.`description`, `c`.`flag`, `c`.`parent_id`, `c`.`status`, `c`.`suitable_for`, `s`.`subcat_id`, `s`.`cat_id`, `s`.`flag`, `s`.`isactive`, `s`.`subcat_image_path`, `s`.`subcat_name`
FROM `tour` AS `t`
LEFT JOIN `category` AS `c` ON `t`.`category_id` = `c`.`category_id`
LEFT JOIN `sub_category_master` AS `s` ON `t`.`subcat_id` = `s`.`subcat_id`
WHERE `t`.`tour_id` = @__tourId_0
LIMIT 1
2026-08-05 20:39:21.852 +05:30 [INF] Microsoft.EntityFrameworkCore.Database.Command Executed DbCommand (1ms) [Parameters=[@__tourId_0='?' (DbType = Int32)], CommandType='"Text"', CommandTimeout='30']
SELECT `i`.`itinerary_id` AS `ItineraryId`, `i`.`day_number` AS `DayNumber`, `i`.`description` AS `Description`, `i`.`location` AS `Location`
FROM `itinerary` AS `i`
WHERE `i`.`tour_id` = @__tourId_0
ORDER BY `i`.`day_number`
2026-08-05 20:39:21.855 +05:30 [INF] Microsoft.EntityFrameworkCore.Database.Command Executed DbCommand (0ms) [Parameters=[@__tourId_0='?' (DbType = Int32), @__today_1='?' (DbType = Date)], CommandType='"Text"', CommandTimeout='30']
SELECT `s`.`schedule_id` AS `ScheduleId`, `s`.`start_date` AS `StartDate`, `s`.`available_seats` AS `AvailableSeats`, `s`.`total_seats` AS `TotalSeats`, `s`.`status` AS `Status`
FROM `schedule` AS `s`
WHERE ((`s`.`tour_id` = @__tourId_0) AND `s`.`start_date` IS NOT NULL) AND (`s`.`start_date` >= @__today_1)
ORDER BY `s`.`start_date`
2026-08-05 20:39:21.858 +05:30 [INF] Microsoft.EntityFrameworkCore.Database.Command Executed DbCommand (1ms) [Parameters=[@__tourId_0='?' (DbType = Int32)], CommandType='"Text"', CommandTimeout='30']
SELECT `c`.`cost_id` AS `CostId`, `c`.`adult_price` AS `AdultPrice`, `c`.`single_person_price` AS `SinglePersonPrice`, `c`.`extra_person_price` AS `ExtraPersonPrice`, `c`.`child_with_bed_price` AS `ChildWithBedPrice`, `c`.`child_without_bed_price` AS `ChildWithoutBedPrice`, `c`.`valid_from` AS `ValidFrom`, `c`.`valid_to` AS `ValidTo`, `c`.`is_active` AS `IsActive`
FROM `cost` AS `c`
WHERE `c`.`tour_id` = @__tourId_0
2026-08-05 20:39:21.861 +05:30 [INF] Microsoft.EntityFrameworkCore.Database.Command Executed DbCommand (0ms) [Parameters=[@__tourId_0='?' (DbType = Int32)], CommandType='"Text"', CommandTimeout='30']
SELECT `t`.`image_id` AS `ImageId`, `t`.`source` AS `Source`, `t`.`image_title` AS `ImageTitle`, `t`.`is_primary` AS `IsPrimary`, `t`.`upload_date` AS `UploadDate`
FROM `tour_images` AS `t`
WHERE `t`.`tour_id` = @__tourId_0
2026-08-05 20:39:21.864 +05:30 [INF] Microsoft.EntityFrameworkCore.Database.Command Executed DbCommand (0ms) [Parameters=[@__tourId_0='?' (DbType = Int32)], CommandType='"Text"', CommandTimeout='30']
SELECT CAST(`r`.`rating` AS double)
FROM `review` AS `r`
WHERE (`r`.`tour_id` = @__tourId_0) AND `r`.`rating` IS NOT NULL
2026-08-05 20:39:21.867 +05:30 [INF] Microsoft.EntityFrameworkCore.Database.Command Executed DbCommand (1ms) [Parameters=[@__tourId_0='?' (DbType = Int32)], CommandType='"Text"', CommandTimeout='30']
SELECT `t`.`tour_id`, `t`.`add_ons`, `t`.`category_id`, `t`.`days`, `t`.`description`, `t`.`destination`, `t`.`do_and_dont`, `t`.`location`, `t`.`nights`, `t`.`passport_and_visa`, `t`.`price`, `t`.`stay_and_meals`, `t`.`subcat_id`, `t`.`tour_name`, `t`.`tour_type`, `t`.`weather`, `c`.`category_id`, `c`.`cat_code`, `c`.`cat_image_path`, `c`.`category_name`, `c`.`description`, `c`.`flag`, `c`.`parent_id`, `c`.`status`, `c`.`suitable_for`, `s`.`subcat_id`, `s`.`cat_id`, `s`.`flag`, `s`.`isactive`, `s`.`subcat_image_path`, `s`.`subcat_name`
FROM `tour` AS `t`
LEFT JOIN `category` AS `c` ON `t`.`category_id` = `c`.`category_id`
LEFT JOIN `sub_category_master` AS `s` ON `t`.`subcat_id` = `s`.`subcat_id`
WHERE `t`.`tour_id` = @__tourId_0
LIMIT 1
2026-08-05 20:39:21.869 +05:30 [INF] Microsoft.EntityFrameworkCore.Database.Command Executed DbCommand (1ms) [Parameters=[@__tourId_0='?' (DbType = Int32)], CommandType='"Text"', CommandTimeout='30']
SELECT `i`.`itinerary_id` AS `ItineraryId`, `i`.`day_number` AS `DayNumber`, `i`.`description` AS `Description`, `i`.`location` AS `Location`
FROM `itinerary` AS `i`
WHERE `i`.`tour_id` = @__tourId_0
ORDER BY `i`.`day_number`
2026-08-05 20:39:21.872 +05:30 [INF] Microsoft.EntityFrameworkCore.Database.Command Executed DbCommand (1ms) [Parameters=[@__tourId_0='?' (DbType = Int32), @__today_1='?' (DbType = Date)], CommandType='"Text"', CommandTimeout='30']
SELECT `s`.`schedule_id` AS `ScheduleId`, `s`.`start_date` AS `StartDate`, `s`.`available_seats` AS `AvailableSeats`, `s`.`total_seats` AS `TotalSeats`, `s`.`status` AS `Status`
FROM `schedule` AS `s`
WHERE ((`s`.`tour_id` = @__tourId_0) AND `s`.`start_date` IS NOT NULL) AND (`s`.`start_date` >= @__today_1)
ORDER BY `s`.`start_date`
2026-08-05 20:39:21.874 +05:30 [INF] Microsoft.EntityFrameworkCore.Database.Command Executed DbCommand (0ms) [Parameters=[@__tourId_0='?' (DbType = Int32)], CommandType='"Text"', CommandTimeout='30']
SELECT `c`.`cost_id` AS `CostId`, `c`.`adult_price` AS `AdultPrice`, `c`.`single_person_price` AS `SinglePersonPrice`, `c`.`extra_person_price` AS `ExtraPersonPrice`, `c`.`child_with_bed_price` AS `ChildWithBedPrice`, `c`.`child_without_bed_price` AS `ChildWithoutBedPrice`, `c`.`valid_from` AS `ValidFrom`, `c`.`valid_to` AS `ValidTo`, `c`.`is_active` AS `IsActive`
FROM `cost` AS `c`
WHERE `c`.`tour_id` = @__tourId_0
2026-08-05 20:39:21.876 +05:30 [INF] Microsoft.EntityFrameworkCore.Database.Command Executed DbCommand (0ms) [Parameters=[@__tourId_0='?' (DbType = Int32)], CommandType='"Text"', CommandTimeout='30']
SELECT `t`.`image_id` AS `ImageId`, `t`.`source` AS `Source`, `t`.`image_title` AS `ImageTitle`, `t`.`is_primary` AS `IsPrimary`, `t`.`upload_date` AS `UploadDate`
FROM `tour_images` AS `t`
WHERE `t`.`tour_id` = @__tourId_0
2026-08-05 20:39:21.879 +05:30 [INF] Microsoft.EntityFrameworkCore.Database.Command Executed DbCommand (0ms) [Parameters=[@__tourId_0='?' (DbType = Int32)], CommandType='"Text"', CommandTimeout='30']
SELECT CAST(`r`.`rating` AS double)
FROM `review` AS `r`
WHERE (`r`.`tour_id` = @__tourId_0) AND `r`.`rating` IS NOT NULL
2026-08-05 20:39:21.883 +05:30 [INF] Microsoft.EntityFrameworkCore.Database.Command Executed DbCommand (0ms) [Parameters=[@__tourId_0='?' (DbType = Int32)], CommandType='"Text"', CommandTimeout='30']
SELECT `t`.`tour_id`, `t`.`add_ons`, `t`.`category_id`, `t`.`days`, `t`.`description`, `t`.`destination`, `t`.`do_and_dont`, `t`.`location`, `t`.`nights`, `t`.`passport_and_visa`, `t`.`price`, `t`.`stay_and_meals`, `t`.`subcat_id`, `t`.`tour_name`, `t`.`tour_type`, `t`.`weather`, `c`.`category_id`, `c`.`cat_code`, `c`.`cat_image_path`, `c`.`category_name`, `c`.`description`, `c`.`flag`, `c`.`parent_id`, `c`.`status`, `c`.`suitable_for`, `s`.`subcat_id`, `s`.`cat_id`, `s`.`flag`, `s`.`isactive`, `s`.`subcat_image_path`, `s`.`subcat_name`
FROM `tour` AS `t`
LEFT JOIN `category` AS `c` ON `t`.`category_id` = `c`.`category_id`
LEFT JOIN `sub_category_master` AS `s` ON `t`.`subcat_id` = `s`.`subcat_id`
WHERE `t`.`tour_id` = @__tourId_0
LIMIT 1
2026-08-05 20:39:21.886 +05:30 [INF] Microsoft.EntityFrameworkCore.Database.Command Executed DbCommand (0ms) [Parameters=[@__tourId_0='?' (DbType = Int32)], CommandType='"Text"', CommandTimeout='30']
SELECT `i`.`itinerary_id` AS `ItineraryId`, `i`.`day_number` AS `DayNumber`, `i`.`description` AS `Description`, `i`.`location` AS `Location`
FROM `itinerary` AS `i`
WHERE `i`.`tour_id` = @__tourId_0
ORDER BY `i`.`day_number`
2026-08-05 20:39:21.890 +05:30 [INF] Microsoft.EntityFrameworkCore.Database.Command Executed DbCommand (0ms) [Parameters=[@__tourId_0='?' (DbType = Int32), @__today_1='?' (DbType = Date)], CommandType='"Text"', CommandTimeout='30']
SELECT `s`.`schedule_id` AS `ScheduleId`, `s`.`start_date` AS `StartDate`, `s`.`available_seats` AS `AvailableSeats`, `s`.`total_seats` AS `TotalSeats`, `s`.`status` AS `Status`
FROM `schedule` AS `s`
WHERE ((`s`.`tour_id` = @__tourId_0) AND `s`.`start_date` IS NOT NULL) AND (`s`.`start_date` >= @__today_1)
ORDER BY `s`.`start_date`
2026-08-05 20:39:21.893 +05:30 [INF] Microsoft.EntityFrameworkCore.Database.Command Executed DbCommand (1ms) [Parameters=[@__tourId_0='?' (DbType = Int32)], CommandType='"Text"', CommandTimeout='30']
SELECT `c`.`cost_id` AS `CostId`, `c`.`adult_price` AS `AdultPrice`, `c`.`single_person_price` AS `SinglePersonPrice`, `c`.`extra_person_price` AS `ExtraPersonPrice`, `c`.`child_with_bed_price` AS `ChildWithBedPrice`, `c`.`child_without_bed_price` AS `ChildWithoutBedPrice`, `c`.`valid_from` AS `ValidFrom`, `c`.`valid_to` AS `ValidTo`, `c`.`is_active` AS `IsActive`
FROM `cost` AS `c`
WHERE `c`.`tour_id` = @__tourId_0
2026-08-05 20:39:21.896 +05:30 [INF] Microsoft.EntityFrameworkCore.Database.Command Executed DbCommand (0ms) [Parameters=[@__tourId_0='?' (DbType = Int32)], CommandType='"Text"', CommandTimeout='30']
SELECT `t`.`image_id` AS `ImageId`, `t`.`source` AS `Source`, `t`.`image_title` AS `ImageTitle`, `t`.`is_primary` AS `IsPrimary`, `t`.`upload_date` AS `UploadDate`
FROM `tour_images` AS `t`
WHERE `t`.`tour_id` = @__tourId_0
2026-08-05 20:39:21.897 +05:30 [INF] Microsoft.EntityFrameworkCore.Database.Command Executed DbCommand (0ms) [Parameters=[@__tourId_0='?' (DbType = Int32)], CommandType='"Text"', CommandTimeout='30']
SELECT CAST(`r`.`rating` AS double)
FROM `review` AS `r`
WHERE (`r`.`tour_id` = @__tourId_0) AND `r`.`rating` IS NOT NULL
2026-08-05 20:39:21.901 +05:30 [INF] Microsoft.EntityFrameworkCore.Database.Command Executed DbCommand (1ms) [Parameters=[@__tourId_0='?' (DbType = Int32)], CommandType='"Text"', CommandTimeout='30']
SELECT `t`.`tour_id`, `t`.`add_ons`, `t`.`category_id`, `t`.`days`, `t`.`description`, `t`.`destination`, `t`.`do_and_dont`, `t`.`location`, `t`.`nights`, `t`.`passport_and_visa`, `t`.`price`, `t`.`stay_and_meals`, `t`.`subcat_id`, `t`.`tour_name`, `t`.`tour_type`, `t`.`weather`, `c`.`category_id`, `c`.`cat_code`, `c`.`cat_image_path`, `c`.`category_name`, `c`.`description`, `c`.`flag`, `c`.`parent_id`, `c`.`status`, `c`.`suitable_for`, `s`.`subcat_id`, `s`.`cat_id`, `s`.`flag`, `s`.`isactive`, `s`.`subcat_image_path`, `s`.`subcat_name`
FROM `tour` AS `t`
LEFT JOIN `category` AS `c` ON `t`.`category_id` = `c`.`category_id`
LEFT JOIN `sub_category_master` AS `s` ON `t`.`subcat_id` = `s`.`subcat_id`
WHERE `t`.`tour_id` = @__tourId_0
LIMIT 1
2026-08-05 20:39:21.903 +05:30 [INF] Microsoft.EntityFrameworkCore.Database.Command Executed DbCommand (0ms) [Parameters=[@__tourId_0='?' (DbType = Int32)], CommandType='"Text"', CommandTimeout='30']
SELECT `i`.`itinerary_id` AS `ItineraryId`, `i`.`day_number` AS `DayNumber`, `i`.`description` AS `Description`, `i`.`location` AS `Location`
FROM `itinerary` AS `i`
WHERE `i`.`tour_id` = @__tourId_0
ORDER BY `i`.`day_number`
2026-08-05 20:39:21.905 +05:30 [INF] Microsoft.EntityFrameworkCore.Database.Command Executed DbCommand (0ms) [Parameters=[@__tourId_0='?' (DbType = Int32), @__today_1='?' (DbType = Date)], CommandType='"Text"', CommandTimeout='30']
SELECT `s`.`schedule_id` AS `ScheduleId`, `s`.`start_date` AS `StartDate`, `s`.`available_seats` AS `AvailableSeats`, `s`.`total_seats` AS `TotalSeats`, `s`.`status` AS `Status`
FROM `schedule` AS `s`
WHERE ((`s`.`tour_id` = @__tourId_0) AND `s`.`start_date` IS NOT NULL) AND (`s`.`start_date` >= @__today_1)
ORDER BY `s`.`start_date`
2026-08-05 20:39:21.908 +05:30 [INF] Microsoft.EntityFrameworkCore.Database.Command Executed DbCommand (1ms) [Parameters=[@__tourId_0='?' (DbType = Int32)], CommandType='"Text"', CommandTimeout='30']
SELECT `c`.`cost_id` AS `CostId`, `c`.`adult_price` AS `AdultPrice`, `c`.`single_person_price` AS `SinglePersonPrice`, `c`.`extra_person_price` AS `ExtraPersonPrice`, `c`.`child_with_bed_price` AS `ChildWithBedPrice`, `c`.`child_without_bed_price` AS `ChildWithoutBedPrice`, `c`.`valid_from` AS `ValidFrom`, `c`.`valid_to` AS `ValidTo`, `c`.`is_active` AS `IsActive`
FROM `cost` AS `c`
WHERE `c`.`tour_id` = @__tourId_0
2026-08-05 20:39:21.911 +05:30 [INF] Microsoft.EntityFrameworkCore.Database.Command Executed DbCommand (0ms) [Parameters=[@__tourId_0='?' (DbType = Int32)], CommandType='"Text"', CommandTimeout='30']
SELECT `t`.`image_id` AS `ImageId`, `t`.`source` AS `Source`, `t`.`image_title` AS `ImageTitle`, `t`.`is_primary` AS `IsPrimary`, `t`.`upload_date` AS `UploadDate`
FROM `tour_images` AS `t`
WHERE `t`.`tour_id` = @__tourId_0
2026-08-05 20:39:21.914 +05:30 [INF] Microsoft.EntityFrameworkCore.Database.Command Executed DbCommand (0ms) [Parameters=[@__tourId_0='?' (DbType = Int32)], CommandType='"Text"', CommandTimeout='30']
SELECT CAST(`r`.`rating` AS double)
FROM `review` AS `r`
WHERE (`r`.`tour_id` = @__tourId_0) AND `r`.`rating` IS NOT NULL
2026-08-05 20:39:21.917 +05:30 [INF] Microsoft.EntityFrameworkCore.Database.Command Executed DbCommand (0ms) [Parameters=[@__tourId_0='?' (DbType = Int32)], CommandType='"Text"', CommandTimeout='30']
SELECT `t`.`tour_id`, `t`.`add_ons`, `t`.`category_id`, `t`.`days`, `t`.`description`, `t`.`destination`, `t`.`do_and_dont`, `t`.`location`, `t`.`nights`, `t`.`passport_and_visa`, `t`.`price`, `t`.`stay_and_meals`, `t`.`subcat_id`, `t`.`tour_name`, `t`.`tour_type`, `t`.`weather`, `c`.`category_id`, `c`.`cat_code`, `c`.`cat_image_path`, `c`.`category_name`, `c`.`description`, `c`.`flag`, `c`.`parent_id`, `c`.`status`, `c`.`suitable_for`, `s`.`subcat_id`, `s`.`cat_id`, `s`.`flag`, `s`.`isactive`, `s`.`subcat_image_path`, `s`.`subcat_name`
FROM `tour` AS `t`
LEFT JOIN `category` AS `c` ON `t`.`category_id` = `c`.`category_id`
LEFT JOIN `sub_category_master` AS `s` ON `t`.`subcat_id` = `s`.`subcat_id`
WHERE `t`.`tour_id` = @__tourId_0
LIMIT 1
2026-08-05 20:39:21.919 +05:30 [INF] Microsoft.EntityFrameworkCore.Database.Command Executed DbCommand (0ms) [Parameters=[@__tourId_0='?' (DbType = Int32)], CommandType='"Text"', CommandTimeout='30']
SELECT `i`.`itinerary_id` AS `ItineraryId`, `i`.`day_number` AS `DayNumber`, `i`.`description` AS `Description`, `i`.`location` AS `Location`
FROM `itinerary` AS `i`
WHERE `i`.`tour_id` = @__tourId_0
ORDER BY `i`.`day_number`
2026-08-05 20:39:21.922 +05:30 [INF] Microsoft.EntityFrameworkCore.Database.Command Executed DbCommand (0ms) [Parameters=[@__tourId_0='?' (DbType = Int32), @__today_1='?' (DbType = Date)], CommandType='"Text"', CommandTimeout='30']
SELECT `s`.`schedule_id` AS `ScheduleId`, `s`.`start_date` AS `StartDate`, `s`.`available_seats` AS `AvailableSeats`, `s`.`total_seats` AS `TotalSeats`, `s`.`status` AS `Status`
FROM `schedule` AS `s`
WHERE ((`s`.`tour_id` = @__tourId_0) AND `s`.`start_date` IS NOT NULL) AND (`s`.`start_date` >= @__today_1)
ORDER BY `s`.`start_date`
2026-08-05 20:39:21.924 +05:30 [INF] Microsoft.EntityFrameworkCore.Database.Command Executed DbCommand (0ms) [Parameters=[@__tourId_0='?' (DbType = Int32)], CommandType='"Text"', CommandTimeout='30']
SELECT `c`.`cost_id` AS `CostId`, `c`.`adult_price` AS `AdultPrice`, `c`.`single_person_price` AS `SinglePersonPrice`, `c`.`extra_person_price` AS `ExtraPersonPrice`, `c`.`child_with_bed_price` AS `ChildWithBedPrice`, `c`.`child_without_bed_price` AS `ChildWithoutBedPrice`, `c`.`valid_from` AS `ValidFrom`, `c`.`valid_to` AS `ValidTo`, `c`.`is_active` AS `IsActive`
FROM `cost` AS `c`
WHERE `c`.`tour_id` = @__tourId_0
2026-08-05 20:39:21.926 +05:30 [INF] Microsoft.EntityFrameworkCore.Database.Command Executed DbCommand (0ms) [Parameters=[@__tourId_0='?' (DbType = Int32)], CommandType='"Text"', CommandTimeout='30']
SELECT `t`.`image_id` AS `ImageId`, `t`.`source` AS `Source`, `t`.`image_title` AS `ImageTitle`, `t`.`is_primary` AS `IsPrimary`, `t`.`upload_date` AS `UploadDate`
FROM `tour_images` AS `t`
WHERE `t`.`tour_id` = @__tourId_0
2026-08-05 20:39:21.928 +05:30 [INF] Microsoft.EntityFrameworkCore.Database.Command Executed DbCommand (0ms) [Parameters=[@__tourId_0='?' (DbType = Int32)], CommandType='"Text"', CommandTimeout='30']
SELECT CAST(`r`.`rating` AS double)
FROM `review` AS `r`
WHERE (`r`.`tour_id` = @__tourId_0) AND `r`.`rating` IS NOT NULL
2026-08-05 20:39:21.931 +05:30 [INF] Microsoft.EntityFrameworkCore.Database.Command Executed DbCommand (0ms) [Parameters=[@__tourId_0='?' (DbType = Int32)], CommandType='"Text"', CommandTimeout='30']
SELECT `t`.`tour_id`, `t`.`add_ons`, `t`.`category_id`, `t`.`days`, `t`.`description`, `t`.`destination`, `t`.`do_and_dont`, `t`.`location`, `t`.`nights`, `t`.`passport_and_visa`, `t`.`price`, `t`.`stay_and_meals`, `t`.`subcat_id`, `t`.`tour_name`, `t`.`tour_type`, `t`.`weather`, `c`.`category_id`, `c`.`cat_code`, `c`.`cat_image_path`, `c`.`category_name`, `c`.`description`, `c`.`flag`, `c`.`parent_id`, `c`.`status`, `c`.`suitable_for`, `s`.`subcat_id`, `s`.`cat_id`, `s`.`flag`, `s`.`isactive`, `s`.`subcat_image_path`, `s`.`subcat_name`
FROM `tour` AS `t`
LEFT JOIN `category` AS `c` ON `t`.`category_id` = `c`.`category_id`
LEFT JOIN `sub_category_master` AS `s` ON `t`.`subcat_id` = `s`.`subcat_id`
WHERE `t`.`tour_id` = @__tourId_0
LIMIT 1
2026-08-05 20:39:21.933 +05:30 [INF] Microsoft.EntityFrameworkCore.Database.Command Executed DbCommand (0ms) [Parameters=[@__tourId_0='?' (DbType = Int32)], CommandType='"Text"', CommandTimeout='30']
SELECT `i`.`itinerary_id` AS `ItineraryId`, `i`.`day_number` AS `DayNumber`, `i`.`description` AS `Description`, `i`.`location` AS `Location`
FROM `itinerary` AS `i`
WHERE `i`.`tour_id` = @__tourId_0
ORDER BY `i`.`day_number`
2026-08-05 20:39:21.936 +05:30 [INF] Microsoft.EntityFrameworkCore.Database.Command Executed DbCommand (0ms) [Parameters=[@__tourId_0='?' (DbType = Int32), @__today_1='?' (DbType = Date)], CommandType='"Text"', CommandTimeout='30']
SELECT `s`.`schedule_id` AS `ScheduleId`, `s`.`start_date` AS `StartDate`, `s`.`available_seats` AS `AvailableSeats`, `s`.`total_seats` AS `TotalSeats`, `s`.`status` AS `Status`
FROM `schedule` AS `s`
WHERE ((`s`.`tour_id` = @__tourId_0) AND `s`.`start_date` IS NOT NULL) AND (`s`.`start_date` >= @__today_1)
ORDER BY `s`.`start_date`
2026-08-05 20:39:21.938 +05:30 [INF] Microsoft.EntityFrameworkCore.Database.Command Executed DbCommand (0ms) [Parameters=[@__tourId_0='?' (DbType = Int32)], CommandType='"Text"', CommandTimeout='30']
SELECT `c`.`cost_id` AS `CostId`, `c`.`adult_price` AS `AdultPrice`, `c`.`single_person_price` AS `SinglePersonPrice`, `c`.`extra_person_price` AS `ExtraPersonPrice`, `c`.`child_with_bed_price` AS `ChildWithBedPrice`, `c`.`child_without_bed_price` AS `ChildWithoutBedPrice`, `c`.`valid_from` AS `ValidFrom`, `c`.`valid_to` AS `ValidTo`, `c`.`is_active` AS `IsActive`
FROM `cost` AS `c`
WHERE `c`.`tour_id` = @__tourId_0
2026-08-05 20:39:21.940 +05:30 [INF] Microsoft.EntityFrameworkCore.Database.Command Executed DbCommand (0ms) [Parameters=[@__tourId_0='?' (DbType = Int32)], CommandType='"Text"', CommandTimeout='30']
SELECT `t`.`image_id` AS `ImageId`, `t`.`source` AS `Source`, `t`.`image_title` AS `ImageTitle`, `t`.`is_primary` AS `IsPrimary`, `t`.`upload_date` AS `UploadDate`
FROM `tour_images` AS `t`
WHERE `t`.`tour_id` = @__tourId_0
2026-08-05 20:39:21.942 +05:30 [INF] Microsoft.EntityFrameworkCore.Database.Command Executed DbCommand (0ms) [Parameters=[@__tourId_0='?' (DbType = Int32)], CommandType='"Text"', CommandTimeout='30']
SELECT CAST(`r`.`rating` AS double)
FROM `review` AS `r`
WHERE (`r`.`tour_id` = @__tourId_0) AND `r`.`rating` IS NOT NULL
2026-08-05 20:39:21.944 +05:30 [INF] Microsoft.EntityFrameworkCore.Database.Command Executed DbCommand (0ms) [Parameters=[@__tourId_0='?' (DbType = Int32)], CommandType='"Text"', CommandTimeout='30']
SELECT `t`.`tour_id`, `t`.`add_ons`, `t`.`category_id`, `t`.`days`, `t`.`description`, `t`.`destination`, `t`.`do_and_dont`, `t`.`location`, `t`.`nights`, `t`.`passport_and_visa`, `t`.`price`, `t`.`stay_and_meals`, `t`.`subcat_id`, `t`.`tour_name`, `t`.`tour_type`, `t`.`weather`, `c`.`category_id`, `c`.`cat_code`, `c`.`cat_image_path`, `c`.`category_name`, `c`.`description`, `c`.`flag`, `c`.`parent_id`, `c`.`status`, `c`.`suitable_for`, `s`.`subcat_id`, `s`.`cat_id`, `s`.`flag`, `s`.`isactive`, `s`.`subcat_image_path`, `s`.`subcat_name`
FROM `tour` AS `t`
LEFT JOIN `category` AS `c` ON `t`.`category_id` = `c`.`category_id`
LEFT JOIN `sub_category_master` AS `s` ON `t`.`subcat_id` = `s`.`subcat_id`
WHERE `t`.`tour_id` = @__tourId_0
LIMIT 1
2026-08-05 20:39:21.946 +05:30 [INF] Microsoft.EntityFrameworkCore.Database.Command Executed DbCommand (0ms) [Parameters=[@__tourId_0='?' (DbType = Int32)], CommandType='"Text"', CommandTimeout='30']
SELECT `i`.`itinerary_id` AS `ItineraryId`, `i`.`day_number` AS `DayNumber`, `i`.`description` AS `Description`, `i`.`location` AS `Location`
FROM `itinerary` AS `i`
WHERE `i`.`tour_id` = @__tourId_0
ORDER BY `i`.`day_number`
2026-08-05 20:39:21.950 +05:30 [INF] Microsoft.EntityFrameworkCore.Database.Command Executed DbCommand (1ms) [Parameters=[@__tourId_0='?' (DbType = Int32), @__today_1='?' (DbType = Date)], CommandType='"Text"', CommandTimeout='30']
SELECT `s`.`schedule_id` AS `ScheduleId`, `s`.`start_date` AS `StartDate`, `s`.`available_seats` AS `AvailableSeats`, `s`.`total_seats` AS `TotalSeats`, `s`.`status` AS `Status`
FROM `schedule` AS `s`
WHERE ((`s`.`tour_id` = @__tourId_0) AND `s`.`start_date` IS NOT NULL) AND (`s`.`start_date` >= @__today_1)
ORDER BY `s`.`start_date`
2026-08-05 20:39:21.952 +05:30 [INF] Microsoft.EntityFrameworkCore.Database.Command Executed DbCommand (0ms) [Parameters=[@__tourId_0='?' (DbType = Int32)], CommandType='"Text"', CommandTimeout='30']
SELECT `c`.`cost_id` AS `CostId`, `c`.`adult_price` AS `AdultPrice`, `c`.`single_person_price` AS `SinglePersonPrice`, `c`.`extra_person_price` AS `ExtraPersonPrice`, `c`.`child_with_bed_price` AS `ChildWithBedPrice`, `c`.`child_without_bed_price` AS `ChildWithoutBedPrice`, `c`.`valid_from` AS `ValidFrom`, `c`.`valid_to` AS `ValidTo`, `c`.`is_active` AS `IsActive`
FROM `cost` AS `c`
WHERE `c`.`tour_id` = @__tourId_0
2026-08-05 20:39:21.954 +05:30 [INF] Microsoft.EntityFrameworkCore.Database.Command Executed DbCommand (0ms) [Parameters=[@__tourId_0='?' (DbType = Int32)], CommandType='"Text"', CommandTimeout='30']
SELECT `t`.`image_id` AS `ImageId`, `t`.`source` AS `Source`, `t`.`image_title` AS `ImageTitle`, `t`.`is_primary` AS `IsPrimary`, `t`.`upload_date` AS `UploadDate`
FROM `tour_images` AS `t`
WHERE `t`.`tour_id` = @__tourId_0
2026-08-05 20:39:21.957 +05:30 [INF] Microsoft.EntityFrameworkCore.Database.Command Executed DbCommand (1ms) [Parameters=[@__tourId_0='?' (DbType = Int32)], CommandType='"Text"', CommandTimeout='30']
SELECT CAST(`r`.`rating` AS double)
FROM `review` AS `r`
WHERE (`r`.`tour_id` = @__tourId_0) AND `r`.`rating` IS NOT NULL
2026-08-05 20:39:21.959 +05:30 [INF] Microsoft.EntityFrameworkCore.Database.Command Executed DbCommand (0ms) [Parameters=[@__tourId_0='?' (DbType = Int32)], CommandType='"Text"', CommandTimeout='30']
SELECT `t`.`tour_id`, `t`.`add_ons`, `t`.`category_id`, `t`.`days`, `t`.`description`, `t`.`destination`, `t`.`do_and_dont`, `t`.`location`, `t`.`nights`, `t`.`passport_and_visa`, `t`.`price`, `t`.`stay_and_meals`, `t`.`subcat_id`, `t`.`tour_name`, `t`.`tour_type`, `t`.`weather`, `c`.`category_id`, `c`.`cat_code`, `c`.`cat_image_path`, `c`.`category_name`, `c`.`description`, `c`.`flag`, `c`.`parent_id`, `c`.`status`, `c`.`suitable_for`, `s`.`subcat_id`, `s`.`cat_id`, `s`.`flag`, `s`.`isactive`, `s`.`subcat_image_path`, `s`.`subcat_name`
FROM `tour` AS `t`
LEFT JOIN `category` AS `c` ON `t`.`category_id` = `c`.`category_id`
LEFT JOIN `sub_category_master` AS `s` ON `t`.`subcat_id` = `s`.`subcat_id`
WHERE `t`.`tour_id` = @__tourId_0
LIMIT 1
2026-08-05 20:39:21.961 +05:30 [INF] Microsoft.EntityFrameworkCore.Database.Command Executed DbCommand (0ms) [Parameters=[@__tourId_0='?' (DbType = Int32)], CommandType='"Text"', CommandTimeout='30']
SELECT `i`.`itinerary_id` AS `ItineraryId`, `i`.`day_number` AS `DayNumber`, `i`.`description` AS `Description`, `i`.`location` AS `Location`
FROM `itinerary` AS `i`
WHERE `i`.`tour_id` = @__tourId_0
ORDER BY `i`.`day_number`
2026-08-05 20:39:21.964 +05:30 [INF] Microsoft.EntityFrameworkCore.Database.Command Executed DbCommand (1ms) [Parameters=[@__tourId_0='?' (DbType = Int32), @__today_1='?' (DbType = Date)], CommandType='"Text"', CommandTimeout='30']
SELECT `s`.`schedule_id` AS `ScheduleId`, `s`.`start_date` AS `StartDate`, `s`.`available_seats` AS `AvailableSeats`, `s`.`total_seats` AS `TotalSeats`, `s`.`status` AS `Status`
FROM `schedule` AS `s`
WHERE ((`s`.`tour_id` = @__tourId_0) AND `s`.`start_date` IS NOT NULL) AND (`s`.`start_date` >= @__today_1)
ORDER BY `s`.`start_date`
2026-08-05 20:39:21.966 +05:30 [INF] Microsoft.EntityFrameworkCore.Database.Command Executed DbCommand (0ms) [Parameters=[@__tourId_0='?' (DbType = Int32)], CommandType='"Text"', CommandTimeout='30']
SELECT `c`.`cost_id` AS `CostId`, `c`.`adult_price` AS `AdultPrice`, `c`.`single_person_price` AS `SinglePersonPrice`, `c`.`extra_person_price` AS `ExtraPersonPrice`, `c`.`child_with_bed_price` AS `ChildWithBedPrice`, `c`.`child_without_bed_price` AS `ChildWithoutBedPrice`, `c`.`valid_from` AS `ValidFrom`, `c`.`valid_to` AS `ValidTo`, `c`.`is_active` AS `IsActive`
FROM `cost` AS `c`
WHERE `c`.`tour_id` = @__tourId_0
2026-08-05 20:39:21.968 +05:30 [INF] Microsoft.EntityFrameworkCore.Database.Command Executed DbCommand (0ms) [Parameters=[@__tourId_0='?' (DbType = Int32)], CommandType='"Text"', CommandTimeout='30']
SELECT `t`.`image_id` AS `ImageId`, `t`.`source` AS `Source`, `t`.`image_title` AS `ImageTitle`, `t`.`is_primary` AS `IsPrimary`, `t`.`upload_date` AS `UploadDate`
FROM `tour_images` AS `t`
WHERE `t`.`tour_id` = @__tourId_0
2026-08-05 20:39:21.971 +05:30 [INF] Microsoft.EntityFrameworkCore.Database.Command Executed DbCommand (0ms) [Parameters=[@__tourId_0='?' (DbType = Int32)], CommandType='"Text"', CommandTimeout='30']
SELECT CAST(`r`.`rating` AS double)
FROM `review` AS `r`
WHERE (`r`.`tour_id` = @__tourId_0) AND `r`.`rating` IS NOT NULL
2026-08-05 20:39:21.973 +05:30 [INF] Microsoft.EntityFrameworkCore.Database.Command Executed DbCommand (0ms) [Parameters=[@__tourId_0='?' (DbType = Int32)], CommandType='"Text"', CommandTimeout='30']
SELECT `t`.`tour_id`, `t`.`add_ons`, `t`.`category_id`, `t`.`days`, `t`.`description`, `t`.`destination`, `t`.`do_and_dont`, `t`.`location`, `t`.`nights`, `t`.`passport_and_visa`, `t`.`price`, `t`.`stay_and_meals`, `t`.`subcat_id`, `t`.`tour_name`, `t`.`tour_type`, `t`.`weather`, `c`.`category_id`, `c`.`cat_code`, `c`.`cat_image_path`, `c`.`category_name`, `c`.`description`, `c`.`flag`, `c`.`parent_id`, `c`.`status`, `c`.`suitable_for`, `s`.`subcat_id`, `s`.`cat_id`, `s`.`flag`, `s`.`isactive`, `s`.`subcat_image_path`, `s`.`subcat_name`
FROM `tour` AS `t`
LEFT JOIN `category` AS `c` ON `t`.`category_id` = `c`.`category_id`
LEFT JOIN `sub_category_master` AS `s` ON `t`.`subcat_id` = `s`.`subcat_id`
WHERE `t`.`tour_id` = @__tourId_0
LIMIT 1
2026-08-05 20:39:21.975 +05:30 [INF] Microsoft.EntityFrameworkCore.Database.Command Executed DbCommand (0ms) [Parameters=[@__tourId_0='?' (DbType = Int32)], CommandType='"Text"', CommandTimeout='30']
SELECT `i`.`itinerary_id` AS `ItineraryId`, `i`.`day_number` AS `DayNumber`, `i`.`description` AS `Description`, `i`.`location` AS `Location`
FROM `itinerary` AS `i`
WHERE `i`.`tour_id` = @__tourId_0
ORDER BY `i`.`day_number`
2026-08-05 20:39:21.978 +05:30 [INF] Microsoft.EntityFrameworkCore.Database.Command Executed DbCommand (1ms) [Parameters=[@__tourId_0='?' (DbType = Int32), @__today_1='?' (DbType = Date)], CommandType='"Text"', CommandTimeout='30']
SELECT `s`.`schedule_id` AS `ScheduleId`, `s`.`start_date` AS `StartDate`, `s`.`available_seats` AS `AvailableSeats`, `s`.`total_seats` AS `TotalSeats`, `s`.`status` AS `Status`
FROM `schedule` AS `s`
WHERE ((`s`.`tour_id` = @__tourId_0) AND `s`.`start_date` IS NOT NULL) AND (`s`.`start_date` >= @__today_1)
ORDER BY `s`.`start_date`
2026-08-05 20:39:21.980 +05:30 [INF] Microsoft.EntityFrameworkCore.Database.Command Executed DbCommand (0ms) [Parameters=[@__tourId_0='?' (DbType = Int32)], CommandType='"Text"', CommandTimeout='30']
SELECT `c`.`cost_id` AS `CostId`, `c`.`adult_price` AS `AdultPrice`, `c`.`single_person_price` AS `SinglePersonPrice`, `c`.`extra_person_price` AS `ExtraPersonPrice`, `c`.`child_with_bed_price` AS `ChildWithBedPrice`, `c`.`child_without_bed_price` AS `ChildWithoutBedPrice`, `c`.`valid_from` AS `ValidFrom`, `c`.`valid_to` AS `ValidTo`, `c`.`is_active` AS `IsActive`
FROM `cost` AS `c`
WHERE `c`.`tour_id` = @__tourId_0
2026-08-05 20:39:21.982 +05:30 [INF] Microsoft.EntityFrameworkCore.Database.Command Executed DbCommand (0ms) [Parameters=[@__tourId_0='?' (DbType = Int32)], CommandType='"Text"', CommandTimeout='30']
SELECT `t`.`image_id` AS `ImageId`, `t`.`source` AS `Source`, `t`.`image_title` AS `ImageTitle`, `t`.`is_primary` AS `IsPrimary`, `t`.`upload_date` AS `UploadDate`
FROM `tour_images` AS `t`
WHERE `t`.`tour_id` = @__tourId_0
2026-08-05 20:39:21.984 +05:30 [INF] Microsoft.EntityFrameworkCore.Database.Command Executed DbCommand (1ms) [Parameters=[@__tourId_0='?' (DbType = Int32)], CommandType='"Text"', CommandTimeout='30']
SELECT CAST(`r`.`rating` AS double)
FROM `review` AS `r`
WHERE (`r`.`tour_id` = @__tourId_0) AND `r`.`rating` IS NOT NULL
2026-08-05 20:39:21.986 +05:30 [INF] Microsoft.EntityFrameworkCore.Database.Command Executed DbCommand (0ms) [Parameters=[@__tourId_0='?' (DbType = Int32)], CommandType='"Text"', CommandTimeout='30']
SELECT `t`.`tour_id`, `t`.`add_ons`, `t`.`category_id`, `t`.`days`, `t`.`description`, `t`.`destination`, `t`.`do_and_dont`, `t`.`location`, `t`.`nights`, `t`.`passport_and_visa`, `t`.`price`, `t`.`stay_and_meals`, `t`.`subcat_id`, `t`.`tour_name`, `t`.`tour_type`, `t`.`weather`, `c`.`category_id`, `c`.`cat_code`, `c`.`cat_image_path`, `c`.`category_name`, `c`.`description`, `c`.`flag`, `c`.`parent_id`, `c`.`status`, `c`.`suitable_for`, `s`.`subcat_id`, `s`.`cat_id`, `s`.`flag`, `s`.`isactive`, `s`.`subcat_image_path`, `s`.`subcat_name`
FROM `tour` AS `t`
LEFT JOIN `category` AS `c` ON `t`.`category_id` = `c`.`category_id`
LEFT JOIN `sub_category_master` AS `s` ON `t`.`subcat_id` = `s`.`subcat_id`
WHERE `t`.`tour_id` = @__tourId_0
LIMIT 1
2026-08-05 20:39:21.988 +05:30 [INF] Microsoft.EntityFrameworkCore.Database.Command Executed DbCommand (0ms) [Parameters=[@__tourId_0='?' (DbType = Int32)], CommandType='"Text"', CommandTimeout='30']
SELECT `i`.`itinerary_id` AS `ItineraryId`, `i`.`day_number` AS `DayNumber`, `i`.`description` AS `Description`, `i`.`location` AS `Location`
FROM `itinerary` AS `i`
WHERE `i`.`tour_id` = @__tourId_0
ORDER BY `i`.`day_number`
2026-08-05 20:39:21.990 +05:30 [INF] Microsoft.EntityFrameworkCore.Database.Command Executed DbCommand (0ms) [Parameters=[@__tourId_0='?' (DbType = Int32), @__today_1='?' (DbType = Date)], CommandType='"Text"', CommandTimeout='30']
SELECT `s`.`schedule_id` AS `ScheduleId`, `s`.`start_date` AS `StartDate`, `s`.`available_seats` AS `AvailableSeats`, `s`.`total_seats` AS `TotalSeats`, `s`.`status` AS `Status`
FROM `schedule` AS `s`
WHERE ((`s`.`tour_id` = @__tourId_0) AND `s`.`start_date` IS NOT NULL) AND (`s`.`start_date` >= @__today_1)
ORDER BY `s`.`start_date`
2026-08-05 20:39:21.992 +05:30 [INF] Microsoft.EntityFrameworkCore.Database.Command Executed DbCommand (0ms) [Parameters=[@__tourId_0='?' (DbType = Int32)], CommandType='"Text"', CommandTimeout='30']
SELECT `c`.`cost_id` AS `CostId`, `c`.`adult_price` AS `AdultPrice`, `c`.`single_person_price` AS `SinglePersonPrice`, `c`.`extra_person_price` AS `ExtraPersonPrice`, `c`.`child_with_bed_price` AS `ChildWithBedPrice`, `c`.`child_without_bed_price` AS `ChildWithoutBedPrice`, `c`.`valid_from` AS `ValidFrom`, `c`.`valid_to` AS `ValidTo`, `c`.`is_active` AS `IsActive`
FROM `cost` AS `c`
WHERE `c`.`tour_id` = @__tourId_0
2026-08-05 20:39:21.994 +05:30 [INF] Microsoft.EntityFrameworkCore.Database.Command Executed DbCommand (0ms) [Parameters=[@__tourId_0='?' (DbType = Int32)], CommandType='"Text"', CommandTimeout='30']
SELECT `t`.`image_id` AS `ImageId`, `t`.`source` AS `Source`, `t`.`image_title` AS `ImageTitle`, `t`.`is_primary` AS `IsPrimary`, `t`.`upload_date` AS `UploadDate`
FROM `tour_images` AS `t`
WHERE `t`.`tour_id` = @__tourId_0
2026-08-05 20:39:21.996 +05:30 [INF] Microsoft.EntityFrameworkCore.Database.Command Executed DbCommand (0ms) [Parameters=[@__tourId_0='?' (DbType = Int32)], CommandType='"Text"', CommandTimeout='30']
SELECT CAST(`r`.`rating` AS double)
FROM `review` AS `r`
WHERE (`r`.`tour_id` = @__tourId_0) AND `r`.`rating` IS NOT NULL
2026-08-05 20:39:21.999 +05:30 [INF] Microsoft.EntityFrameworkCore.Database.Command Executed DbCommand (1ms) [Parameters=[@__tourId_0='?' (DbType = Int32)], CommandType='"Text"', CommandTimeout='30']
SELECT `t`.`tour_id`, `t`.`add_ons`, `t`.`category_id`, `t`.`days`, `t`.`description`, `t`.`destination`, `t`.`do_and_dont`, `t`.`location`, `t`.`nights`, `t`.`passport_and_visa`, `t`.`price`, `t`.`stay_and_meals`, `t`.`subcat_id`, `t`.`tour_name`, `t`.`tour_type`, `t`.`weather`, `c`.`category_id`, `c`.`cat_code`, `c`.`cat_image_path`, `c`.`category_name`, `c`.`description`, `c`.`flag`, `c`.`parent_id`, `c`.`status`, `c`.`suitable_for`, `s`.`subcat_id`, `s`.`cat_id`, `s`.`flag`, `s`.`isactive`, `s`.`subcat_image_path`, `s`.`subcat_name`
FROM `tour` AS `t`
LEFT JOIN `category` AS `c` ON `t`.`category_id` = `c`.`category_id`
LEFT JOIN `sub_category_master` AS `s` ON `t`.`subcat_id` = `s`.`subcat_id`
WHERE `t`.`tour_id` = @__tourId_0
LIMIT 1
2026-08-05 20:39:22.000 +05:30 [INF] Microsoft.EntityFrameworkCore.Database.Command Executed DbCommand (0ms) [Parameters=[@__tourId_0='?' (DbType = Int32)], CommandType='"Text"', CommandTimeout='30']
SELECT `i`.`itinerary_id` AS `ItineraryId`, `i`.`day_number` AS `DayNumber`, `i`.`description` AS `Description`, `i`.`location` AS `Location`
FROM `itinerary` AS `i`
WHERE `i`.`tour_id` = @__tourId_0
ORDER BY `i`.`day_number`
2026-08-05 20:39:22.003 +05:30 [INF] Microsoft.EntityFrameworkCore.Database.Command Executed DbCommand (0ms) [Parameters=[@__tourId_0='?' (DbType = Int32), @__today_1='?' (DbType = Date)], CommandType='"Text"', CommandTimeout='30']
SELECT `s`.`schedule_id` AS `ScheduleId`, `s`.`start_date` AS `StartDate`, `s`.`available_seats` AS `AvailableSeats`, `s`.`total_seats` AS `TotalSeats`, `s`.`status` AS `Status`
FROM `schedule` AS `s`
WHERE ((`s`.`tour_id` = @__tourId_0) AND `s`.`start_date` IS NOT NULL) AND (`s`.`start_date` >= @__today_1)
ORDER BY `s`.`start_date`
2026-08-05 20:39:22.006 +05:30 [INF] Microsoft.EntityFrameworkCore.Database.Command Executed DbCommand (0ms) [Parameters=[@__tourId_0='?' (DbType = Int32)], CommandType='"Text"', CommandTimeout='30']
SELECT `c`.`cost_id` AS `CostId`, `c`.`adult_price` AS `AdultPrice`, `c`.`single_person_price` AS `SinglePersonPrice`, `c`.`extra_person_price` AS `ExtraPersonPrice`, `c`.`child_with_bed_price` AS `ChildWithBedPrice`, `c`.`child_without_bed_price` AS `ChildWithoutBedPrice`, `c`.`valid_from` AS `ValidFrom`, `c`.`valid_to` AS `ValidTo`, `c`.`is_active` AS `IsActive`
FROM `cost` AS `c`
WHERE `c`.`tour_id` = @__tourId_0
2026-08-05 20:39:22.007 +05:30 [INF] Microsoft.EntityFrameworkCore.Database.Command Executed DbCommand (0ms) [Parameters=[@__tourId_0='?' (DbType = Int32)], CommandType='"Text"', CommandTimeout='30']
SELECT `t`.`image_id` AS `ImageId`, `t`.`source` AS `Source`, `t`.`image_title` AS `ImageTitle`, `t`.`is_primary` AS `IsPrimary`, `t`.`upload_date` AS `UploadDate`
FROM `tour_images` AS `t`
WHERE `t`.`tour_id` = @__tourId_0
2026-08-05 20:39:22.009 +05:30 [INF] Microsoft.EntityFrameworkCore.Database.Command Executed DbCommand (0ms) [Parameters=[@__tourId_0='?' (DbType = Int32)], CommandType='"Text"', CommandTimeout='30']
SELECT CAST(`r`.`rating` AS double)
FROM `review` AS `r`
WHERE (`r`.`tour_id` = @__tourId_0) AND `r`.`rating` IS NOT NULL
2026-08-05 20:39:22.012 +05:30 [INF] Microsoft.EntityFrameworkCore.Database.Command Executed DbCommand (1ms) [Parameters=[@__tourId_0='?' (DbType = Int32)], CommandType='"Text"', CommandTimeout='30']
SELECT `t`.`tour_id`, `t`.`add_ons`, `t`.`category_id`, `t`.`days`, `t`.`description`, `t`.`destination`, `t`.`do_and_dont`, `t`.`location`, `t`.`nights`, `t`.`passport_and_visa`, `t`.`price`, `t`.`stay_and_meals`, `t`.`subcat_id`, `t`.`tour_name`, `t`.`tour_type`, `t`.`weather`, `c`.`category_id`, `c`.`cat_code`, `c`.`cat_image_path`, `c`.`category_name`, `c`.`description`, `c`.`flag`, `c`.`parent_id`, `c`.`status`, `c`.`suitable_for`, `s`.`subcat_id`, `s`.`cat_id`, `s`.`flag`, `s`.`isactive`, `s`.`subcat_image_path`, `s`.`subcat_name`
FROM `tour` AS `t`
LEFT JOIN `category` AS `c` ON `t`.`category_id` = `c`.`category_id`
LEFT JOIN `sub_category_master` AS `s` ON `t`.`subcat_id` = `s`.`subcat_id`
WHERE `t`.`tour_id` = @__tourId_0
LIMIT 1
2026-08-05 20:39:22.014 +05:30 [INF] Microsoft.EntityFrameworkCore.Database.Command Executed DbCommand (0ms) [Parameters=[@__tourId_0='?' (DbType = Int32)], CommandType='"Text"', CommandTimeout='30']
SELECT `i`.`itinerary_id` AS `ItineraryId`, `i`.`day_number` AS `DayNumber`, `i`.`description` AS `Description`, `i`.`location` AS `Location`
FROM `itinerary` AS `i`
WHERE `i`.`tour_id` = @__tourId_0
ORDER BY `i`.`day_number`
2026-08-05 20:39:22.017 +05:30 [INF] Microsoft.EntityFrameworkCore.Database.Command Executed DbCommand (1ms) [Parameters=[@__tourId_0='?' (DbType = Int32), @__today_1='?' (DbType = Date)], CommandType='"Text"', CommandTimeout='30']
SELECT `s`.`schedule_id` AS `ScheduleId`, `s`.`start_date` AS `StartDate`, `s`.`available_seats` AS `AvailableSeats`, `s`.`total_seats` AS `TotalSeats`, `s`.`status` AS `Status`
FROM `schedule` AS `s`
WHERE ((`s`.`tour_id` = @__tourId_0) AND `s`.`start_date` IS NOT NULL) AND (`s`.`start_date` >= @__today_1)
ORDER BY `s`.`start_date`
2026-08-05 20:39:22.019 +05:30 [INF] Microsoft.EntityFrameworkCore.Database.Command Executed DbCommand (0ms) [Parameters=[@__tourId_0='?' (DbType = Int32)], CommandType='"Text"', CommandTimeout='30']
SELECT `c`.`cost_id` AS `CostId`, `c`.`adult_price` AS `AdultPrice`, `c`.`single_person_price` AS `SinglePersonPrice`, `c`.`extra_person_price` AS `ExtraPersonPrice`, `c`.`child_with_bed_price` AS `ChildWithBedPrice`, `c`.`child_without_bed_price` AS `ChildWithoutBedPrice`, `c`.`valid_from` AS `ValidFrom`, `c`.`valid_to` AS `ValidTo`, `c`.`is_active` AS `IsActive`
FROM `cost` AS `c`
WHERE `c`.`tour_id` = @__tourId_0
2026-08-05 20:39:22.021 +05:30 [INF] Microsoft.EntityFrameworkCore.Database.Command Executed DbCommand (0ms) [Parameters=[@__tourId_0='?' (DbType = Int32)], CommandType='"Text"', CommandTimeout='30']
SELECT `t`.`image_id` AS `ImageId`, `t`.`source` AS `Source`, `t`.`image_title` AS `ImageTitle`, `t`.`is_primary` AS `IsPrimary`, `t`.`upload_date` AS `UploadDate`
FROM `tour_images` AS `t`
WHERE `t`.`tour_id` = @__tourId_0
2026-08-05 20:39:22.023 +05:30 [INF] Microsoft.EntityFrameworkCore.Database.Command Executed DbCommand (0ms) [Parameters=[@__tourId_0='?' (DbType = Int32)], CommandType='"Text"', CommandTimeout='30']
SELECT CAST(`r`.`rating` AS double)
FROM `review` AS `r`
WHERE (`r`.`tour_id` = @__tourId_0) AND `r`.`rating` IS NOT NULL
2026-08-05 20:39:22.026 +05:30 [INF] Microsoft.EntityFrameworkCore.Database.Command Executed DbCommand (1ms) [Parameters=[@__tourId_0='?' (DbType = Int32)], CommandType='"Text"', CommandTimeout='30']
SELECT `t`.`tour_id`, `t`.`add_ons`, `t`.`category_id`, `t`.`days`, `t`.`description`, `t`.`destination`, `t`.`do_and_dont`, `t`.`location`, `t`.`nights`, `t`.`passport_and_visa`, `t`.`price`, `t`.`stay_and_meals`, `t`.`subcat_id`, `t`.`tour_name`, `t`.`tour_type`, `t`.`weather`, `c`.`category_id`, `c`.`cat_code`, `c`.`cat_image_path`, `c`.`category_name`, `c`.`description`, `c`.`flag`, `c`.`parent_id`, `c`.`status`, `c`.`suitable_for`, `s`.`subcat_id`, `s`.`cat_id`, `s`.`flag`, `s`.`isactive`, `s`.`subcat_image_path`, `s`.`subcat_name`
FROM `tour` AS `t`
LEFT JOIN `category` AS `c` ON `t`.`category_id` = `c`.`category_id`
LEFT JOIN `sub_category_master` AS `s` ON `t`.`subcat_id` = `s`.`subcat_id`
WHERE `t`.`tour_id` = @__tourId_0
LIMIT 1
2026-08-05 20:39:22.028 +05:30 [INF] Microsoft.EntityFrameworkCore.Database.Command Executed DbCommand (0ms) [Parameters=[@__tourId_0='?' (DbType = Int32)], CommandType='"Text"', CommandTimeout='30']
SELECT `i`.`itinerary_id` AS `ItineraryId`, `i`.`day_number` AS `DayNumber`, `i`.`description` AS `Description`, `i`.`location` AS `Location`
FROM `itinerary` AS `i`
WHERE `i`.`tour_id` = @__tourId_0
ORDER BY `i`.`day_number`
2026-08-05 20:39:22.031 +05:30 [INF] Microsoft.EntityFrameworkCore.Database.Command Executed DbCommand (1ms) [Parameters=[@__tourId_0='?' (DbType = Int32), @__today_1='?' (DbType = Date)], CommandType='"Text"', CommandTimeout='30']
SELECT `s`.`schedule_id` AS `ScheduleId`, `s`.`start_date` AS `StartDate`, `s`.`available_seats` AS `AvailableSeats`, `s`.`total_seats` AS `TotalSeats`, `s`.`status` AS `Status`
FROM `schedule` AS `s`
WHERE ((`s`.`tour_id` = @__tourId_0) AND `s`.`start_date` IS NOT NULL) AND (`s`.`start_date` >= @__today_1)
ORDER BY `s`.`start_date`
2026-08-05 20:39:22.034 +05:30 [INF] Microsoft.EntityFrameworkCore.Database.Command Executed DbCommand (0ms) [Parameters=[@__tourId_0='?' (DbType = Int32)], CommandType='"Text"', CommandTimeout='30']
SELECT `c`.`cost_id` AS `CostId`, `c`.`adult_price` AS `AdultPrice`, `c`.`single_person_price` AS `SinglePersonPrice`, `c`.`extra_person_price` AS `ExtraPersonPrice`, `c`.`child_with_bed_price` AS `ChildWithBedPrice`, `c`.`child_without_bed_price` AS `ChildWithoutBedPrice`, `c`.`valid_from` AS `ValidFrom`, `c`.`valid_to` AS `ValidTo`, `c`.`is_active` AS `IsActive`
FROM `cost` AS `c`
WHERE `c`.`tour_id` = @__tourId_0
2026-08-05 20:39:22.036 +05:30 [INF] Microsoft.EntityFrameworkCore.Database.Command Executed DbCommand (0ms) [Parameters=[@__tourId_0='?' (DbType = Int32)], CommandType='"Text"', CommandTimeout='30']
SELECT `t`.`image_id` AS `ImageId`, `t`.`source` AS `Source`, `t`.`image_title` AS `ImageTitle`, `t`.`is_primary` AS `IsPrimary`, `t`.`upload_date` AS `UploadDate`
FROM `tour_images` AS `t`
WHERE `t`.`tour_id` = @__tourId_0
2026-08-05 20:39:22.038 +05:30 [INF] Microsoft.EntityFrameworkCore.Database.Command Executed DbCommand (0ms) [Parameters=[@__tourId_0='?' (DbType = Int32)], CommandType='"Text"', CommandTimeout='30']
SELECT CAST(`r`.`rating` AS double)
FROM `review` AS `r`
WHERE (`r`.`tour_id` = @__tourId_0) AND `r`.`rating` IS NOT NULL
2026-08-05 20:39:22.040 +05:30 [INF] Microsoft.EntityFrameworkCore.Database.Command Executed DbCommand (0ms) [Parameters=[@__tourId_0='?' (DbType = Int32)], CommandType='"Text"', CommandTimeout='30']
SELECT `t`.`tour_id`, `t`.`add_ons`, `t`.`category_id`, `t`.`days`, `t`.`description`, `t`.`destination`, `t`.`do_and_dont`, `t`.`location`, `t`.`nights`, `t`.`passport_and_visa`, `t`.`price`, `t`.`stay_and_meals`, `t`.`subcat_id`, `t`.`tour_name`, `t`.`tour_type`, `t`.`weather`, `c`.`category_id`, `c`.`cat_code`, `c`.`cat_image_path`, `c`.`category_name`, `c`.`description`, `c`.`flag`, `c`.`parent_id`, `c`.`status`, `c`.`suitable_for`, `s`.`subcat_id`, `s`.`cat_id`, `s`.`flag`, `s`.`isactive`, `s`.`subcat_image_path`, `s`.`subcat_name`
FROM `tour` AS `t`
LEFT JOIN `category` AS `c` ON `t`.`category_id` = `c`.`category_id`
LEFT JOIN `sub_category_master` AS `s` ON `t`.`subcat_id` = `s`.`subcat_id`
WHERE `t`.`tour_id` = @__tourId_0
LIMIT 1
2026-08-05 20:39:22.042 +05:30 [INF] Microsoft.EntityFrameworkCore.Database.Command Executed DbCommand (0ms) [Parameters=[@__tourId_0='?' (DbType = Int32)], CommandType='"Text"', CommandTimeout='30']
SELECT `i`.`itinerary_id` AS `ItineraryId`, `i`.`day_number` AS `DayNumber`, `i`.`description` AS `Description`, `i`.`location` AS `Location`
FROM `itinerary` AS `i`
WHERE `i`.`tour_id` = @__tourId_0
ORDER BY `i`.`day_number`
2026-08-05 20:39:22.045 +05:30 [INF] Microsoft.EntityFrameworkCore.Database.Command Executed DbCommand (0ms) [Parameters=[@__tourId_0='?' (DbType = Int32), @__today_1='?' (DbType = Date)], CommandType='"Text"', CommandTimeout='30']
SELECT `s`.`schedule_id` AS `ScheduleId`, `s`.`start_date` AS `StartDate`, `s`.`available_seats` AS `AvailableSeats`, `s`.`total_seats` AS `TotalSeats`, `s`.`status` AS `Status`
FROM `schedule` AS `s`
WHERE ((`s`.`tour_id` = @__tourId_0) AND `s`.`start_date` IS NOT NULL) AND (`s`.`start_date` >= @__today_1)
ORDER BY `s`.`start_date`
2026-08-05 20:39:22.048 +05:30 [INF] Microsoft.EntityFrameworkCore.Database.Command Executed DbCommand (0ms) [Parameters=[@__tourId_0='?' (DbType = Int32)], CommandType='"Text"', CommandTimeout='30']
SELECT `c`.`cost_id` AS `CostId`, `c`.`adult_price` AS `AdultPrice`, `c`.`single_person_price` AS `SinglePersonPrice`, `c`.`extra_person_price` AS `ExtraPersonPrice`, `c`.`child_with_bed_price` AS `ChildWithBedPrice`, `c`.`child_without_bed_price` AS `ChildWithoutBedPrice`, `c`.`valid_from` AS `ValidFrom`, `c`.`valid_to` AS `ValidTo`, `c`.`is_active` AS `IsActive`
FROM `cost` AS `c`
WHERE `c`.`tour_id` = @__tourId_0
2026-08-05 20:39:22.050 +05:30 [INF] Microsoft.EntityFrameworkCore.Database.Command Executed DbCommand (0ms) [Parameters=[@__tourId_0='?' (DbType = Int32)], CommandType='"Text"', CommandTimeout='30']
SELECT `t`.`image_id` AS `ImageId`, `t`.`source` AS `Source`, `t`.`image_title` AS `ImageTitle`, `t`.`is_primary` AS `IsPrimary`, `t`.`upload_date` AS `UploadDate`
FROM `tour_images` AS `t`
WHERE `t`.`tour_id` = @__tourId_0
2026-08-05 20:39:22.052 +05:30 [INF] Microsoft.EntityFrameworkCore.Database.Command Executed DbCommand (0ms) [Parameters=[@__tourId_0='?' (DbType = Int32)], CommandType='"Text"', CommandTimeout='30']
SELECT CAST(`r`.`rating` AS double)
FROM `review` AS `r`
WHERE (`r`.`tour_id` = @__tourId_0) AND `r`.`rating` IS NOT NULL
2026-08-05 20:39:22.055 +05:30 [INF] Microsoft.EntityFrameworkCore.Database.Command Executed DbCommand (0ms) [Parameters=[@__tourId_0='?' (DbType = Int32)], CommandType='"Text"', CommandTimeout='30']
SELECT `t`.`tour_id`, `t`.`add_ons`, `t`.`category_id`, `t`.`days`, `t`.`description`, `t`.`destination`, `t`.`do_and_dont`, `t`.`location`, `t`.`nights`, `t`.`passport_and_visa`, `t`.`price`, `t`.`stay_and_meals`, `t`.`subcat_id`, `t`.`tour_name`, `t`.`tour_type`, `t`.`weather`, `c`.`category_id`, `c`.`cat_code`, `c`.`cat_image_path`, `c`.`category_name`, `c`.`description`, `c`.`flag`, `c`.`parent_id`, `c`.`status`, `c`.`suitable_for`, `s`.`subcat_id`, `s`.`cat_id`, `s`.`flag`, `s`.`isactive`, `s`.`subcat_image_path`, `s`.`subcat_name`
FROM `tour` AS `t`
LEFT JOIN `category` AS `c` ON `t`.`category_id` = `c`.`category_id`
LEFT JOIN `sub_category_master` AS `s` ON `t`.`subcat_id` = `s`.`subcat_id`
WHERE `t`.`tour_id` = @__tourId_0
LIMIT 1
2026-08-05 20:39:22.057 +05:30 [INF] Microsoft.EntityFrameworkCore.Database.Command Executed DbCommand (0ms) [Parameters=[@__tourId_0='?' (DbType = Int32)], CommandType='"Text"', CommandTimeout='30']
SELECT `i`.`itinerary_id` AS `ItineraryId`, `i`.`day_number` AS `DayNumber`, `i`.`description` AS `Description`, `i`.`location` AS `Location`
FROM `itinerary` AS `i`
WHERE `i`.`tour_id` = @__tourId_0
ORDER BY `i`.`day_number`
2026-08-05 20:39:22.060 +05:30 [INF] Microsoft.EntityFrameworkCore.Database.Command Executed DbCommand (0ms) [Parameters=[@__tourId_0='?' (DbType = Int32), @__today_1='?' (DbType = Date)], CommandType='"Text"', CommandTimeout='30']
SELECT `s`.`schedule_id` AS `ScheduleId`, `s`.`start_date` AS `StartDate`, `s`.`available_seats` AS `AvailableSeats`, `s`.`total_seats` AS `TotalSeats`, `s`.`status` AS `Status`
FROM `schedule` AS `s`
WHERE ((`s`.`tour_id` = @__tourId_0) AND `s`.`start_date` IS NOT NULL) AND (`s`.`start_date` >= @__today_1)
ORDER BY `s`.`start_date`
2026-08-05 20:39:22.062 +05:30 [INF] Microsoft.EntityFrameworkCore.Database.Command Executed DbCommand (0ms) [Parameters=[@__tourId_0='?' (DbType = Int32)], CommandType='"Text"', CommandTimeout='30']
SELECT `c`.`cost_id` AS `CostId`, `c`.`adult_price` AS `AdultPrice`, `c`.`single_person_price` AS `SinglePersonPrice`, `c`.`extra_person_price` AS `ExtraPersonPrice`, `c`.`child_with_bed_price` AS `ChildWithBedPrice`, `c`.`child_without_bed_price` AS `ChildWithoutBedPrice`, `c`.`valid_from` AS `ValidFrom`, `c`.`valid_to` AS `ValidTo`, `c`.`is_active` AS `IsActive`
FROM `cost` AS `c`
WHERE `c`.`tour_id` = @__tourId_0
2026-08-05 20:39:22.064 +05:30 [INF] Microsoft.EntityFrameworkCore.Database.Command Executed DbCommand (0ms) [Parameters=[@__tourId_0='?' (DbType = Int32)], CommandType='"Text"', CommandTimeout='30']
SELECT `t`.`image_id` AS `ImageId`, `t`.`source` AS `Source`, `t`.`image_title` AS `ImageTitle`, `t`.`is_primary` AS `IsPrimary`, `t`.`upload_date` AS `UploadDate`
FROM `tour_images` AS `t`
WHERE `t`.`tour_id` = @__tourId_0
2026-08-05 20:39:22.066 +05:30 [INF] Microsoft.EntityFrameworkCore.Database.Command Executed DbCommand (0ms) [Parameters=[@__tourId_0='?' (DbType = Int32)], CommandType='"Text"', CommandTimeout='30']
SELECT CAST(`r`.`rating` AS double)
FROM `review` AS `r`
WHERE (`r`.`tour_id` = @__tourId_0) AND `r`.`rating` IS NOT NULL
2026-08-05 20:39:22.069 +05:30 [INF] Microsoft.EntityFrameworkCore.Database.Command Executed DbCommand (0ms) [Parameters=[@__tourId_0='?' (DbType = Int32)], CommandType='"Text"', CommandTimeout='30']
SELECT `t`.`tour_id`, `t`.`add_ons`, `t`.`category_id`, `t`.`days`, `t`.`description`, `t`.`destination`, `t`.`do_and_dont`, `t`.`location`, `t`.`nights`, `t`.`passport_and_visa`, `t`.`price`, `t`.`stay_and_meals`, `t`.`subcat_id`, `t`.`tour_name`, `t`.`tour_type`, `t`.`weather`, `c`.`category_id`, `c`.`cat_code`, `c`.`cat_image_path`, `c`.`category_name`, `c`.`description`, `c`.`flag`, `c`.`parent_id`, `c`.`status`, `c`.`suitable_for`, `s`.`subcat_id`, `s`.`cat_id`, `s`.`flag`, `s`.`isactive`, `s`.`subcat_image_path`, `s`.`subcat_name`
FROM `tour` AS `t`
LEFT JOIN `category` AS `c` ON `t`.`category_id` = `c`.`category_id`
LEFT JOIN `sub_category_master` AS `s` ON `t`.`subcat_id` = `s`.`subcat_id`
WHERE `t`.`tour_id` = @__tourId_0
LIMIT 1
2026-08-05 20:39:22.070 +05:30 [INF] Microsoft.EntityFrameworkCore.Database.Command Executed DbCommand (0ms) [Parameters=[@__tourId_0='?' (DbType = Int32)], CommandType='"Text"', CommandTimeout='30']
SELECT `i`.`itinerary_id` AS `ItineraryId`, `i`.`day_number` AS `DayNumber`, `i`.`description` AS `Description`, `i`.`location` AS `Location`
FROM `itinerary` AS `i`
WHERE `i`.`tour_id` = @__tourId_0
ORDER BY `i`.`day_number`
2026-08-05 20:39:22.074 +05:30 [INF] Microsoft.EntityFrameworkCore.Database.Command Executed DbCommand (1ms) [Parameters=[@__tourId_0='?' (DbType = Int32), @__today_1='?' (DbType = Date)], CommandType='"Text"', CommandTimeout='30']
SELECT `s`.`schedule_id` AS `ScheduleId`, `s`.`start_date` AS `StartDate`, `s`.`available_seats` AS `AvailableSeats`, `s`.`total_seats` AS `TotalSeats`, `s`.`status` AS `Status`
FROM `schedule` AS `s`
WHERE ((`s`.`tour_id` = @__tourId_0) AND `s`.`start_date` IS NOT NULL) AND (`s`.`start_date` >= @__today_1)
ORDER BY `s`.`start_date`
2026-08-05 20:39:22.076 +05:30 [INF] Microsoft.EntityFrameworkCore.Database.Command Executed DbCommand (0ms) [Parameters=[@__tourId_0='?' (DbType = Int32)], CommandType='"Text"', CommandTimeout='30']
SELECT `c`.`cost_id` AS `CostId`, `c`.`adult_price` AS `AdultPrice`, `c`.`single_person_price` AS `SinglePersonPrice`, `c`.`extra_person_price` AS `ExtraPersonPrice`, `c`.`child_with_bed_price` AS `ChildWithBedPrice`, `c`.`child_without_bed_price` AS `ChildWithoutBedPrice`, `c`.`valid_from` AS `ValidFrom`, `c`.`valid_to` AS `ValidTo`, `c`.`is_active` AS `IsActive`
FROM `cost` AS `c`
WHERE `c`.`tour_id` = @__tourId_0
2026-08-05 20:39:22.078 +05:30 [INF] Microsoft.EntityFrameworkCore.Database.Command Executed DbCommand (0ms) [Parameters=[@__tourId_0='?' (DbType = Int32)], CommandType='"Text"', CommandTimeout='30']
SELECT `t`.`image_id` AS `ImageId`, `t`.`source` AS `Source`, `t`.`image_title` AS `ImageTitle`, `t`.`is_primary` AS `IsPrimary`, `t`.`upload_date` AS `UploadDate`
FROM `tour_images` AS `t`
WHERE `t`.`tour_id` = @__tourId_0
2026-08-05 20:39:22.081 +05:30 [INF] Microsoft.EntityFrameworkCore.Database.Command Executed DbCommand (0ms) [Parameters=[@__tourId_0='?' (DbType = Int32)], CommandType='"Text"', CommandTimeout='30']
SELECT CAST(`r`.`rating` AS double)
FROM `review` AS `r`
WHERE (`r`.`tour_id` = @__tourId_0) AND `r`.`rating` IS NOT NULL
2026-08-05 20:39:22.084 +05:30 [INF] Microsoft.EntityFrameworkCore.Database.Command Executed DbCommand (0ms) [Parameters=[@__tourId_0='?' (DbType = Int32)], CommandType='"Text"', CommandTimeout='30']
SELECT `t`.`tour_id`, `t`.`add_ons`, `t`.`category_id`, `t`.`days`, `t`.`description`, `t`.`destination`, `t`.`do_and_dont`, `t`.`location`, `t`.`nights`, `t`.`passport_and_visa`, `t`.`price`, `t`.`stay_and_meals`, `t`.`subcat_id`, `t`.`tour_name`, `t`.`tour_type`, `t`.`weather`, `c`.`category_id`, `c`.`cat_code`, `c`.`cat_image_path`, `c`.`category_name`, `c`.`description`, `c`.`flag`, `c`.`parent_id`, `c`.`status`, `c`.`suitable_for`, `s`.`subcat_id`, `s`.`cat_id`, `s`.`flag`, `s`.`isactive`, `s`.`subcat_image_path`, `s`.`subcat_name`
FROM `tour` AS `t`
LEFT JOIN `category` AS `c` ON `t`.`category_id` = `c`.`category_id`
LEFT JOIN `sub_category_master` AS `s` ON `t`.`subcat_id` = `s`.`subcat_id`
WHERE `t`.`tour_id` = @__tourId_0
LIMIT 1
2026-08-05 20:39:22.087 +05:30 [INF] Microsoft.EntityFrameworkCore.Database.Command Executed DbCommand (1ms) [Parameters=[@__tourId_0='?' (DbType = Int32)], CommandType='"Text"', CommandTimeout='30']
SELECT `i`.`itinerary_id` AS `ItineraryId`, `i`.`day_number` AS `DayNumber`, `i`.`description` AS `Description`, `i`.`location` AS `Location`
FROM `itinerary` AS `i`
WHERE `i`.`tour_id` = @__tourId_0
ORDER BY `i`.`day_number`
2026-08-05 20:39:22.090 +05:30 [INF] Microsoft.EntityFrameworkCore.Database.Command Executed DbCommand (1ms) [Parameters=[@__tourId_0='?' (DbType = Int32), @__today_1='?' (DbType = Date)], CommandType='"Text"', CommandTimeout='30']
SELECT `s`.`schedule_id` AS `ScheduleId`, `s`.`start_date` AS `StartDate`, `s`.`available_seats` AS `AvailableSeats`, `s`.`total_seats` AS `TotalSeats`, `s`.`status` AS `Status`
FROM `schedule` AS `s`
WHERE ((`s`.`tour_id` = @__tourId_0) AND `s`.`start_date` IS NOT NULL) AND (`s`.`start_date` >= @__today_1)
ORDER BY `s`.`start_date`
2026-08-05 20:39:22.099 +05:30 [INF] Microsoft.EntityFrameworkCore.Database.Command Executed DbCommand (0ms) [Parameters=[@__tourId_0='?' (DbType = Int32)], CommandType='"Text"', CommandTimeout='30']
SELECT `c`.`cost_id` AS `CostId`, `c`.`adult_price` AS `AdultPrice`, `c`.`single_person_price` AS `SinglePersonPrice`, `c`.`extra_person_price` AS `ExtraPersonPrice`, `c`.`child_with_bed_price` AS `ChildWithBedPrice`, `c`.`child_without_bed_price` AS `ChildWithoutBedPrice`, `c`.`valid_from` AS `ValidFrom`, `c`.`valid_to` AS `ValidTo`, `c`.`is_active` AS `IsActive`
FROM `cost` AS `c`
WHERE `c`.`tour_id` = @__tourId_0
2026-08-05 20:39:22.102 +05:30 [INF] Microsoft.EntityFrameworkCore.Database.Command Executed DbCommand (1ms) [Parameters=[@__tourId_0='?' (DbType = Int32)], CommandType='"Text"', CommandTimeout='30']
SELECT `t`.`image_id` AS `ImageId`, `t`.`source` AS `Source`, `t`.`image_title` AS `ImageTitle`, `t`.`is_primary` AS `IsPrimary`, `t`.`upload_date` AS `UploadDate`
FROM `tour_images` AS `t`
WHERE `t`.`tour_id` = @__tourId_0
2026-08-05 20:39:22.104 +05:30 [INF] Microsoft.EntityFrameworkCore.Database.Command Executed DbCommand (0ms) [Parameters=[@__tourId_0='?' (DbType = Int32)], CommandType='"Text"', CommandTimeout='30']
SELECT CAST(`r`.`rating` AS double)
FROM `review` AS `r`
WHERE (`r`.`tour_id` = @__tourId_0) AND `r`.`rating` IS NOT NULL
2026-08-05 20:39:22.107 +05:30 [INF] Microsoft.EntityFrameworkCore.Database.Command Executed DbCommand (1ms) [Parameters=[@__tourId_0='?' (DbType = Int32)], CommandType='"Text"', CommandTimeout='30']
SELECT `t`.`tour_id`, `t`.`add_ons`, `t`.`category_id`, `t`.`days`, `t`.`description`, `t`.`destination`, `t`.`do_and_dont`, `t`.`location`, `t`.`nights`, `t`.`passport_and_visa`, `t`.`price`, `t`.`stay_and_meals`, `t`.`subcat_id`, `t`.`tour_name`, `t`.`tour_type`, `t`.`weather`, `c`.`category_id`, `c`.`cat_code`, `c`.`cat_image_path`, `c`.`category_name`, `c`.`description`, `c`.`flag`, `c`.`parent_id`, `c`.`status`, `c`.`suitable_for`, `s`.`subcat_id`, `s`.`cat_id`, `s`.`flag`, `s`.`isactive`, `s`.`subcat_image_path`, `s`.`subcat_name`
FROM `tour` AS `t`
LEFT JOIN `category` AS `c` ON `t`.`category_id` = `c`.`category_id`
LEFT JOIN `sub_category_master` AS `s` ON `t`.`subcat_id` = `s`.`subcat_id`
WHERE `t`.`tour_id` = @__tourId_0
LIMIT 1
2026-08-05 20:39:22.110 +05:30 [INF] Microsoft.EntityFrameworkCore.Database.Command Executed DbCommand (0ms) [Parameters=[@__tourId_0='?' (DbType = Int32)], CommandType='"Text"', CommandTimeout='30']
SELECT `i`.`itinerary_id` AS `ItineraryId`, `i`.`day_number` AS `DayNumber`, `i`.`description` AS `Description`, `i`.`location` AS `Location`
FROM `itinerary` AS `i`
WHERE `i`.`tour_id` = @__tourId_0
ORDER BY `i`.`day_number`
2026-08-05 20:39:22.113 +05:30 [INF] Microsoft.EntityFrameworkCore.Database.Command Executed DbCommand (1ms) [Parameters=[@__tourId_0='?' (DbType = Int32), @__today_1='?' (DbType = Date)], CommandType='"Text"', CommandTimeout='30']
SELECT `s`.`schedule_id` AS `ScheduleId`, `s`.`start_date` AS `StartDate`, `s`.`available_seats` AS `AvailableSeats`, `s`.`total_seats` AS `TotalSeats`, `s`.`status` AS `Status`
FROM `schedule` AS `s`
WHERE ((`s`.`tour_id` = @__tourId_0) AND `s`.`start_date` IS NOT NULL) AND (`s`.`start_date` >= @__today_1)
ORDER BY `s`.`start_date`
2026-08-05 20:39:22.118 +05:30 [INF] Microsoft.EntityFrameworkCore.Database.Command Executed DbCommand (1ms) [Parameters=[@__tourId_0='?' (DbType = Int32)], CommandType='"Text"', CommandTimeout='30']
SELECT `c`.`cost_id` AS `CostId`, `c`.`adult_price` AS `AdultPrice`, `c`.`single_person_price` AS `SinglePersonPrice`, `c`.`extra_person_price` AS `ExtraPersonPrice`, `c`.`child_with_bed_price` AS `ChildWithBedPrice`, `c`.`child_without_bed_price` AS `ChildWithoutBedPrice`, `c`.`valid_from` AS `ValidFrom`, `c`.`valid_to` AS `ValidTo`, `c`.`is_active` AS `IsActive`
FROM `cost` AS `c`
WHERE `c`.`tour_id` = @__tourId_0
2026-08-05 20:39:22.126 +05:30 [INF] Microsoft.EntityFrameworkCore.Database.Command Executed DbCommand (1ms) [Parameters=[@__tourId_0='?' (DbType = Int32)], CommandType='"Text"', CommandTimeout='30']
SELECT `t`.`image_id` AS `ImageId`, `t`.`source` AS `Source`, `t`.`image_title` AS `ImageTitle`, `t`.`is_primary` AS `IsPrimary`, `t`.`upload_date` AS `UploadDate`
FROM `tour_images` AS `t`
WHERE `t`.`tour_id` = @__tourId_0
2026-08-05 20:39:22.131 +05:30 [INF] Microsoft.EntityFrameworkCore.Database.Command Executed DbCommand (1ms) [Parameters=[@__tourId_0='?' (DbType = Int32)], CommandType='"Text"', CommandTimeout='30']
SELECT CAST(`r`.`rating` AS double)
FROM `review` AS `r`
WHERE (`r`.`tour_id` = @__tourId_0) AND `r`.`rating` IS NOT NULL
2026-08-05 20:39:22.134 +05:30 [INF] Microsoft.EntityFrameworkCore.Database.Command Executed DbCommand (0ms) [Parameters=[@__tourId_0='?' (DbType = Int32)], CommandType='"Text"', CommandTimeout='30']
SELECT `t`.`tour_id`, `t`.`add_ons`, `t`.`category_id`, `t`.`days`, `t`.`description`, `t`.`destination`, `t`.`do_and_dont`, `t`.`location`, `t`.`nights`, `t`.`passport_and_visa`, `t`.`price`, `t`.`stay_and_meals`, `t`.`subcat_id`, `t`.`tour_name`, `t`.`tour_type`, `t`.`weather`, `c`.`category_id`, `c`.`cat_code`, `c`.`cat_image_path`, `c`.`category_name`, `c`.`description`, `c`.`flag`, `c`.`parent_id`, `c`.`status`, `c`.`suitable_for`, `s`.`subcat_id`, `s`.`cat_id`, `s`.`flag`, `s`.`isactive`, `s`.`subcat_image_path`, `s`.`subcat_name`
FROM `tour` AS `t`
LEFT JOIN `category` AS `c` ON `t`.`category_id` = `c`.`category_id`
LEFT JOIN `sub_category_master` AS `s` ON `t`.`subcat_id` = `s`.`subcat_id`
WHERE `t`.`tour_id` = @__tourId_0
LIMIT 1
2026-08-05 20:39:22.141 +05:30 [INF] Microsoft.EntityFrameworkCore.Database.Command Executed DbCommand (0ms) [Parameters=[@__tourId_0='?' (DbType = Int32)], CommandType='"Text"', CommandTimeout='30']
SELECT `i`.`itinerary_id` AS `ItineraryId`, `i`.`day_number` AS `DayNumber`, `i`.`description` AS `Description`, `i`.`location` AS `Location`
FROM `itinerary` AS `i`
WHERE `i`.`tour_id` = @__tourId_0
ORDER BY `i`.`day_number`
2026-08-05 20:39:22.145 +05:30 [INF] Microsoft.EntityFrameworkCore.Database.Command Executed DbCommand (1ms) [Parameters=[@__tourId_0='?' (DbType = Int32), @__today_1='?' (DbType = Date)], CommandType='"Text"', CommandTimeout='30']
SELECT `s`.`schedule_id` AS `ScheduleId`, `s`.`start_date` AS `StartDate`, `s`.`available_seats` AS `AvailableSeats`, `s`.`total_seats` AS `TotalSeats`, `s`.`status` AS `Status`
FROM `schedule` AS `s`
WHERE ((`s`.`tour_id` = @__tourId_0) AND `s`.`start_date` IS NOT NULL) AND (`s`.`start_date` >= @__today_1)
ORDER BY `s`.`start_date`
2026-08-05 20:39:22.148 +05:30 [INF] Microsoft.EntityFrameworkCore.Database.Command Executed DbCommand (0ms) [Parameters=[@__tourId_0='?' (DbType = Int32)], CommandType='"Text"', CommandTimeout='30']
SELECT `c`.`cost_id` AS `CostId`, `c`.`adult_price` AS `AdultPrice`, `c`.`single_person_price` AS `SinglePersonPrice`, `c`.`extra_person_price` AS `ExtraPersonPrice`, `c`.`child_with_bed_price` AS `ChildWithBedPrice`, `c`.`child_without_bed_price` AS `ChildWithoutBedPrice`, `c`.`valid_from` AS `ValidFrom`, `c`.`valid_to` AS `ValidTo`, `c`.`is_active` AS `IsActive`
FROM `cost` AS `c`
WHERE `c`.`tour_id` = @__tourId_0
2026-08-05 20:39:22.152 +05:30 [INF] Microsoft.EntityFrameworkCore.Database.Command Executed DbCommand (1ms) [Parameters=[@__tourId_0='?' (DbType = Int32)], CommandType='"Text"', CommandTimeout='30']
SELECT `t`.`image_id` AS `ImageId`, `t`.`source` AS `Source`, `t`.`image_title` AS `ImageTitle`, `t`.`is_primary` AS `IsPrimary`, `t`.`upload_date` AS `UploadDate`
FROM `tour_images` AS `t`
WHERE `t`.`tour_id` = @__tourId_0
2026-08-05 20:39:22.155 +05:30 [INF] Microsoft.EntityFrameworkCore.Database.Command Executed DbCommand (0ms) [Parameters=[@__tourId_0='?' (DbType = Int32)], CommandType='"Text"', CommandTimeout='30']
SELECT CAST(`r`.`rating` AS double)
FROM `review` AS `r`
WHERE (`r`.`tour_id` = @__tourId_0) AND `r`.`rating` IS NOT NULL
2026-08-05 20:39:22.159 +05:30 [INF] Microsoft.EntityFrameworkCore.Database.Command Executed DbCommand (1ms) [Parameters=[@__tourId_0='?' (DbType = Int32)], CommandType='"Text"', CommandTimeout='30']
SELECT `t`.`tour_id`, `t`.`add_ons`, `t`.`category_id`, `t`.`days`, `t`.`description`, `t`.`destination`, `t`.`do_and_dont`, `t`.`location`, `t`.`nights`, `t`.`passport_and_visa`, `t`.`price`, `t`.`stay_and_meals`, `t`.`subcat_id`, `t`.`tour_name`, `t`.`tour_type`, `t`.`weather`, `c`.`category_id`, `c`.`cat_code`, `c`.`cat_image_path`, `c`.`category_name`, `c`.`description`, `c`.`flag`, `c`.`parent_id`, `c`.`status`, `c`.`suitable_for`, `s`.`subcat_id`, `s`.`cat_id`, `s`.`flag`, `s`.`isactive`, `s`.`subcat_image_path`, `s`.`subcat_name`
FROM `tour` AS `t`
LEFT JOIN `category` AS `c` ON `t`.`category_id` = `c`.`category_id`
LEFT JOIN `sub_category_master` AS `s` ON `t`.`subcat_id` = `s`.`subcat_id`
WHERE `t`.`tour_id` = @__tourId_0
LIMIT 1
2026-08-05 20:39:22.162 +05:30 [INF] Microsoft.EntityFrameworkCore.Database.Command Executed DbCommand (0ms) [Parameters=[@__tourId_0='?' (DbType = Int32)], CommandType='"Text"', CommandTimeout='30']
SELECT `i`.`itinerary_id` AS `ItineraryId`, `i`.`day_number` AS `DayNumber`, `i`.`description` AS `Description`, `i`.`location` AS `Location`
FROM `itinerary` AS `i`
WHERE `i`.`tour_id` = @__tourId_0
ORDER BY `i`.`day_number`
2026-08-05 20:39:22.165 +05:30 [INF] Microsoft.EntityFrameworkCore.Database.Command Executed DbCommand (1ms) [Parameters=[@__tourId_0='?' (DbType = Int32), @__today_1='?' (DbType = Date)], CommandType='"Text"', CommandTimeout='30']
SELECT `s`.`schedule_id` AS `ScheduleId`, `s`.`start_date` AS `StartDate`, `s`.`available_seats` AS `AvailableSeats`, `s`.`total_seats` AS `TotalSeats`, `s`.`status` AS `Status`
FROM `schedule` AS `s`
WHERE ((`s`.`tour_id` = @__tourId_0) AND `s`.`start_date` IS NOT NULL) AND (`s`.`start_date` >= @__today_1)
ORDER BY `s`.`start_date`
2026-08-05 20:39:22.168 +05:30 [INF] Microsoft.EntityFrameworkCore.Database.Command Executed DbCommand (0ms) [Parameters=[@__tourId_0='?' (DbType = Int32)], CommandType='"Text"', CommandTimeout='30']
SELECT `c`.`cost_id` AS `CostId`, `c`.`adult_price` AS `AdultPrice`, `c`.`single_person_price` AS `SinglePersonPrice`, `c`.`extra_person_price` AS `ExtraPersonPrice`, `c`.`child_with_bed_price` AS `ChildWithBedPrice`, `c`.`child_without_bed_price` AS `ChildWithoutBedPrice`, `c`.`valid_from` AS `ValidFrom`, `c`.`valid_to` AS `ValidTo`, `c`.`is_active` AS `IsActive`
FROM `cost` AS `c`
WHERE `c`.`tour_id` = @__tourId_0
2026-08-05 20:39:22.171 +05:30 [INF] Microsoft.EntityFrameworkCore.Database.Command Executed DbCommand (1ms) [Parameters=[@__tourId_0='?' (DbType = Int32)], CommandType='"Text"', CommandTimeout='30']
SELECT `t`.`image_id` AS `ImageId`, `t`.`source` AS `Source`, `t`.`image_title` AS `ImageTitle`, `t`.`is_primary` AS `IsPrimary`, `t`.`upload_date` AS `UploadDate`
FROM `tour_images` AS `t`
WHERE `t`.`tour_id` = @__tourId_0
2026-08-05 20:39:22.174 +05:30 [INF] Microsoft.EntityFrameworkCore.Database.Command Executed DbCommand (0ms) [Parameters=[@__tourId_0='?' (DbType = Int32)], CommandType='"Text"', CommandTimeout='30']
SELECT CAST(`r`.`rating` AS double)
FROM `review` AS `r`
WHERE (`r`.`tour_id` = @__tourId_0) AND `r`.`rating` IS NOT NULL
2026-08-05 20:39:22.176 +05:30 [INF] Serilog.AspNetCore.RequestLoggingMiddleware GET /api/admin/tours responded 200 in 567.9 ms
2026-08-05 20:39:22.787 +05:30 [INF] Microsoft.EntityFrameworkCore.Database.Command Executed DbCommand (1ms) [Parameters=[], CommandType='"Text"', CommandTimeout='30']
SELECT `f`.`feedback_id`, `f`.`category`, `f`.`created_at`, `f`.`email`, `f`.`message`, `f`.`name`, `f`.`page_url`, `f`.`published`, `f`.`rating`, `f`.`status`, `f`.`user_id`, `u`.`user_id`, `u`.`address`, `u`.`auth_provider`, `u`.`city`, `u`.`created_at`, `u`.`email`, `u`.`first_name`, `u`.`gender`, `u`.`isactive`, `u`.`last_name`, `u`.`password_hash`, `u`.`phone_number`, `u`.`provider_id`, `u`.`role_id`, `u`.`username`
FROM `feedback` AS `f`
LEFT JOIN `users` AS `u` ON `f`.`user_id` = `u`.`user_id`
ORDER BY `f`.`feedback_id` DESC
2026-08-05 20:39:22.791 +05:30 [INF] Serilog.AspNetCore.RequestLoggingMiddleware GET /api/admin/feedback responded 200 in 27.3 ms
2026-08-05 20:39:22.802 +05:30 [INF] Microsoft.EntityFrameworkCore.Database.Command Executed DbCommand (1ms) [Parameters=[], CommandType='"Text"', CommandTimeout='30']
SELECT `f`.`feedback_id`, `f`.`category`, `f`.`created_at`, `f`.`email`, `f`.`message`, `f`.`name`, `f`.`page_url`, `f`.`published`, `f`.`rating`, `f`.`status`, `f`.`user_id`, `u`.`user_id`, `u`.`address`, `u`.`auth_provider`, `u`.`city`, `u`.`created_at`, `u`.`email`, `u`.`first_name`, `u`.`gender`, `u`.`isactive`, `u`.`last_name`, `u`.`password_hash`, `u`.`phone_number`, `u`.`provider_id`, `u`.`role_id`, `u`.`username`
FROM `feedback` AS `f`
LEFT JOIN `users` AS `u` ON `f`.`user_id` = `u`.`user_id`
ORDER BY `f`.`feedback_id` DESC
2026-08-05 20:39:22.804 +05:30 [INF] Serilog.AspNetCore.RequestLoggingMiddleware GET /api/admin/feedback responded 200 in 7.7 ms
2026-08-05 20:39:26.399 +05:30 [INF] Microsoft.EntityFrameworkCore.Database.Command Executed DbCommand (1ms) [Parameters=[@__feedbackId_0='?' (DbType = Int32)], CommandType='"Text"', CommandTimeout='30']
SELECT `f`.`feedback_id`, `f`.`category`, `f`.`created_at`, `f`.`email`, `f`.`message`, `f`.`name`, `f`.`page_url`, `f`.`published`, `f`.`rating`, `f`.`status`, `f`.`user_id`, `u`.`user_id`, `u`.`address`, `u`.`auth_provider`, `u`.`city`, `u`.`created_at`, `u`.`email`, `u`.`first_name`, `u`.`gender`, `u`.`isactive`, `u`.`last_name`, `u`.`password_hash`, `u`.`phone_number`, `u`.`provider_id`, `u`.`role_id`, `u`.`username`
FROM `feedback` AS `f`
LEFT JOIN `users` AS `u` ON `f`.`user_id` = `u`.`user_id`
WHERE `f`.`feedback_id` = @__feedbackId_0
LIMIT 1
2026-08-05 20:39:26.413 +05:30 [INF] Microsoft.EntityFrameworkCore.Database.Command Executed DbCommand (7ms) [Parameters=[@p2='?' (DbType = Int32), @p0='?' (DbType = Boolean), @p1='?' (Size = 20)], CommandType='"Text"', CommandTimeout='30']
SET AUTOCOMMIT = 1;
UPDATE `feedback` SET `published` = @p0, `status` = @p1
WHERE `feedback_id` = @p2;
SELECT ROW_COUNT();
2026-08-05 20:39:26.417 +05:30 [INF] ETour.Api.Service.FeedbackService Feedback #100 published to the public site
2026-08-05 20:39:26.418 +05:30 [INF] Serilog.AspNetCore.RequestLoggingMiddleware PATCH /api/admin/feedback/100/publish responded 200 in 39.2 ms
2026-08-05 20:39:26.426 +05:30 [INF] Microsoft.EntityFrameworkCore.Database.Command Executed DbCommand (0ms) [Parameters=[], CommandType='"Text"', CommandTimeout='30']
SELECT `f`.`feedback_id`, `f`.`category`, `f`.`created_at`, `f`.`email`, `f`.`message`, `f`.`name`, `f`.`page_url`, `f`.`published`, `f`.`rating`, `f`.`status`, `f`.`user_id`, `u`.`user_id`, `u`.`address`, `u`.`auth_provider`, `u`.`city`, `u`.`created_at`, `u`.`email`, `u`.`first_name`, `u`.`gender`, `u`.`isactive`, `u`.`last_name`, `u`.`password_hash`, `u`.`phone_number`, `u`.`provider_id`, `u`.`role_id`, `u`.`username`
FROM `feedback` AS `f`
LEFT JOIN `users` AS `u` ON `f`.`user_id` = `u`.`user_id`
ORDER BY `f`.`feedback_id` DESC
2026-08-05 20:39:26.428 +05:30 [INF] Serilog.AspNetCore.RequestLoggingMiddleware GET /api/admin/feedback responded 200 in 4.7 ms
2026-08-05 20:39:27.285 +05:30 [INF] Microsoft.EntityFrameworkCore.Database.Command Executed DbCommand (1ms) [Parameters=[], CommandType='"Text"', CommandTimeout='30']
SELECT `c`.`category_id`, `c`.`cat_code`, `c`.`cat_image_path`, `c`.`category_name`, `c`.`description`, `c`.`flag`, `c`.`parent_id`, `c`.`status`, `c`.`suitable_for`
FROM `category` AS `c`
WHERE `c`.`parent_id` IS NULL
ORDER BY `c`.`category_id`
2026-08-05 20:39:27.285 +05:30 [INF] Microsoft.EntityFrameworkCore.Database.Command Executed DbCommand (0ms) [Parameters=[], CommandType='"Text"', CommandTimeout='30']
SELECT `f`.`feedback_id`, `f`.`category`, `f`.`created_at`, `f`.`email`, `f`.`message`, `f`.`name`, `f`.`page_url`, `f`.`published`, `f`.`rating`, `f`.`status`, `f`.`user_id`
FROM `feedback` AS `f`
WHERE `f`.`published`
ORDER BY `f`.`feedback_id` DESC
2026-08-05 20:39:27.285 +05:30 [INF] Microsoft.EntityFrameworkCore.Database.Command Executed DbCommand (0ms) [Parameters=[], CommandType='"Text"', CommandTimeout='30']
SELECT `t`.`tour_id`, `t`.`add_ons`, `t`.`category_id`, `t`.`days`, `t`.`description`, `t`.`destination`, `t`.`do_and_dont`, `t`.`location`, `t`.`nights`, `t`.`passport_and_visa`, `t`.`price`, `t`.`stay_and_meals`, `t`.`subcat_id`, `t`.`tour_name`, `t`.`tour_type`, `t`.`weather`
FROM `tour` AS `t`
ORDER BY `t`.`tour_id`
2026-08-05 20:39:27.288 +05:30 [INF] Microsoft.EntityFrameworkCore.Database.Command Executed DbCommand (0ms) [Parameters=[], CommandType='"Text"', CommandTimeout='30']
SELECT `c`.`category_id`, `c`.`cat_code`, `c`.`cat_image_path`, `c`.`category_name`, `c`.`description`, `c`.`flag`, `c`.`parent_id`, `c`.`status`, `c`.`suitable_for`
FROM `category` AS `c`
2026-08-05 20:39:27.289 +05:30 [INF] Serilog.AspNetCore.RequestLoggingMiddleware GET /api/feedback/published responded 200 in 8.2 ms
2026-08-05 20:39:27.292 +05:30 [INF] Microsoft.EntityFrameworkCore.Database.Command Executed DbCommand (1ms) [Parameters=[], CommandType='"Text"', CommandTimeout='30']
SELECT `c`.`tour_id` AS `TourId`, MIN(`c`.`adult_price`) AS `Min`
FROM `cost` AS `c`
WHERE `c`.`tour_id` IS NOT NULL AND (`c`.`adult_price` IS NOT NULL)
GROUP BY `c`.`tour_id`
2026-08-05 20:39:27.293 +05:30 [INF] Microsoft.EntityFrameworkCore.Database.Command Executed DbCommand (0ms) [Parameters=[], CommandType='"Text"', CommandTimeout='30']
SELECT `t`.`tour_id` AS `TourId`, `t`.`category_id` AS `CategoryId`
FROM `tour` AS `t`
2026-08-05 20:39:27.300 +05:30 [INF] Microsoft.EntityFrameworkCore.Database.Command Executed DbCommand (1ms) [Parameters=[], CommandType='"Text"', CommandTimeout='30']
SELECT `f`.`feedback_id`, `f`.`category`, `f`.`created_at`, `f`.`email`, `f`.`message`, `f`.`name`, `f`.`page_url`, `f`.`published`, `f`.`rating`, `f`.`status`, `f`.`user_id`
FROM `feedback` AS `f`
WHERE `f`.`published`
ORDER BY `f`.`feedback_id` DESC
2026-08-05 20:39:27.301 +05:30 [INF] Microsoft.EntityFrameworkCore.Database.Command Executed DbCommand (1ms) [Parameters=[], CommandType='"Text"', CommandTimeout='30']
SELECT `r`.`tour_id` AS `TourId`, AVG(CAST(`r`.`rating` AS double)) AS `Avg`, CAST(COUNT(*) AS signed) AS `Count`
FROM `review` AS `r`
WHERE `r`.`tour_id` IS NOT NULL AND (`r`.`rating` IS NOT NULL)
GROUP BY `r`.`tour_id`
2026-08-05 20:39:27.302 +05:30 [INF] Serilog.AspNetCore.RequestLoggingMiddleware GET /api/categories/roots responded 200 in 20.8 ms
2026-08-05 20:39:27.303 +05:30 [INF] Serilog.AspNetCore.RequestLoggingMiddleware GET /api/feedback/published responded 200 in 9.8 ms
2026-08-05 20:39:27.308 +05:30 [INF] Microsoft.EntityFrameworkCore.Database.Command Executed DbCommand (1ms) [Parameters=[], CommandType='"Text"', CommandTimeout='30']
SELECT `t`.`tour_id` AS `TourId`, (
    SELECT `t0`.`source`
    FROM `tour_images` AS `t0`
    WHERE (`t0`.`is_primary` AND (`t0`.`tour_id` IS NOT NULL)) AND (`t`.`tour_id` = `t0`.`tour_id`)
    LIMIT 1) AS `Source`
FROM `tour_images` AS `t`
WHERE `t`.`is_primary` AND (`t`.`tour_id` IS NOT NULL)
GROUP BY `t`.`tour_id`
2026-08-05 20:39:27.314 +05:30 [INF] Microsoft.EntityFrameworkCore.Database.Command Executed DbCommand (1ms) [Parameters=[], CommandType='"Text"', CommandTimeout='30']
SELECT `c`.`category_id`, `c`.`cat_code`, `c`.`cat_image_path`, `c`.`category_name`, `c`.`description`, `c`.`flag`, `c`.`parent_id`, `c`.`status`, `c`.`suitable_for`
FROM `category` AS `c`
WHERE `c`.`parent_id` IS NULL
ORDER BY `c`.`category_id`
2026-08-05 20:39:27.314 +05:30 [INF] Serilog.AspNetCore.RequestLoggingMiddleware GET /api/tours responded 200 in 33.3 ms
2026-08-05 20:39:27.322 +05:30 [INF] Microsoft.EntityFrameworkCore.Database.Command Executed DbCommand (1ms) [Parameters=[], CommandType='"Text"', CommandTimeout='30']
SELECT `c`.`category_id`, `c`.`cat_code`, `c`.`cat_image_path`, `c`.`category_name`, `c`.`description`, `c`.`flag`, `c`.`parent_id`, `c`.`status`, `c`.`suitable_for`
FROM `category` AS `c`
2026-08-05 20:39:27.331 +05:30 [INF] Microsoft.EntityFrameworkCore.Database.Command Executed DbCommand (1ms) [Parameters=[], CommandType='"Text"', CommandTimeout='30']
SELECT `t`.`tour_id` AS `TourId`, `t`.`category_id` AS `CategoryId`
FROM `tour` AS `t`
2026-08-05 20:39:27.334 +05:30 [INF] Microsoft.EntityFrameworkCore.Database.Command Executed DbCommand (1ms) [Parameters=[], CommandType='"Text"', CommandTimeout='30']
SELECT `t`.`tour_id`, `t`.`add_ons`, `t`.`category_id`, `t`.`days`, `t`.`description`, `t`.`destination`, `t`.`do_and_dont`, `t`.`location`, `t`.`nights`, `t`.`passport_and_visa`, `t`.`price`, `t`.`stay_and_meals`, `t`.`subcat_id`, `t`.`tour_name`, `t`.`tour_type`, `t`.`weather`
FROM `tour` AS `t`
ORDER BY `t`.`tour_id`
2026-08-05 20:39:27.335 +05:30 [INF] Serilog.AspNetCore.RequestLoggingMiddleware GET /api/categories/roots responded 200 in 26.5 ms
2026-08-05 20:39:27.338 +05:30 [INF] Microsoft.EntityFrameworkCore.Database.Command Executed DbCommand (1ms) [Parameters=[], CommandType='"Text"', CommandTimeout='30']
SELECT `c`.`tour_id` AS `TourId`, MIN(`c`.`adult_price`) AS `Min`
FROM `cost` AS `c`
WHERE `c`.`tour_id` IS NOT NULL AND (`c`.`adult_price` IS NOT NULL)
GROUP BY `c`.`tour_id`
2026-08-05 20:39:27.348 +05:30 [INF] Microsoft.EntityFrameworkCore.Database.Command Executed DbCommand (1ms) [Parameters=[], CommandType='"Text"', CommandTimeout='30']
SELECT `r`.`tour_id` AS `TourId`, AVG(CAST(`r`.`rating` AS double)) AS `Avg`, CAST(COUNT(*) AS signed) AS `Count`
FROM `review` AS `r`
WHERE `r`.`tour_id` IS NOT NULL AND (`r`.`rating` IS NOT NULL)
GROUP BY `r`.`tour_id`
2026-08-05 20:39:27.352 +05:30 [INF] Microsoft.EntityFrameworkCore.Database.Command Executed DbCommand (1ms) [Parameters=[], CommandType='"Text"', CommandTimeout='30']
SELECT `t`.`tour_id` AS `TourId`, (
    SELECT `t0`.`source`
    FROM `tour_images` AS `t0`
    WHERE (`t0`.`is_primary` AND (`t0`.`tour_id` IS NOT NULL)) AND (`t`.`tour_id` = `t0`.`tour_id`)
    LIMIT 1) AS `Source`
FROM `tour_images` AS `t`
WHERE `t`.`is_primary` AND (`t`.`tour_id` IS NOT NULL)
GROUP BY `t`.`tour_id`
2026-08-05 20:39:27.354 +05:30 [INF] Serilog.AspNetCore.RequestLoggingMiddleware GET /api/tours responded 200 in 28.4 ms
2026-08-05 20:39:32.974 +05:30 [INF] Microsoft.EntityFrameworkCore.Database.Command Executed DbCommand (1ms) [Parameters=[], CommandType='"Text"', CommandTimeout='30']
SELECT `u`.`user_id`, `u`.`address`, `u`.`auth_provider`, `u`.`city`, `u`.`created_at`, `u`.`email`, `u`.`first_name`, `u`.`gender`, `u`.`isactive`, `u`.`last_name`, `u`.`password_hash`, `u`.`phone_number`, `u`.`provider_id`, `u`.`role_id`, `u`.`username`, `r`.`role_id`, `r`.`description`, `r`.`role_name`
FROM `users` AS `u`
LEFT JOIN `role` AS `r` ON `u`.`role_id` = `r`.`role_id`
ORDER BY `u`.`user_id`
2026-08-05 20:39:32.975 +05:30 [INF] Microsoft.EntityFrameworkCore.Database.Command Executed DbCommand (2ms) [Parameters=[], CommandType='"Text"', CommandTimeout='30']
SELECT `b`.`booking_id`, `b`.`booking_date`, `b`.`booking_status`, `b`.`contact_email`, `b`.`contact_name`, `b`.`contact_phone`, `b`.`schedule_id`, `b`.`total_amount`, `b`.`tour_id`, `b`.`user_id`, `u`.`user_id`, `u`.`address`, `u`.`auth_provider`, `u`.`city`, `u`.`created_at`, `u`.`email`, `u`.`first_name`, `u`.`gender`, `u`.`isactive`, `u`.`last_name`, `u`.`password_hash`, `u`.`phone_number`, `u`.`provider_id`, `u`.`role_id`, `u`.`username`, `t`.`tour_id`, `t`.`add_ons`, `t`.`category_id`, `t`.`days`, `t`.`description`, `t`.`destination`, `t`.`do_and_dont`, `t`.`location`, `t`.`nights`, `t`.`passport_and_visa`, `t`.`price`, `t`.`stay_and_meals`, `t`.`subcat_id`, `t`.`tour_name`, `t`.`tour_type`, `t`.`weather`, `s`.`schedule_id`, `s`.`available_seats`, `s`.`start_date`, `s`.`status`, `s`.`total_seats`, `s`.`tour_id`, `c`.`cancellation_id`, `p`.`pax_id`, `p`.`age`, `p`.`birth_date`, `p`.`booking_id`, `p`.`email`, `p`.`full_name`, `p`.`gender`, `p`.`passport_number`, `p`.`pax_type`, `p0`.`payment_id`, `p0`.`amount`, `p0`.`booking_id`, `p0`.`payment_date`, `p0`.`payment_method`, `p0`.`payment_status`, `c`.`booking_id`, `c`.`cancellation_date`, `c`.`reason`, `c`.`refund_amount`, `c`.`refund_status`, `c`.`remarks`
FROM `booking` AS `b`
LEFT JOIN `users` AS `u` ON `b`.`user_id` = `u`.`user_id`
LEFT JOIN `tour` AS `t` ON `b`.`tour_id` = `t`.`tour_id`
LEFT JOIN `schedule` AS `s` ON `b`.`schedule_id` = `s`.`schedule_id`
LEFT JOIN `cancellation` AS `c` ON `b`.`booking_id` = `c`.`booking_id`
LEFT JOIN `passenger_details` AS `p` ON `b`.`booking_id` = `p`.`booking_id`
LEFT JOIN `payment` AS `p0` ON `b`.`booking_id` = `p0`.`booking_id`
ORDER BY `b`.`booking_date` DESC, `b`.`booking_id` DESC, `u`.`user_id`, `t`.`tour_id`, `s`.`schedule_id`, `c`.`cancellation_id`, `p`.`pax_id`
2026-08-05 20:39:32.977 +05:30 [INF] Microsoft.EntityFrameworkCore.Database.Command Executed DbCommand (0ms) [Parameters=[], CommandType='"Text"', CommandTimeout='30']
SELECT `b`.`user_id` AS `UserId`, `b`.`booking_status` AS `BookingStatus`, `b`.`total_amount` AS `TotalAmount`
FROM `booking` AS `b`
2026-08-05 20:39:32.979 +05:30 [INF] Serilog.AspNetCore.RequestLoggingMiddleware GET /api/admin/bookings responded 200 in 9.3 ms
2026-08-05 20:39:32.980 +05:30 [INF] Serilog.AspNetCore.RequestLoggingMiddleware GET /api/admin/users responded 200 in 10.8 ms
2026-08-05 20:39:32.981 +05:30 [INF] Microsoft.EntityFrameworkCore.Database.Command Executed DbCommand (1ms) [Parameters=[], CommandType='"Text"', CommandTimeout='30']
SELECT `t`.`tour_id`
FROM `tour` AS `t`
ORDER BY `t`.`tour_id`
2026-08-05 20:39:32.988 +05:30 [INF] Microsoft.EntityFrameworkCore.Database.Command Executed DbCommand (1ms) [Parameters=[@__tourId_0='?' (DbType = Int32)], CommandType='"Text"', CommandTimeout='30']
SELECT `t`.`tour_id`, `t`.`add_ons`, `t`.`category_id`, `t`.`days`, `t`.`description`, `t`.`destination`, `t`.`do_and_dont`, `t`.`location`, `t`.`nights`, `t`.`passport_and_visa`, `t`.`price`, `t`.`stay_and_meals`, `t`.`subcat_id`, `t`.`tour_name`, `t`.`tour_type`, `t`.`weather`, `c`.`category_id`, `c`.`cat_code`, `c`.`cat_image_path`, `c`.`category_name`, `c`.`description`, `c`.`flag`, `c`.`parent_id`, `c`.`status`, `c`.`suitable_for`, `s`.`subcat_id`, `s`.`cat_id`, `s`.`flag`, `s`.`isactive`, `s`.`subcat_image_path`, `s`.`subcat_name`
FROM `tour` AS `t`
LEFT JOIN `category` AS `c` ON `t`.`category_id` = `c`.`category_id`
LEFT JOIN `sub_category_master` AS `s` ON `t`.`subcat_id` = `s`.`subcat_id`
WHERE `t`.`tour_id` = @__tourId_0
LIMIT 1
2026-08-05 20:39:32.990 +05:30 [INF] Microsoft.EntityFrameworkCore.Database.Command Executed DbCommand (2ms) [Parameters=[], CommandType='"Text"', CommandTimeout='30']
SELECT `b`.`booking_id`, `b`.`booking_date`, `b`.`booking_status`, `b`.`contact_email`, `b`.`contact_name`, `b`.`contact_phone`, `b`.`schedule_id`, `b`.`total_amount`, `b`.`tour_id`, `b`.`user_id`, `u`.`user_id`, `u`.`address`, `u`.`auth_provider`, `u`.`city`, `u`.`created_at`, `u`.`email`, `u`.`first_name`, `u`.`gender`, `u`.`isactive`, `u`.`last_name`, `u`.`password_hash`, `u`.`phone_number`, `u`.`provider_id`, `u`.`role_id`, `u`.`username`, `t`.`tour_id`, `t`.`add_ons`, `t`.`category_id`, `t`.`days`, `t`.`description`, `t`.`destination`, `t`.`do_and_dont`, `t`.`location`, `t`.`nights`, `t`.`passport_and_visa`, `t`.`price`, `t`.`stay_and_meals`, `t`.`subcat_id`, `t`.`tour_name`, `t`.`tour_type`, `t`.`weather`, `s`.`schedule_id`, `s`.`available_seats`, `s`.`start_date`, `s`.`status`, `s`.`total_seats`, `s`.`tour_id`, `c`.`cancellation_id`, `p`.`pax_id`, `p`.`age`, `p`.`birth_date`, `p`.`booking_id`, `p`.`email`, `p`.`full_name`, `p`.`gender`, `p`.`passport_number`, `p`.`pax_type`, `p0`.`payment_id`, `p0`.`amount`, `p0`.`booking_id`, `p0`.`payment_date`, `p0`.`payment_method`, `p0`.`payment_status`, `c`.`booking_id`, `c`.`cancellation_date`, `c`.`reason`, `c`.`refund_amount`, `c`.`refund_status`, `c`.`remarks`
FROM `booking` AS `b`
LEFT JOIN `users` AS `u` ON `b`.`user_id` = `u`.`user_id`
LEFT JOIN `tour` AS `t` ON `b`.`tour_id` = `t`.`tour_id`
LEFT JOIN `schedule` AS `s` ON `b`.`schedule_id` = `s`.`schedule_id`
LEFT JOIN `cancellation` AS `c` ON `b`.`booking_id` = `c`.`booking_id`
LEFT JOIN `passenger_details` AS `p` ON `b`.`booking_id` = `p`.`booking_id`
LEFT JOIN `payment` AS `p0` ON `b`.`booking_id` = `p0`.`booking_id`
ORDER BY `b`.`booking_date` DESC, `b`.`booking_id` DESC, `u`.`user_id`, `t`.`tour_id`, `s`.`schedule_id`, `c`.`cancellation_id`, `p`.`pax_id`
2026-08-05 20:39:32.991 +05:30 [INF] Microsoft.EntityFrameworkCore.Database.Command Executed DbCommand (1ms) [Parameters=[@__tourId_0='?' (DbType = Int32)], CommandType='"Text"', CommandTimeout='30']
SELECT `i`.`itinerary_id` AS `ItineraryId`, `i`.`day_number` AS `DayNumber`, `i`.`description` AS `Description`, `i`.`location` AS `Location`
FROM `itinerary` AS `i`
WHERE `i`.`tour_id` = @__tourId_0
ORDER BY `i`.`day_number`
2026-08-05 20:39:32.992 +05:30 [INF] Microsoft.EntityFrameworkCore.Database.Command Executed DbCommand (1ms) [Parameters=[], CommandType='"Text"', CommandTimeout='30']
SELECT `u`.`user_id`, `u`.`address`, `u`.`auth_provider`, `u`.`city`, `u`.`created_at`, `u`.`email`, `u`.`first_name`, `u`.`gender`, `u`.`isactive`, `u`.`last_name`, `u`.`password_hash`, `u`.`phone_number`, `u`.`provider_id`, `u`.`role_id`, `u`.`username`, `r`.`role_id`, `r`.`description`, `r`.`role_name`
FROM `users` AS `u`
LEFT JOIN `role` AS `r` ON `u`.`role_id` = `r`.`role_id`
ORDER BY `u`.`user_id`
2026-08-05 20:39:32.993 +05:30 [INF] Serilog.AspNetCore.RequestLoggingMiddleware GET /api/admin/bookings responded 200 in 9.9 ms
2026-08-05 20:39:32.996 +05:30 [INF] Microsoft.EntityFrameworkCore.Database.Command Executed DbCommand (1ms) [Parameters=[@__tourId_0='?' (DbType = Int32), @__today_1='?' (DbType = Date)], CommandType='"Text"', CommandTimeout='30']
SELECT `s`.`schedule_id` AS `ScheduleId`, `s`.`start_date` AS `StartDate`, `s`.`available_seats` AS `AvailableSeats`, `s`.`total_seats` AS `TotalSeats`, `s`.`status` AS `Status`
FROM `schedule` AS `s`
WHERE ((`s`.`tour_id` = @__tourId_0) AND `s`.`start_date` IS NOT NULL) AND (`s`.`start_date` >= @__today_1)
ORDER BY `s`.`start_date`
2026-08-05 20:39:32.997 +05:30 [INF] Microsoft.EntityFrameworkCore.Database.Command Executed DbCommand (0ms) [Parameters=[], CommandType='"Text"', CommandTimeout='30']
SELECT `b`.`user_id` AS `UserId`, `b`.`booking_status` AS `BookingStatus`, `b`.`total_amount` AS `TotalAmount`
FROM `booking` AS `b`
2026-08-05 20:39:33.001 +05:30 [INF] Microsoft.EntityFrameworkCore.Database.Command Executed DbCommand (0ms) [Parameters=[@__tourId_0='?' (DbType = Int32)], CommandType='"Text"', CommandTimeout='30']
SELECT `c`.`cost_id` AS `CostId`, `c`.`adult_price` AS `AdultPrice`, `c`.`single_person_price` AS `SinglePersonPrice`, `c`.`extra_person_price` AS `ExtraPersonPrice`, `c`.`child_with_bed_price` AS `ChildWithBedPrice`, `c`.`child_without_bed_price` AS `ChildWithoutBedPrice`, `c`.`valid_from` AS `ValidFrom`, `c`.`valid_to` AS `ValidTo`, `c`.`is_active` AS `IsActive`
FROM `cost` AS `c`
WHERE `c`.`tour_id` = @__tourId_0
2026-08-05 20:39:33.001 +05:30 [INF] Serilog.AspNetCore.RequestLoggingMiddleware GET /api/admin/users responded 200 in 14.1 ms
2026-08-05 20:39:33.006 +05:30 [INF] Microsoft.EntityFrameworkCore.Database.Command Executed DbCommand (1ms) [Parameters=[@__tourId_0='?' (DbType = Int32)], CommandType='"Text"', CommandTimeout='30']
SELECT `t`.`image_id` AS `ImageId`, `t`.`source` AS `Source`, `t`.`image_title` AS `ImageTitle`, `t`.`is_primary` AS `IsPrimary`, `t`.`upload_date` AS `UploadDate`
FROM `tour_images` AS `t`
WHERE `t`.`tour_id` = @__tourId_0
2026-08-05 20:39:33.010 +05:30 [INF] Microsoft.EntityFrameworkCore.Database.Command Executed DbCommand (0ms) [Parameters=[@__tourId_0='?' (DbType = Int32)], CommandType='"Text"', CommandTimeout='30']
SELECT CAST(`r`.`rating` AS double)
FROM `review` AS `r`
WHERE (`r`.`tour_id` = @__tourId_0) AND `r`.`rating` IS NOT NULL
2026-08-05 20:39:33.015 +05:30 [INF] Microsoft.EntityFrameworkCore.Database.Command Executed DbCommand (1ms) [Parameters=[@__tourId_0='?' (DbType = Int32)], CommandType='"Text"', CommandTimeout='30']
SELECT `t`.`tour_id`, `t`.`add_ons`, `t`.`category_id`, `t`.`days`, `t`.`description`, `t`.`destination`, `t`.`do_and_dont`, `t`.`location`, `t`.`nights`, `t`.`passport_and_visa`, `t`.`price`, `t`.`stay_and_meals`, `t`.`subcat_id`, `t`.`tour_name`, `t`.`tour_type`, `t`.`weather`, `c`.`category_id`, `c`.`cat_code`, `c`.`cat_image_path`, `c`.`category_name`, `c`.`description`, `c`.`flag`, `c`.`parent_id`, `c`.`status`, `c`.`suitable_for`, `s`.`subcat_id`, `s`.`cat_id`, `s`.`flag`, `s`.`isactive`, `s`.`subcat_image_path`, `s`.`subcat_name`
FROM `tour` AS `t`
LEFT JOIN `category` AS `c` ON `t`.`category_id` = `c`.`category_id`
LEFT JOIN `sub_category_master` AS `s` ON `t`.`subcat_id` = `s`.`subcat_id`
WHERE `t`.`tour_id` = @__tourId_0
LIMIT 1
2026-08-05 20:39:33.019 +05:30 [INF] Microsoft.EntityFrameworkCore.Database.Command Executed DbCommand (1ms) [Parameters=[@__tourId_0='?' (DbType = Int32)], CommandType='"Text"', CommandTimeout='30']
SELECT `i`.`itinerary_id` AS `ItineraryId`, `i`.`day_number` AS `DayNumber`, `i`.`description` AS `Description`, `i`.`location` AS `Location`
FROM `itinerary` AS `i`
WHERE `i`.`tour_id` = @__tourId_0
ORDER BY `i`.`day_number`
2026-08-05 20:39:33.022 +05:30 [INF] Microsoft.EntityFrameworkCore.Database.Command Executed DbCommand (1ms) [Parameters=[@__tourId_0='?' (DbType = Int32), @__today_1='?' (DbType = Date)], CommandType='"Text"', CommandTimeout='30']
SELECT `s`.`schedule_id` AS `ScheduleId`, `s`.`start_date` AS `StartDate`, `s`.`available_seats` AS `AvailableSeats`, `s`.`total_seats` AS `TotalSeats`, `s`.`status` AS `Status`
FROM `schedule` AS `s`
WHERE ((`s`.`tour_id` = @__tourId_0) AND `s`.`start_date` IS NOT NULL) AND (`s`.`start_date` >= @__today_1)
ORDER BY `s`.`start_date`
2026-08-05 20:39:33.025 +05:30 [INF] Microsoft.EntityFrameworkCore.Database.Command Executed DbCommand (0ms) [Parameters=[@__tourId_0='?' (DbType = Int32)], CommandType='"Text"', CommandTimeout='30']
SELECT `c`.`cost_id` AS `CostId`, `c`.`adult_price` AS `AdultPrice`, `c`.`single_person_price` AS `SinglePersonPrice`, `c`.`extra_person_price` AS `ExtraPersonPrice`, `c`.`child_with_bed_price` AS `ChildWithBedPrice`, `c`.`child_without_bed_price` AS `ChildWithoutBedPrice`, `c`.`valid_from` AS `ValidFrom`, `c`.`valid_to` AS `ValidTo`, `c`.`is_active` AS `IsActive`
FROM `cost` AS `c`
WHERE `c`.`tour_id` = @__tourId_0
2026-08-05 20:39:33.029 +05:30 [INF] Microsoft.EntityFrameworkCore.Database.Command Executed DbCommand (0ms) [Parameters=[@__tourId_0='?' (DbType = Int32)], CommandType='"Text"', CommandTimeout='30']
SELECT `t`.`image_id` AS `ImageId`, `t`.`source` AS `Source`, `t`.`image_title` AS `ImageTitle`, `t`.`is_primary` AS `IsPrimary`, `t`.`upload_date` AS `UploadDate`
FROM `tour_images` AS `t`
WHERE `t`.`tour_id` = @__tourId_0
2026-08-05 20:39:33.031 +05:30 [INF] Microsoft.EntityFrameworkCore.Database.Command Executed DbCommand (1ms) [Parameters=[@__tourId_0='?' (DbType = Int32)], CommandType='"Text"', CommandTimeout='30']
SELECT CAST(`r`.`rating` AS double)
FROM `review` AS `r`
WHERE (`r`.`tour_id` = @__tourId_0) AND `r`.`rating` IS NOT NULL
2026-08-05 20:39:33.034 +05:30 [INF] Microsoft.EntityFrameworkCore.Database.Command Executed DbCommand (1ms) [Parameters=[@__tourId_0='?' (DbType = Int32)], CommandType='"Text"', CommandTimeout='30']
SELECT `t`.`tour_id`, `t`.`add_ons`, `t`.`category_id`, `t`.`days`, `t`.`description`, `t`.`destination`, `t`.`do_and_dont`, `t`.`location`, `t`.`nights`, `t`.`passport_and_visa`, `t`.`price`, `t`.`stay_and_meals`, `t`.`subcat_id`, `t`.`tour_name`, `t`.`tour_type`, `t`.`weather`, `c`.`category_id`, `c`.`cat_code`, `c`.`cat_image_path`, `c`.`category_name`, `c`.`description`, `c`.`flag`, `c`.`parent_id`, `c`.`status`, `c`.`suitable_for`, `s`.`subcat_id`, `s`.`cat_id`, `s`.`flag`, `s`.`isactive`, `s`.`subcat_image_path`, `s`.`subcat_name`
FROM `tour` AS `t`
LEFT JOIN `category` AS `c` ON `t`.`category_id` = `c`.`category_id`
LEFT JOIN `sub_category_master` AS `s` ON `t`.`subcat_id` = `s`.`subcat_id`
WHERE `t`.`tour_id` = @__tourId_0
LIMIT 1
2026-08-05 20:39:33.037 +05:30 [INF] Microsoft.EntityFrameworkCore.Database.Command Executed DbCommand (1ms) [Parameters=[@__tourId_0='?' (DbType = Int32)], CommandType='"Text"', CommandTimeout='30']
SELECT `i`.`itinerary_id` AS `ItineraryId`, `i`.`day_number` AS `DayNumber`, `i`.`description` AS `Description`, `i`.`location` AS `Location`
FROM `itinerary` AS `i`
WHERE `i`.`tour_id` = @__tourId_0
ORDER BY `i`.`day_number`
2026-08-05 20:39:33.039 +05:30 [INF] Microsoft.EntityFrameworkCore.Database.Command Executed DbCommand (0ms) [Parameters=[@__tourId_0='?' (DbType = Int32), @__today_1='?' (DbType = Date)], CommandType='"Text"', CommandTimeout='30']
SELECT `s`.`schedule_id` AS `ScheduleId`, `s`.`start_date` AS `StartDate`, `s`.`available_seats` AS `AvailableSeats`, `s`.`total_seats` AS `TotalSeats`, `s`.`status` AS `Status`
FROM `schedule` AS `s`
WHERE ((`s`.`tour_id` = @__tourId_0) AND `s`.`start_date` IS NOT NULL) AND (`s`.`start_date` >= @__today_1)
ORDER BY `s`.`start_date`
2026-08-05 20:39:33.043 +05:30 [INF] Microsoft.EntityFrameworkCore.Database.Command Executed DbCommand (1ms) [Parameters=[@__tourId_0='?' (DbType = Int32)], CommandType='"Text"', CommandTimeout='30']
SELECT `c`.`cost_id` AS `CostId`, `c`.`adult_price` AS `AdultPrice`, `c`.`single_person_price` AS `SinglePersonPrice`, `c`.`extra_person_price` AS `ExtraPersonPrice`, `c`.`child_with_bed_price` AS `ChildWithBedPrice`, `c`.`child_without_bed_price` AS `ChildWithoutBedPrice`, `c`.`valid_from` AS `ValidFrom`, `c`.`valid_to` AS `ValidTo`, `c`.`is_active` AS `IsActive`
FROM `cost` AS `c`
WHERE `c`.`tour_id` = @__tourId_0
2026-08-05 20:39:33.053 +05:30 [INF] Microsoft.EntityFrameworkCore.Database.Command Executed DbCommand (8ms) [Parameters=[@__tourId_0='?' (DbType = Int32)], CommandType='"Text"', CommandTimeout='30']
SELECT `t`.`image_id` AS `ImageId`, `t`.`source` AS `Source`, `t`.`image_title` AS `ImageTitle`, `t`.`is_primary` AS `IsPrimary`, `t`.`upload_date` AS `UploadDate`
FROM `tour_images` AS `t`
WHERE `t`.`tour_id` = @__tourId_0
2026-08-05 20:39:33.056 +05:30 [INF] Microsoft.EntityFrameworkCore.Database.Command Executed DbCommand (1ms) [Parameters=[@__tourId_0='?' (DbType = Int32)], CommandType='"Text"', CommandTimeout='30']
SELECT CAST(`r`.`rating` AS double)
FROM `review` AS `r`
WHERE (`r`.`tour_id` = @__tourId_0) AND `r`.`rating` IS NOT NULL
2026-08-05 20:39:33.058 +05:30 [INF] Microsoft.EntityFrameworkCore.Database.Command Executed DbCommand (0ms) [Parameters=[@__tourId_0='?' (DbType = Int32)], CommandType='"Text"', CommandTimeout='30']
SELECT `t`.`tour_id`, `t`.`add_ons`, `t`.`category_id`, `t`.`days`, `t`.`description`, `t`.`destination`, `t`.`do_and_dont`, `t`.`location`, `t`.`nights`, `t`.`passport_and_visa`, `t`.`price`, `t`.`stay_and_meals`, `t`.`subcat_id`, `t`.`tour_name`, `t`.`tour_type`, `t`.`weather`, `c`.`category_id`, `c`.`cat_code`, `c`.`cat_image_path`, `c`.`category_name`, `c`.`description`, `c`.`flag`, `c`.`parent_id`, `c`.`status`, `c`.`suitable_for`, `s`.`subcat_id`, `s`.`cat_id`, `s`.`flag`, `s`.`isactive`, `s`.`subcat_image_path`, `s`.`subcat_name`
FROM `tour` AS `t`
LEFT JOIN `category` AS `c` ON `t`.`category_id` = `c`.`category_id`
LEFT JOIN `sub_category_master` AS `s` ON `t`.`subcat_id` = `s`.`subcat_id`
WHERE `t`.`tour_id` = @__tourId_0
LIMIT 1
2026-08-05 20:39:33.061 +05:30 [INF] Microsoft.EntityFrameworkCore.Database.Command Executed DbCommand (1ms) [Parameters=[@__tourId_0='?' (DbType = Int32)], CommandType='"Text"', CommandTimeout='30']
SELECT `i`.`itinerary_id` AS `ItineraryId`, `i`.`day_number` AS `DayNumber`, `i`.`description` AS `Description`, `i`.`location` AS `Location`
FROM `itinerary` AS `i`
WHERE `i`.`tour_id` = @__tourId_0
ORDER BY `i`.`day_number`
2026-08-05 20:39:33.064 +05:30 [INF] Microsoft.EntityFrameworkCore.Database.Command Executed DbCommand (0ms) [Parameters=[@__tourId_0='?' (DbType = Int32), @__today_1='?' (DbType = Date)], CommandType='"Text"', CommandTimeout='30']
SELECT `s`.`schedule_id` AS `ScheduleId`, `s`.`start_date` AS `StartDate`, `s`.`available_seats` AS `AvailableSeats`, `s`.`total_seats` AS `TotalSeats`, `s`.`status` AS `Status`
FROM `schedule` AS `s`
WHERE ((`s`.`tour_id` = @__tourId_0) AND `s`.`start_date` IS NOT NULL) AND (`s`.`start_date` >= @__today_1)
ORDER BY `s`.`start_date`
2026-08-05 20:39:33.066 +05:30 [INF] Microsoft.EntityFrameworkCore.Database.Command Executed DbCommand (0ms) [Parameters=[@__tourId_0='?' (DbType = Int32)], CommandType='"Text"', CommandTimeout='30']
SELECT `c`.`cost_id` AS `CostId`, `c`.`adult_price` AS `AdultPrice`, `c`.`single_person_price` AS `SinglePersonPrice`, `c`.`extra_person_price` AS `ExtraPersonPrice`, `c`.`child_with_bed_price` AS `ChildWithBedPrice`, `c`.`child_without_bed_price` AS `ChildWithoutBedPrice`, `c`.`valid_from` AS `ValidFrom`, `c`.`valid_to` AS `ValidTo`, `c`.`is_active` AS `IsActive`
FROM `cost` AS `c`
WHERE `c`.`tour_id` = @__tourId_0
2026-08-05 20:39:33.068 +05:30 [INF] Microsoft.EntityFrameworkCore.Database.Command Executed DbCommand (0ms) [Parameters=[@__tourId_0='?' (DbType = Int32)], CommandType='"Text"', CommandTimeout='30']
SELECT `t`.`image_id` AS `ImageId`, `t`.`source` AS `Source`, `t`.`image_title` AS `ImageTitle`, `t`.`is_primary` AS `IsPrimary`, `t`.`upload_date` AS `UploadDate`
FROM `tour_images` AS `t`
WHERE `t`.`tour_id` = @__tourId_0
2026-08-05 20:39:33.071 +05:30 [INF] Microsoft.EntityFrameworkCore.Database.Command Executed DbCommand (0ms) [Parameters=[@__tourId_0='?' (DbType = Int32)], CommandType='"Text"', CommandTimeout='30']
SELECT CAST(`r`.`rating` AS double)
FROM `review` AS `r`
WHERE (`r`.`tour_id` = @__tourId_0) AND `r`.`rating` IS NOT NULL
2026-08-05 20:39:33.073 +05:30 [INF] Microsoft.EntityFrameworkCore.Database.Command Executed DbCommand (0ms) [Parameters=[@__tourId_0='?' (DbType = Int32)], CommandType='"Text"', CommandTimeout='30']
SELECT `t`.`tour_id`, `t`.`add_ons`, `t`.`category_id`, `t`.`days`, `t`.`description`, `t`.`destination`, `t`.`do_and_dont`, `t`.`location`, `t`.`nights`, `t`.`passport_and_visa`, `t`.`price`, `t`.`stay_and_meals`, `t`.`subcat_id`, `t`.`tour_name`, `t`.`tour_type`, `t`.`weather`, `c`.`category_id`, `c`.`cat_code`, `c`.`cat_image_path`, `c`.`category_name`, `c`.`description`, `c`.`flag`, `c`.`parent_id`, `c`.`status`, `c`.`suitable_for`, `s`.`subcat_id`, `s`.`cat_id`, `s`.`flag`, `s`.`isactive`, `s`.`subcat_image_path`, `s`.`subcat_name`
FROM `tour` AS `t`
LEFT JOIN `category` AS `c` ON `t`.`category_id` = `c`.`category_id`
LEFT JOIN `sub_category_master` AS `s` ON `t`.`subcat_id` = `s`.`subcat_id`
WHERE `t`.`tour_id` = @__tourId_0
LIMIT 1
2026-08-05 20:39:33.077 +05:30 [INF] Microsoft.EntityFrameworkCore.Database.Command Executed DbCommand (1ms) [Parameters=[@__tourId_0='?' (DbType = Int32)], CommandType='"Text"', CommandTimeout='30']
SELECT `i`.`itinerary_id` AS `ItineraryId`, `i`.`day_number` AS `DayNumber`, `i`.`description` AS `Description`, `i`.`location` AS `Location`
FROM `itinerary` AS `i`
WHERE `i`.`tour_id` = @__tourId_0
ORDER BY `i`.`day_number`
2026-08-05 20:39:33.080 +05:30 [INF] Microsoft.EntityFrameworkCore.Database.Command Executed DbCommand (0ms) [Parameters=[@__tourId_0='?' (DbType = Int32), @__today_1='?' (DbType = Date)], CommandType='"Text"', CommandTimeout='30']
SELECT `s`.`schedule_id` AS `ScheduleId`, `s`.`start_date` AS `StartDate`, `s`.`available_seats` AS `AvailableSeats`, `s`.`total_seats` AS `TotalSeats`, `s`.`status` AS `Status`
FROM `schedule` AS `s`
WHERE ((`s`.`tour_id` = @__tourId_0) AND `s`.`start_date` IS NOT NULL) AND (`s`.`start_date` >= @__today_1)
ORDER BY `s`.`start_date`
2026-08-05 20:39:33.082 +05:30 [INF] Microsoft.EntityFrameworkCore.Database.Command Executed DbCommand (0ms) [Parameters=[@__tourId_0='?' (DbType = Int32)], CommandType='"Text"', CommandTimeout='30']
SELECT `c`.`cost_id` AS `CostId`, `c`.`adult_price` AS `AdultPrice`, `c`.`single_person_price` AS `SinglePersonPrice`, `c`.`extra_person_price` AS `ExtraPersonPrice`, `c`.`child_with_bed_price` AS `ChildWithBedPrice`, `c`.`child_without_bed_price` AS `ChildWithoutBedPrice`, `c`.`valid_from` AS `ValidFrom`, `c`.`valid_to` AS `ValidTo`, `c`.`is_active` AS `IsActive`
FROM `cost` AS `c`
WHERE `c`.`tour_id` = @__tourId_0
2026-08-05 20:39:33.085 +05:30 [INF] Microsoft.EntityFrameworkCore.Database.Command Executed DbCommand (0ms) [Parameters=[@__tourId_0='?' (DbType = Int32)], CommandType='"Text"', CommandTimeout='30']
SELECT `t`.`image_id` AS `ImageId`, `t`.`source` AS `Source`, `t`.`image_title` AS `ImageTitle`, `t`.`is_primary` AS `IsPrimary`, `t`.`upload_date` AS `UploadDate`
FROM `tour_images` AS `t`
WHERE `t`.`tour_id` = @__tourId_0
2026-08-05 20:39:33.087 +05:30 [INF] Microsoft.EntityFrameworkCore.Database.Command Executed DbCommand (0ms) [Parameters=[@__tourId_0='?' (DbType = Int32)], CommandType='"Text"', CommandTimeout='30']
SELECT CAST(`r`.`rating` AS double)
FROM `review` AS `r`
WHERE (`r`.`tour_id` = @__tourId_0) AND `r`.`rating` IS NOT NULL
2026-08-05 20:39:33.089 +05:30 [INF] Microsoft.EntityFrameworkCore.Database.Command Executed DbCommand (1ms) [Parameters=[@__tourId_0='?' (DbType = Int32)], CommandType='"Text"', CommandTimeout='30']
SELECT `t`.`tour_id`, `t`.`add_ons`, `t`.`category_id`, `t`.`days`, `t`.`description`, `t`.`destination`, `t`.`do_and_dont`, `t`.`location`, `t`.`nights`, `t`.`passport_and_visa`, `t`.`price`, `t`.`stay_and_meals`, `t`.`subcat_id`, `t`.`tour_name`, `t`.`tour_type`, `t`.`weather`, `c`.`category_id`, `c`.`cat_code`, `c`.`cat_image_path`, `c`.`category_name`, `c`.`description`, `c`.`flag`, `c`.`parent_id`, `c`.`status`, `c`.`suitable_for`, `s`.`subcat_id`, `s`.`cat_id`, `s`.`flag`, `s`.`isactive`, `s`.`subcat_image_path`, `s`.`subcat_name`
FROM `tour` AS `t`
LEFT JOIN `category` AS `c` ON `t`.`category_id` = `c`.`category_id`
LEFT JOIN `sub_category_master` AS `s` ON `t`.`subcat_id` = `s`.`subcat_id`
WHERE `t`.`tour_id` = @__tourId_0
LIMIT 1
2026-08-05 20:39:33.092 +05:30 [INF] Microsoft.EntityFrameworkCore.Database.Command Executed DbCommand (0ms) [Parameters=[@__tourId_0='?' (DbType = Int32)], CommandType='"Text"', CommandTimeout='30']
SELECT `i`.`itinerary_id` AS `ItineraryId`, `i`.`day_number` AS `DayNumber`, `i`.`description` AS `Description`, `i`.`location` AS `Location`
FROM `itinerary` AS `i`
WHERE `i`.`tour_id` = @__tourId_0
ORDER BY `i`.`day_number`
2026-08-05 20:39:33.094 +05:30 [INF] Microsoft.EntityFrameworkCore.Database.Command Executed DbCommand (0ms) [Parameters=[@__tourId_0='?' (DbType = Int32), @__today_1='?' (DbType = Date)], CommandType='"Text"', CommandTimeout='30']
SELECT `s`.`schedule_id` AS `ScheduleId`, `s`.`start_date` AS `StartDate`, `s`.`available_seats` AS `AvailableSeats`, `s`.`total_seats` AS `TotalSeats`, `s`.`status` AS `Status`
FROM `schedule` AS `s`
WHERE ((`s`.`tour_id` = @__tourId_0) AND `s`.`start_date` IS NOT NULL) AND (`s`.`start_date` >= @__today_1)
ORDER BY `s`.`start_date`
2026-08-05 20:39:33.097 +05:30 [INF] Microsoft.EntityFrameworkCore.Database.Command Executed DbCommand (0ms) [Parameters=[@__tourId_0='?' (DbType = Int32)], CommandType='"Text"', CommandTimeout='30']
SELECT `c`.`cost_id` AS `CostId`, `c`.`adult_price` AS `AdultPrice`, `c`.`single_person_price` AS `SinglePersonPrice`, `c`.`extra_person_price` AS `ExtraPersonPrice`, `c`.`child_with_bed_price` AS `ChildWithBedPrice`, `c`.`child_without_bed_price` AS `ChildWithoutBedPrice`, `c`.`valid_from` AS `ValidFrom`, `c`.`valid_to` AS `ValidTo`, `c`.`is_active` AS `IsActive`
FROM `cost` AS `c`
WHERE `c`.`tour_id` = @__tourId_0
2026-08-05 20:39:33.099 +05:30 [INF] Microsoft.EntityFrameworkCore.Database.Command Executed DbCommand (0ms) [Parameters=[@__tourId_0='?' (DbType = Int32)], CommandType='"Text"', CommandTimeout='30']
SELECT `t`.`image_id` AS `ImageId`, `t`.`source` AS `Source`, `t`.`image_title` AS `ImageTitle`, `t`.`is_primary` AS `IsPrimary`, `t`.`upload_date` AS `UploadDate`
FROM `tour_images` AS `t`
WHERE `t`.`tour_id` = @__tourId_0
2026-08-05 20:39:33.101 +05:30 [INF] Microsoft.EntityFrameworkCore.Database.Command Executed DbCommand (0ms) [Parameters=[@__tourId_0='?' (DbType = Int32)], CommandType='"Text"', CommandTimeout='30']
SELECT CAST(`r`.`rating` AS double)
FROM `review` AS `r`
WHERE (`r`.`tour_id` = @__tourId_0) AND `r`.`rating` IS NOT NULL
2026-08-05 20:39:33.104 +05:30 [INF] Microsoft.EntityFrameworkCore.Database.Command Executed DbCommand (0ms) [Parameters=[@__tourId_0='?' (DbType = Int32)], CommandType='"Text"', CommandTimeout='30']
SELECT `t`.`tour_id`, `t`.`add_ons`, `t`.`category_id`, `t`.`days`, `t`.`description`, `t`.`destination`, `t`.`do_and_dont`, `t`.`location`, `t`.`nights`, `t`.`passport_and_visa`, `t`.`price`, `t`.`stay_and_meals`, `t`.`subcat_id`, `t`.`tour_name`, `t`.`tour_type`, `t`.`weather`, `c`.`category_id`, `c`.`cat_code`, `c`.`cat_image_path`, `c`.`category_name`, `c`.`description`, `c`.`flag`, `c`.`parent_id`, `c`.`status`, `c`.`suitable_for`, `s`.`subcat_id`, `s`.`cat_id`, `s`.`flag`, `s`.`isactive`, `s`.`subcat_image_path`, `s`.`subcat_name`
FROM `tour` AS `t`
LEFT JOIN `category` AS `c` ON `t`.`category_id` = `c`.`category_id`
LEFT JOIN `sub_category_master` AS `s` ON `t`.`subcat_id` = `s`.`subcat_id`
WHERE `t`.`tour_id` = @__tourId_0
LIMIT 1
2026-08-05 20:39:33.106 +05:30 [INF] Microsoft.EntityFrameworkCore.Database.Command Executed DbCommand (0ms) [Parameters=[@__tourId_0='?' (DbType = Int32)], CommandType='"Text"', CommandTimeout='30']
SELECT `i`.`itinerary_id` AS `ItineraryId`, `i`.`day_number` AS `DayNumber`, `i`.`description` AS `Description`, `i`.`location` AS `Location`
FROM `itinerary` AS `i`
WHERE `i`.`tour_id` = @__tourId_0
ORDER BY `i`.`day_number`
2026-08-05 20:39:33.108 +05:30 [INF] Microsoft.EntityFrameworkCore.Database.Command Executed DbCommand (0ms) [Parameters=[@__tourId_0='?' (DbType = Int32), @__today_1='?' (DbType = Date)], CommandType='"Text"', CommandTimeout='30']
SELECT `s`.`schedule_id` AS `ScheduleId`, `s`.`start_date` AS `StartDate`, `s`.`available_seats` AS `AvailableSeats`, `s`.`total_seats` AS `TotalSeats`, `s`.`status` AS `Status`
FROM `schedule` AS `s`
WHERE ((`s`.`tour_id` = @__tourId_0) AND `s`.`start_date` IS NOT NULL) AND (`s`.`start_date` >= @__today_1)
ORDER BY `s`.`start_date`
2026-08-05 20:39:33.111 +05:30 [INF] Microsoft.EntityFrameworkCore.Database.Command Executed DbCommand (0ms) [Parameters=[@__tourId_0='?' (DbType = Int32)], CommandType='"Text"', CommandTimeout='30']
SELECT `c`.`cost_id` AS `CostId`, `c`.`adult_price` AS `AdultPrice`, `c`.`single_person_price` AS `SinglePersonPrice`, `c`.`extra_person_price` AS `ExtraPersonPrice`, `c`.`child_with_bed_price` AS `ChildWithBedPrice`, `c`.`child_without_bed_price` AS `ChildWithoutBedPrice`, `c`.`valid_from` AS `ValidFrom`, `c`.`valid_to` AS `ValidTo`, `c`.`is_active` AS `IsActive`
FROM `cost` AS `c`
WHERE `c`.`tour_id` = @__tourId_0
2026-08-05 20:39:33.113 +05:30 [INF] Microsoft.EntityFrameworkCore.Database.Command Executed DbCommand (0ms) [Parameters=[@__tourId_0='?' (DbType = Int32)], CommandType='"Text"', CommandTimeout='30']
SELECT `t`.`image_id` AS `ImageId`, `t`.`source` AS `Source`, `t`.`image_title` AS `ImageTitle`, `t`.`is_primary` AS `IsPrimary`, `t`.`upload_date` AS `UploadDate`
FROM `tour_images` AS `t`
WHERE `t`.`tour_id` = @__tourId_0
2026-08-05 20:39:33.115 +05:30 [INF] Microsoft.EntityFrameworkCore.Database.Command Executed DbCommand (0ms) [Parameters=[@__tourId_0='?' (DbType = Int32)], CommandType='"Text"', CommandTimeout='30']
SELECT CAST(`r`.`rating` AS double)
FROM `review` AS `r`
WHERE (`r`.`tour_id` = @__tourId_0) AND `r`.`rating` IS NOT NULL
2026-08-05 20:39:33.118 +05:30 [INF] Microsoft.EntityFrameworkCore.Database.Command Executed DbCommand (1ms) [Parameters=[@__tourId_0='?' (DbType = Int32)], CommandType='"Text"', CommandTimeout='30']
SELECT `t`.`tour_id`, `t`.`add_ons`, `t`.`category_id`, `t`.`days`, `t`.`description`, `t`.`destination`, `t`.`do_and_dont`, `t`.`location`, `t`.`nights`, `t`.`passport_and_visa`, `t`.`price`, `t`.`stay_and_meals`, `t`.`subcat_id`, `t`.`tour_name`, `t`.`tour_type`, `t`.`weather`, `c`.`category_id`, `c`.`cat_code`, `c`.`cat_image_path`, `c`.`category_name`, `c`.`description`, `c`.`flag`, `c`.`parent_id`, `c`.`status`, `c`.`suitable_for`, `s`.`subcat_id`, `s`.`cat_id`, `s`.`flag`, `s`.`isactive`, `s`.`subcat_image_path`, `s`.`subcat_name`
FROM `tour` AS `t`
LEFT JOIN `category` AS `c` ON `t`.`category_id` = `c`.`category_id`
LEFT JOIN `sub_category_master` AS `s` ON `t`.`subcat_id` = `s`.`subcat_id`
WHERE `t`.`tour_id` = @__tourId_0
LIMIT 1
2026-08-05 20:39:33.121 +05:30 [INF] Microsoft.EntityFrameworkCore.Database.Command Executed DbCommand (0ms) [Parameters=[@__tourId_0='?' (DbType = Int32)], CommandType='"Text"', CommandTimeout='30']
SELECT `i`.`itinerary_id` AS `ItineraryId`, `i`.`day_number` AS `DayNumber`, `i`.`description` AS `Description`, `i`.`location` AS `Location`
FROM `itinerary` AS `i`
WHERE `i`.`tour_id` = @__tourId_0
ORDER BY `i`.`day_number`
2026-08-05 20:39:33.123 +05:30 [INF] Microsoft.EntityFrameworkCore.Database.Command Executed DbCommand (1ms) [Parameters=[@__tourId_0='?' (DbType = Int32), @__today_1='?' (DbType = Date)], CommandType='"Text"', CommandTimeout='30']
SELECT `s`.`schedule_id` AS `ScheduleId`, `s`.`start_date` AS `StartDate`, `s`.`available_seats` AS `AvailableSeats`, `s`.`total_seats` AS `TotalSeats`, `s`.`status` AS `Status`
FROM `schedule` AS `s`
WHERE ((`s`.`tour_id` = @__tourId_0) AND `s`.`start_date` IS NOT NULL) AND (`s`.`start_date` >= @__today_1)
ORDER BY `s`.`start_date`
2026-08-05 20:39:33.126 +05:30 [INF] Microsoft.EntityFrameworkCore.Database.Command Executed DbCommand (0ms) [Parameters=[@__tourId_0='?' (DbType = Int32)], CommandType='"Text"', CommandTimeout='30']
SELECT `c`.`cost_id` AS `CostId`, `c`.`adult_price` AS `AdultPrice`, `c`.`single_person_price` AS `SinglePersonPrice`, `c`.`extra_person_price` AS `ExtraPersonPrice`, `c`.`child_with_bed_price` AS `ChildWithBedPrice`, `c`.`child_without_bed_price` AS `ChildWithoutBedPrice`, `c`.`valid_from` AS `ValidFrom`, `c`.`valid_to` AS `ValidTo`, `c`.`is_active` AS `IsActive`
FROM `cost` AS `c`
WHERE `c`.`tour_id` = @__tourId_0
2026-08-05 20:39:33.129 +05:30 [INF] Microsoft.EntityFrameworkCore.Database.Command Executed DbCommand (0ms) [Parameters=[@__tourId_0='?' (DbType = Int32)], CommandType='"Text"', CommandTimeout='30']
SELECT `t`.`image_id` AS `ImageId`, `t`.`source` AS `Source`, `t`.`image_title` AS `ImageTitle`, `t`.`is_primary` AS `IsPrimary`, `t`.`upload_date` AS `UploadDate`
FROM `tour_images` AS `t`
WHERE `t`.`tour_id` = @__tourId_0
2026-08-05 20:39:33.131 +05:30 [INF] Microsoft.EntityFrameworkCore.Database.Command Executed DbCommand (1ms) [Parameters=[@__tourId_0='?' (DbType = Int32)], CommandType='"Text"', CommandTimeout='30']
SELECT CAST(`r`.`rating` AS double)
FROM `review` AS `r`
WHERE (`r`.`tour_id` = @__tourId_0) AND `r`.`rating` IS NOT NULL
2026-08-05 20:39:33.134 +05:30 [INF] Microsoft.EntityFrameworkCore.Database.Command Executed DbCommand (1ms) [Parameters=[@__tourId_0='?' (DbType = Int32)], CommandType='"Text"', CommandTimeout='30']
SELECT `t`.`tour_id`, `t`.`add_ons`, `t`.`category_id`, `t`.`days`, `t`.`description`, `t`.`destination`, `t`.`do_and_dont`, `t`.`location`, `t`.`nights`, `t`.`passport_and_visa`, `t`.`price`, `t`.`stay_and_meals`, `t`.`subcat_id`, `t`.`tour_name`, `t`.`tour_type`, `t`.`weather`, `c`.`category_id`, `c`.`cat_code`, `c`.`cat_image_path`, `c`.`category_name`, `c`.`description`, `c`.`flag`, `c`.`parent_id`, `c`.`status`, `c`.`suitable_for`, `s`.`subcat_id`, `s`.`cat_id`, `s`.`flag`, `s`.`isactive`, `s`.`subcat_image_path`, `s`.`subcat_name`
FROM `tour` AS `t`
LEFT JOIN `category` AS `c` ON `t`.`category_id` = `c`.`category_id`
LEFT JOIN `sub_category_master` AS `s` ON `t`.`subcat_id` = `s`.`subcat_id`
WHERE `t`.`tour_id` = @__tourId_0
LIMIT 1
2026-08-05 20:39:33.136 +05:30 [INF] Microsoft.EntityFrameworkCore.Database.Command Executed DbCommand (0ms) [Parameters=[@__tourId_0='?' (DbType = Int32)], CommandType='"Text"', CommandTimeout='30']
SELECT `i`.`itinerary_id` AS `ItineraryId`, `i`.`day_number` AS `DayNumber`, `i`.`description` AS `Description`, `i`.`location` AS `Location`
FROM `itinerary` AS `i`
WHERE `i`.`tour_id` = @__tourId_0
ORDER BY `i`.`day_number`
2026-08-05 20:39:33.138 +05:30 [INF] Microsoft.EntityFrameworkCore.Database.Command Executed DbCommand (0ms) [Parameters=[@__tourId_0='?' (DbType = Int32), @__today_1='?' (DbType = Date)], CommandType='"Text"', CommandTimeout='30']
SELECT `s`.`schedule_id` AS `ScheduleId`, `s`.`start_date` AS `StartDate`, `s`.`available_seats` AS `AvailableSeats`, `s`.`total_seats` AS `TotalSeats`, `s`.`status` AS `Status`
FROM `schedule` AS `s`
WHERE ((`s`.`tour_id` = @__tourId_0) AND `s`.`start_date` IS NOT NULL) AND (`s`.`start_date` >= @__today_1)
ORDER BY `s`.`start_date`
2026-08-05 20:39:33.140 +05:30 [INF] Microsoft.EntityFrameworkCore.Database.Command Executed DbCommand (0ms) [Parameters=[@__tourId_0='?' (DbType = Int32)], CommandType='"Text"', CommandTimeout='30']
SELECT `c`.`cost_id` AS `CostId`, `c`.`adult_price` AS `AdultPrice`, `c`.`single_person_price` AS `SinglePersonPrice`, `c`.`extra_person_price` AS `ExtraPersonPrice`, `c`.`child_with_bed_price` AS `ChildWithBedPrice`, `c`.`child_without_bed_price` AS `ChildWithoutBedPrice`, `c`.`valid_from` AS `ValidFrom`, `c`.`valid_to` AS `ValidTo`, `c`.`is_active` AS `IsActive`
FROM `cost` AS `c`
WHERE `c`.`tour_id` = @__tourId_0
2026-08-05 20:39:33.142 +05:30 [INF] Microsoft.EntityFrameworkCore.Database.Command Executed DbCommand (0ms) [Parameters=[@__tourId_0='?' (DbType = Int32)], CommandType='"Text"', CommandTimeout='30']
SELECT `t`.`image_id` AS `ImageId`, `t`.`source` AS `Source`, `t`.`image_title` AS `ImageTitle`, `t`.`is_primary` AS `IsPrimary`, `t`.`upload_date` AS `UploadDate`
FROM `tour_images` AS `t`
WHERE `t`.`tour_id` = @__tourId_0
2026-08-05 20:39:33.144 +05:30 [INF] Microsoft.EntityFrameworkCore.Database.Command Executed DbCommand (0ms) [Parameters=[@__tourId_0='?' (DbType = Int32)], CommandType='"Text"', CommandTimeout='30']
SELECT CAST(`r`.`rating` AS double)
FROM `review` AS `r`
WHERE (`r`.`tour_id` = @__tourId_0) AND `r`.`rating` IS NOT NULL
2026-08-05 20:39:33.146 +05:30 [INF] Microsoft.EntityFrameworkCore.Database.Command Executed DbCommand (0ms) [Parameters=[@__tourId_0='?' (DbType = Int32)], CommandType='"Text"', CommandTimeout='30']
SELECT `t`.`tour_id`, `t`.`add_ons`, `t`.`category_id`, `t`.`days`, `t`.`description`, `t`.`destination`, `t`.`do_and_dont`, `t`.`location`, `t`.`nights`, `t`.`passport_and_visa`, `t`.`price`, `t`.`stay_and_meals`, `t`.`subcat_id`, `t`.`tour_name`, `t`.`tour_type`, `t`.`weather`, `c`.`category_id`, `c`.`cat_code`, `c`.`cat_image_path`, `c`.`category_name`, `c`.`description`, `c`.`flag`, `c`.`parent_id`, `c`.`status`, `c`.`suitable_for`, `s`.`subcat_id`, `s`.`cat_id`, `s`.`flag`, `s`.`isactive`, `s`.`subcat_image_path`, `s`.`subcat_name`
FROM `tour` AS `t`
LEFT JOIN `category` AS `c` ON `t`.`category_id` = `c`.`category_id`
LEFT JOIN `sub_category_master` AS `s` ON `t`.`subcat_id` = `s`.`subcat_id`
WHERE `t`.`tour_id` = @__tourId_0
LIMIT 1
2026-08-05 20:39:33.148 +05:30 [INF] Microsoft.EntityFrameworkCore.Database.Command Executed DbCommand (0ms) [Parameters=[@__tourId_0='?' (DbType = Int32)], CommandType='"Text"', CommandTimeout='30']
SELECT `i`.`itinerary_id` AS `ItineraryId`, `i`.`day_number` AS `DayNumber`, `i`.`description` AS `Description`, `i`.`location` AS `Location`
FROM `itinerary` AS `i`
WHERE `i`.`tour_id` = @__tourId_0
ORDER BY `i`.`day_number`
2026-08-05 20:39:33.150 +05:30 [INF] Microsoft.EntityFrameworkCore.Database.Command Executed DbCommand (0ms) [Parameters=[@__tourId_0='?' (DbType = Int32), @__today_1='?' (DbType = Date)], CommandType='"Text"', CommandTimeout='30']
SELECT `s`.`schedule_id` AS `ScheduleId`, `s`.`start_date` AS `StartDate`, `s`.`available_seats` AS `AvailableSeats`, `s`.`total_seats` AS `TotalSeats`, `s`.`status` AS `Status`
FROM `schedule` AS `s`
WHERE ((`s`.`tour_id` = @__tourId_0) AND `s`.`start_date` IS NOT NULL) AND (`s`.`start_date` >= @__today_1)
ORDER BY `s`.`start_date`
2026-08-05 20:39:33.152 +05:30 [INF] Microsoft.EntityFrameworkCore.Database.Command Executed DbCommand (0ms) [Parameters=[@__tourId_0='?' (DbType = Int32)], CommandType='"Text"', CommandTimeout='30']
SELECT `c`.`cost_id` AS `CostId`, `c`.`adult_price` AS `AdultPrice`, `c`.`single_person_price` AS `SinglePersonPrice`, `c`.`extra_person_price` AS `ExtraPersonPrice`, `c`.`child_with_bed_price` AS `ChildWithBedPrice`, `c`.`child_without_bed_price` AS `ChildWithoutBedPrice`, `c`.`valid_from` AS `ValidFrom`, `c`.`valid_to` AS `ValidTo`, `c`.`is_active` AS `IsActive`
FROM `cost` AS `c`
WHERE `c`.`tour_id` = @__tourId_0
2026-08-05 20:39:33.154 +05:30 [INF] Microsoft.EntityFrameworkCore.Database.Command Executed DbCommand (0ms) [Parameters=[@__tourId_0='?' (DbType = Int32)], CommandType='"Text"', CommandTimeout='30']
SELECT `t`.`image_id` AS `ImageId`, `t`.`source` AS `Source`, `t`.`image_title` AS `ImageTitle`, `t`.`is_primary` AS `IsPrimary`, `t`.`upload_date` AS `UploadDate`
FROM `tour_images` AS `t`
WHERE `t`.`tour_id` = @__tourId_0
2026-08-05 20:39:33.156 +05:30 [INF] Microsoft.EntityFrameworkCore.Database.Command Executed DbCommand (0ms) [Parameters=[@__tourId_0='?' (DbType = Int32)], CommandType='"Text"', CommandTimeout='30']
SELECT CAST(`r`.`rating` AS double)
FROM `review` AS `r`
WHERE (`r`.`tour_id` = @__tourId_0) AND `r`.`rating` IS NOT NULL
2026-08-05 20:39:33.158 +05:30 [INF] Microsoft.EntityFrameworkCore.Database.Command Executed DbCommand (0ms) [Parameters=[@__tourId_0='?' (DbType = Int32)], CommandType='"Text"', CommandTimeout='30']
SELECT `t`.`tour_id`, `t`.`add_ons`, `t`.`category_id`, `t`.`days`, `t`.`description`, `t`.`destination`, `t`.`do_and_dont`, `t`.`location`, `t`.`nights`, `t`.`passport_and_visa`, `t`.`price`, `t`.`stay_and_meals`, `t`.`subcat_id`, `t`.`tour_name`, `t`.`tour_type`, `t`.`weather`, `c`.`category_id`, `c`.`cat_code`, `c`.`cat_image_path`, `c`.`category_name`, `c`.`description`, `c`.`flag`, `c`.`parent_id`, `c`.`status`, `c`.`suitable_for`, `s`.`subcat_id`, `s`.`cat_id`, `s`.`flag`, `s`.`isactive`, `s`.`subcat_image_path`, `s`.`subcat_name`
FROM `tour` AS `t`
LEFT JOIN `category` AS `c` ON `t`.`category_id` = `c`.`category_id`
LEFT JOIN `sub_category_master` AS `s` ON `t`.`subcat_id` = `s`.`subcat_id`
WHERE `t`.`tour_id` = @__tourId_0
LIMIT 1
2026-08-05 20:39:33.160 +05:30 [INF] Microsoft.EntityFrameworkCore.Database.Command Executed DbCommand (0ms) [Parameters=[@__tourId_0='?' (DbType = Int32)], CommandType='"Text"', CommandTimeout='30']
SELECT `i`.`itinerary_id` AS `ItineraryId`, `i`.`day_number` AS `DayNumber`, `i`.`description` AS `Description`, `i`.`location` AS `Location`
FROM `itinerary` AS `i`
WHERE `i`.`tour_id` = @__tourId_0
ORDER BY `i`.`day_number`
2026-08-05 20:39:33.162 +05:30 [INF] Microsoft.EntityFrameworkCore.Database.Command Executed DbCommand (0ms) [Parameters=[@__tourId_0='?' (DbType = Int32), @__today_1='?' (DbType = Date)], CommandType='"Text"', CommandTimeout='30']
SELECT `s`.`schedule_id` AS `ScheduleId`, `s`.`start_date` AS `StartDate`, `s`.`available_seats` AS `AvailableSeats`, `s`.`total_seats` AS `TotalSeats`, `s`.`status` AS `Status`
FROM `schedule` AS `s`
WHERE ((`s`.`tour_id` = @__tourId_0) AND `s`.`start_date` IS NOT NULL) AND (`s`.`start_date` >= @__today_1)
ORDER BY `s`.`start_date`
2026-08-05 20:39:33.163 +05:30 [INF] Microsoft.EntityFrameworkCore.Database.Command Executed DbCommand (0ms) [Parameters=[@__tourId_0='?' (DbType = Int32)], CommandType='"Text"', CommandTimeout='30']
SELECT `c`.`cost_id` AS `CostId`, `c`.`adult_price` AS `AdultPrice`, `c`.`single_person_price` AS `SinglePersonPrice`, `c`.`extra_person_price` AS `ExtraPersonPrice`, `c`.`child_with_bed_price` AS `ChildWithBedPrice`, `c`.`child_without_bed_price` AS `ChildWithoutBedPrice`, `c`.`valid_from` AS `ValidFrom`, `c`.`valid_to` AS `ValidTo`, `c`.`is_active` AS `IsActive`
FROM `cost` AS `c`
WHERE `c`.`tour_id` = @__tourId_0
2026-08-05 20:39:33.165 +05:30 [INF] Microsoft.EntityFrameworkCore.Database.Command Executed DbCommand (0ms) [Parameters=[@__tourId_0='?' (DbType = Int32)], CommandType='"Text"', CommandTimeout='30']
SELECT `t`.`image_id` AS `ImageId`, `t`.`source` AS `Source`, `t`.`image_title` AS `ImageTitle`, `t`.`is_primary` AS `IsPrimary`, `t`.`upload_date` AS `UploadDate`
FROM `tour_images` AS `t`
WHERE `t`.`tour_id` = @__tourId_0
2026-08-05 20:39:33.167 +05:30 [INF] Microsoft.EntityFrameworkCore.Database.Command Executed DbCommand (0ms) [Parameters=[@__tourId_0='?' (DbType = Int32)], CommandType='"Text"', CommandTimeout='30']
SELECT CAST(`r`.`rating` AS double)
FROM `review` AS `r`
WHERE (`r`.`tour_id` = @__tourId_0) AND `r`.`rating` IS NOT NULL
2026-08-05 20:39:33.170 +05:30 [INF] Microsoft.EntityFrameworkCore.Database.Command Executed DbCommand (1ms) [Parameters=[@__tourId_0='?' (DbType = Int32)], CommandType='"Text"', CommandTimeout='30']
SELECT `t`.`tour_id`, `t`.`add_ons`, `t`.`category_id`, `t`.`days`, `t`.`description`, `t`.`destination`, `t`.`do_and_dont`, `t`.`location`, `t`.`nights`, `t`.`passport_and_visa`, `t`.`price`, `t`.`stay_and_meals`, `t`.`subcat_id`, `t`.`tour_name`, `t`.`tour_type`, `t`.`weather`, `c`.`category_id`, `c`.`cat_code`, `c`.`cat_image_path`, `c`.`category_name`, `c`.`description`, `c`.`flag`, `c`.`parent_id`, `c`.`status`, `c`.`suitable_for`, `s`.`subcat_id`, `s`.`cat_id`, `s`.`flag`, `s`.`isactive`, `s`.`subcat_image_path`, `s`.`subcat_name`
FROM `tour` AS `t`
LEFT JOIN `category` AS `c` ON `t`.`category_id` = `c`.`category_id`
LEFT JOIN `sub_category_master` AS `s` ON `t`.`subcat_id` = `s`.`subcat_id`
WHERE `t`.`tour_id` = @__tourId_0
LIMIT 1
2026-08-05 20:39:33.171 +05:30 [INF] Microsoft.EntityFrameworkCore.Database.Command Executed DbCommand (0ms) [Parameters=[@__tourId_0='?' (DbType = Int32)], CommandType='"Text"', CommandTimeout='30']
SELECT `i`.`itinerary_id` AS `ItineraryId`, `i`.`day_number` AS `DayNumber`, `i`.`description` AS `Description`, `i`.`location` AS `Location`
FROM `itinerary` AS `i`
WHERE `i`.`tour_id` = @__tourId_0
ORDER BY `i`.`day_number`
2026-08-05 20:39:33.174 +05:30 [INF] Microsoft.EntityFrameworkCore.Database.Command Executed DbCommand (0ms) [Parameters=[@__tourId_0='?' (DbType = Int32), @__today_1='?' (DbType = Date)], CommandType='"Text"', CommandTimeout='30']
SELECT `s`.`schedule_id` AS `ScheduleId`, `s`.`start_date` AS `StartDate`, `s`.`available_seats` AS `AvailableSeats`, `s`.`total_seats` AS `TotalSeats`, `s`.`status` AS `Status`
FROM `schedule` AS `s`
WHERE ((`s`.`tour_id` = @__tourId_0) AND `s`.`start_date` IS NOT NULL) AND (`s`.`start_date` >= @__today_1)
ORDER BY `s`.`start_date`
2026-08-05 20:39:33.175 +05:30 [INF] Microsoft.EntityFrameworkCore.Database.Command Executed DbCommand (0ms) [Parameters=[@__tourId_0='?' (DbType = Int32)], CommandType='"Text"', CommandTimeout='30']
SELECT `c`.`cost_id` AS `CostId`, `c`.`adult_price` AS `AdultPrice`, `c`.`single_person_price` AS `SinglePersonPrice`, `c`.`extra_person_price` AS `ExtraPersonPrice`, `c`.`child_with_bed_price` AS `ChildWithBedPrice`, `c`.`child_without_bed_price` AS `ChildWithoutBedPrice`, `c`.`valid_from` AS `ValidFrom`, `c`.`valid_to` AS `ValidTo`, `c`.`is_active` AS `IsActive`
FROM `cost` AS `c`
WHERE `c`.`tour_id` = @__tourId_0
2026-08-05 20:39:33.177 +05:30 [INF] Microsoft.EntityFrameworkCore.Database.Command Executed DbCommand (0ms) [Parameters=[@__tourId_0='?' (DbType = Int32)], CommandType='"Text"', CommandTimeout='30']
SELECT `t`.`image_id` AS `ImageId`, `t`.`source` AS `Source`, `t`.`image_title` AS `ImageTitle`, `t`.`is_primary` AS `IsPrimary`, `t`.`upload_date` AS `UploadDate`
FROM `tour_images` AS `t`
WHERE `t`.`tour_id` = @__tourId_0
2026-08-05 20:39:33.178 +05:30 [INF] Microsoft.EntityFrameworkCore.Database.Command Executed DbCommand (0ms) [Parameters=[@__tourId_0='?' (DbType = Int32)], CommandType='"Text"', CommandTimeout='30']
SELECT CAST(`r`.`rating` AS double)
FROM `review` AS `r`
WHERE (`r`.`tour_id` = @__tourId_0) AND `r`.`rating` IS NOT NULL
2026-08-05 20:39:33.181 +05:30 [INF] Microsoft.EntityFrameworkCore.Database.Command Executed DbCommand (0ms) [Parameters=[@__tourId_0='?' (DbType = Int32)], CommandType='"Text"', CommandTimeout='30']
SELECT `t`.`tour_id`, `t`.`add_ons`, `t`.`category_id`, `t`.`days`, `t`.`description`, `t`.`destination`, `t`.`do_and_dont`, `t`.`location`, `t`.`nights`, `t`.`passport_and_visa`, `t`.`price`, `t`.`stay_and_meals`, `t`.`subcat_id`, `t`.`tour_name`, `t`.`tour_type`, `t`.`weather`, `c`.`category_id`, `c`.`cat_code`, `c`.`cat_image_path`, `c`.`category_name`, `c`.`description`, `c`.`flag`, `c`.`parent_id`, `c`.`status`, `c`.`suitable_for`, `s`.`subcat_id`, `s`.`cat_id`, `s`.`flag`, `s`.`isactive`, `s`.`subcat_image_path`, `s`.`subcat_name`
FROM `tour` AS `t`
LEFT JOIN `category` AS `c` ON `t`.`category_id` = `c`.`category_id`
LEFT JOIN `sub_category_master` AS `s` ON `t`.`subcat_id` = `s`.`subcat_id`
WHERE `t`.`tour_id` = @__tourId_0
LIMIT 1
2026-08-05 20:39:33.182 +05:30 [INF] Microsoft.EntityFrameworkCore.Database.Command Executed DbCommand (0ms) [Parameters=[@__tourId_0='?' (DbType = Int32)], CommandType='"Text"', CommandTimeout='30']
SELECT `i`.`itinerary_id` AS `ItineraryId`, `i`.`day_number` AS `DayNumber`, `i`.`description` AS `Description`, `i`.`location` AS `Location`
FROM `itinerary` AS `i`
WHERE `i`.`tour_id` = @__tourId_0
ORDER BY `i`.`day_number`
2026-08-05 20:39:33.185 +05:30 [INF] Microsoft.EntityFrameworkCore.Database.Command Executed DbCommand (0ms) [Parameters=[@__tourId_0='?' (DbType = Int32), @__today_1='?' (DbType = Date)], CommandType='"Text"', CommandTimeout='30']
SELECT `s`.`schedule_id` AS `ScheduleId`, `s`.`start_date` AS `StartDate`, `s`.`available_seats` AS `AvailableSeats`, `s`.`total_seats` AS `TotalSeats`, `s`.`status` AS `Status`
FROM `schedule` AS `s`
WHERE ((`s`.`tour_id` = @__tourId_0) AND `s`.`start_date` IS NOT NULL) AND (`s`.`start_date` >= @__today_1)
ORDER BY `s`.`start_date`
2026-08-05 20:39:33.187 +05:30 [INF] Microsoft.EntityFrameworkCore.Database.Command Executed DbCommand (0ms) [Parameters=[@__tourId_0='?' (DbType = Int32)], CommandType='"Text"', CommandTimeout='30']
SELECT `c`.`cost_id` AS `CostId`, `c`.`adult_price` AS `AdultPrice`, `c`.`single_person_price` AS `SinglePersonPrice`, `c`.`extra_person_price` AS `ExtraPersonPrice`, `c`.`child_with_bed_price` AS `ChildWithBedPrice`, `c`.`child_without_bed_price` AS `ChildWithoutBedPrice`, `c`.`valid_from` AS `ValidFrom`, `c`.`valid_to` AS `ValidTo`, `c`.`is_active` AS `IsActive`
FROM `cost` AS `c`
WHERE `c`.`tour_id` = @__tourId_0
2026-08-05 20:39:33.188 +05:30 [INF] Microsoft.EntityFrameworkCore.Database.Command Executed DbCommand (0ms) [Parameters=[@__tourId_0='?' (DbType = Int32)], CommandType='"Text"', CommandTimeout='30']
SELECT `t`.`image_id` AS `ImageId`, `t`.`source` AS `Source`, `t`.`image_title` AS `ImageTitle`, `t`.`is_primary` AS `IsPrimary`, `t`.`upload_date` AS `UploadDate`
FROM `tour_images` AS `t`
WHERE `t`.`tour_id` = @__tourId_0
2026-08-05 20:39:33.190 +05:30 [INF] Microsoft.EntityFrameworkCore.Database.Command Executed DbCommand (0ms) [Parameters=[@__tourId_0='?' (DbType = Int32)], CommandType='"Text"', CommandTimeout='30']
SELECT CAST(`r`.`rating` AS double)
FROM `review` AS `r`
WHERE (`r`.`tour_id` = @__tourId_0) AND `r`.`rating` IS NOT NULL
2026-08-05 20:39:33.192 +05:30 [INF] Microsoft.EntityFrameworkCore.Database.Command Executed DbCommand (0ms) [Parameters=[@__tourId_0='?' (DbType = Int32)], CommandType='"Text"', CommandTimeout='30']
SELECT `t`.`tour_id`, `t`.`add_ons`, `t`.`category_id`, `t`.`days`, `t`.`description`, `t`.`destination`, `t`.`do_and_dont`, `t`.`location`, `t`.`nights`, `t`.`passport_and_visa`, `t`.`price`, `t`.`stay_and_meals`, `t`.`subcat_id`, `t`.`tour_name`, `t`.`tour_type`, `t`.`weather`, `c`.`category_id`, `c`.`cat_code`, `c`.`cat_image_path`, `c`.`category_name`, `c`.`description`, `c`.`flag`, `c`.`parent_id`, `c`.`status`, `c`.`suitable_for`, `s`.`subcat_id`, `s`.`cat_id`, `s`.`flag`, `s`.`isactive`, `s`.`subcat_image_path`, `s`.`subcat_name`
FROM `tour` AS `t`
LEFT JOIN `category` AS `c` ON `t`.`category_id` = `c`.`category_id`
LEFT JOIN `sub_category_master` AS `s` ON `t`.`subcat_id` = `s`.`subcat_id`
WHERE `t`.`tour_id` = @__tourId_0
LIMIT 1
2026-08-05 20:39:33.194 +05:30 [INF] Microsoft.EntityFrameworkCore.Database.Command Executed DbCommand (0ms) [Parameters=[@__tourId_0='?' (DbType = Int32)], CommandType='"Text"', CommandTimeout='30']
SELECT `i`.`itinerary_id` AS `ItineraryId`, `i`.`day_number` AS `DayNumber`, `i`.`description` AS `Description`, `i`.`location` AS `Location`
FROM `itinerary` AS `i`
WHERE `i`.`tour_id` = @__tourId_0
ORDER BY `i`.`day_number`
2026-08-05 20:39:33.196 +05:30 [INF] Microsoft.EntityFrameworkCore.Database.Command Executed DbCommand (0ms) [Parameters=[@__tourId_0='?' (DbType = Int32), @__today_1='?' (DbType = Date)], CommandType='"Text"', CommandTimeout='30']
SELECT `s`.`schedule_id` AS `ScheduleId`, `s`.`start_date` AS `StartDate`, `s`.`available_seats` AS `AvailableSeats`, `s`.`total_seats` AS `TotalSeats`, `s`.`status` AS `Status`
FROM `schedule` AS `s`
WHERE ((`s`.`tour_id` = @__tourId_0) AND `s`.`start_date` IS NOT NULL) AND (`s`.`start_date` >= @__today_1)
ORDER BY `s`.`start_date`
2026-08-05 20:39:33.199 +05:30 [INF] Microsoft.EntityFrameworkCore.Database.Command Executed DbCommand (0ms) [Parameters=[@__tourId_0='?' (DbType = Int32)], CommandType='"Text"', CommandTimeout='30']
SELECT `c`.`cost_id` AS `CostId`, `c`.`adult_price` AS `AdultPrice`, `c`.`single_person_price` AS `SinglePersonPrice`, `c`.`extra_person_price` AS `ExtraPersonPrice`, `c`.`child_with_bed_price` AS `ChildWithBedPrice`, `c`.`child_without_bed_price` AS `ChildWithoutBedPrice`, `c`.`valid_from` AS `ValidFrom`, `c`.`valid_to` AS `ValidTo`, `c`.`is_active` AS `IsActive`
FROM `cost` AS `c`
WHERE `c`.`tour_id` = @__tourId_0
2026-08-05 20:39:33.201 +05:30 [INF] Microsoft.EntityFrameworkCore.Database.Command Executed DbCommand (0ms) [Parameters=[@__tourId_0='?' (DbType = Int32)], CommandType='"Text"', CommandTimeout='30']
SELECT `t`.`image_id` AS `ImageId`, `t`.`source` AS `Source`, `t`.`image_title` AS `ImageTitle`, `t`.`is_primary` AS `IsPrimary`, `t`.`upload_date` AS `UploadDate`
FROM `tour_images` AS `t`
WHERE `t`.`tour_id` = @__tourId_0
2026-08-05 20:39:33.203 +05:30 [INF] Microsoft.EntityFrameworkCore.Database.Command Executed DbCommand (0ms) [Parameters=[@__tourId_0='?' (DbType = Int32)], CommandType='"Text"', CommandTimeout='30']
SELECT CAST(`r`.`rating` AS double)
FROM `review` AS `r`
WHERE (`r`.`tour_id` = @__tourId_0) AND `r`.`rating` IS NOT NULL
2026-08-05 20:39:33.204 +05:30 [INF] Microsoft.EntityFrameworkCore.Database.Command Executed DbCommand (0ms) [Parameters=[@__tourId_0='?' (DbType = Int32)], CommandType='"Text"', CommandTimeout='30']
SELECT `t`.`tour_id`, `t`.`add_ons`, `t`.`category_id`, `t`.`days`, `t`.`description`, `t`.`destination`, `t`.`do_and_dont`, `t`.`location`, `t`.`nights`, `t`.`passport_and_visa`, `t`.`price`, `t`.`stay_and_meals`, `t`.`subcat_id`, `t`.`tour_name`, `t`.`tour_type`, `t`.`weather`, `c`.`category_id`, `c`.`cat_code`, `c`.`cat_image_path`, `c`.`category_name`, `c`.`description`, `c`.`flag`, `c`.`parent_id`, `c`.`status`, `c`.`suitable_for`, `s`.`subcat_id`, `s`.`cat_id`, `s`.`flag`, `s`.`isactive`, `s`.`subcat_image_path`, `s`.`subcat_name`
FROM `tour` AS `t`
LEFT JOIN `category` AS `c` ON `t`.`category_id` = `c`.`category_id`
LEFT JOIN `sub_category_master` AS `s` ON `t`.`subcat_id` = `s`.`subcat_id`
WHERE `t`.`tour_id` = @__tourId_0
LIMIT 1
2026-08-05 20:39:33.206 +05:30 [INF] Microsoft.EntityFrameworkCore.Database.Command Executed DbCommand (0ms) [Parameters=[@__tourId_0='?' (DbType = Int32)], CommandType='"Text"', CommandTimeout='30']
SELECT `i`.`itinerary_id` AS `ItineraryId`, `i`.`day_number` AS `DayNumber`, `i`.`description` AS `Description`, `i`.`location` AS `Location`
FROM `itinerary` AS `i`
WHERE `i`.`tour_id` = @__tourId_0
ORDER BY `i`.`day_number`
2026-08-05 20:39:33.209 +05:30 [INF] Microsoft.EntityFrameworkCore.Database.Command Executed DbCommand (0ms) [Parameters=[@__tourId_0='?' (DbType = Int32), @__today_1='?' (DbType = Date)], CommandType='"Text"', CommandTimeout='30']
SELECT `s`.`schedule_id` AS `ScheduleId`, `s`.`start_date` AS `StartDate`, `s`.`available_seats` AS `AvailableSeats`, `s`.`total_seats` AS `TotalSeats`, `s`.`status` AS `Status`
FROM `schedule` AS `s`
WHERE ((`s`.`tour_id` = @__tourId_0) AND `s`.`start_date` IS NOT NULL) AND (`s`.`start_date` >= @__today_1)
ORDER BY `s`.`start_date`
2026-08-05 20:39:33.210 +05:30 [INF] Microsoft.EntityFrameworkCore.Database.Command Executed DbCommand (0ms) [Parameters=[@__tourId_0='?' (DbType = Int32)], CommandType='"Text"', CommandTimeout='30']
SELECT `c`.`cost_id` AS `CostId`, `c`.`adult_price` AS `AdultPrice`, `c`.`single_person_price` AS `SinglePersonPrice`, `c`.`extra_person_price` AS `ExtraPersonPrice`, `c`.`child_with_bed_price` AS `ChildWithBedPrice`, `c`.`child_without_bed_price` AS `ChildWithoutBedPrice`, `c`.`valid_from` AS `ValidFrom`, `c`.`valid_to` AS `ValidTo`, `c`.`is_active` AS `IsActive`
FROM `cost` AS `c`
WHERE `c`.`tour_id` = @__tourId_0
2026-08-05 20:39:33.212 +05:30 [INF] Microsoft.EntityFrameworkCore.Database.Command Executed DbCommand (0ms) [Parameters=[@__tourId_0='?' (DbType = Int32)], CommandType='"Text"', CommandTimeout='30']
SELECT `t`.`image_id` AS `ImageId`, `t`.`source` AS `Source`, `t`.`image_title` AS `ImageTitle`, `t`.`is_primary` AS `IsPrimary`, `t`.`upload_date` AS `UploadDate`
FROM `tour_images` AS `t`
WHERE `t`.`tour_id` = @__tourId_0
2026-08-05 20:39:33.215 +05:30 [INF] Microsoft.EntityFrameworkCore.Database.Command Executed DbCommand (1ms) [Parameters=[@__tourId_0='?' (DbType = Int32)], CommandType='"Text"', CommandTimeout='30']
SELECT CAST(`r`.`rating` AS double)
FROM `review` AS `r`
WHERE (`r`.`tour_id` = @__tourId_0) AND `r`.`rating` IS NOT NULL
2026-08-05 20:39:33.217 +05:30 [INF] Microsoft.EntityFrameworkCore.Database.Command Executed DbCommand (0ms) [Parameters=[@__tourId_0='?' (DbType = Int32)], CommandType='"Text"', CommandTimeout='30']
SELECT `t`.`tour_id`, `t`.`add_ons`, `t`.`category_id`, `t`.`days`, `t`.`description`, `t`.`destination`, `t`.`do_and_dont`, `t`.`location`, `t`.`nights`, `t`.`passport_and_visa`, `t`.`price`, `t`.`stay_and_meals`, `t`.`subcat_id`, `t`.`tour_name`, `t`.`tour_type`, `t`.`weather`, `c`.`category_id`, `c`.`cat_code`, `c`.`cat_image_path`, `c`.`category_name`, `c`.`description`, `c`.`flag`, `c`.`parent_id`, `c`.`status`, `c`.`suitable_for`, `s`.`subcat_id`, `s`.`cat_id`, `s`.`flag`, `s`.`isactive`, `s`.`subcat_image_path`, `s`.`subcat_name`
FROM `tour` AS `t`
LEFT JOIN `category` AS `c` ON `t`.`category_id` = `c`.`category_id`
LEFT JOIN `sub_category_master` AS `s` ON `t`.`subcat_id` = `s`.`subcat_id`
WHERE `t`.`tour_id` = @__tourId_0
LIMIT 1
2026-08-05 20:39:33.219 +05:30 [INF] Microsoft.EntityFrameworkCore.Database.Command Executed DbCommand (0ms) [Parameters=[@__tourId_0='?' (DbType = Int32)], CommandType='"Text"', CommandTimeout='30']
SELECT `i`.`itinerary_id` AS `ItineraryId`, `i`.`day_number` AS `DayNumber`, `i`.`description` AS `Description`, `i`.`location` AS `Location`
FROM `itinerary` AS `i`
WHERE `i`.`tour_id` = @__tourId_0
ORDER BY `i`.`day_number`
2026-08-05 20:39:33.221 +05:30 [INF] Microsoft.EntityFrameworkCore.Database.Command Executed DbCommand (1ms) [Parameters=[@__tourId_0='?' (DbType = Int32), @__today_1='?' (DbType = Date)], CommandType='"Text"', CommandTimeout='30']
SELECT `s`.`schedule_id` AS `ScheduleId`, `s`.`start_date` AS `StartDate`, `s`.`available_seats` AS `AvailableSeats`, `s`.`total_seats` AS `TotalSeats`, `s`.`status` AS `Status`
FROM `schedule` AS `s`
WHERE ((`s`.`tour_id` = @__tourId_0) AND `s`.`start_date` IS NOT NULL) AND (`s`.`start_date` >= @__today_1)
ORDER BY `s`.`start_date`
2026-08-05 20:39:33.223 +05:30 [INF] Microsoft.EntityFrameworkCore.Database.Command Executed DbCommand (0ms) [Parameters=[@__tourId_0='?' (DbType = Int32)], CommandType='"Text"', CommandTimeout='30']
SELECT `c`.`cost_id` AS `CostId`, `c`.`adult_price` AS `AdultPrice`, `c`.`single_person_price` AS `SinglePersonPrice`, `c`.`extra_person_price` AS `ExtraPersonPrice`, `c`.`child_with_bed_price` AS `ChildWithBedPrice`, `c`.`child_without_bed_price` AS `ChildWithoutBedPrice`, `c`.`valid_from` AS `ValidFrom`, `c`.`valid_to` AS `ValidTo`, `c`.`is_active` AS `IsActive`
FROM `cost` AS `c`
WHERE `c`.`tour_id` = @__tourId_0
2026-08-05 20:39:33.225 +05:30 [INF] Microsoft.EntityFrameworkCore.Database.Command Executed DbCommand (0ms) [Parameters=[@__tourId_0='?' (DbType = Int32)], CommandType='"Text"', CommandTimeout='30']
SELECT `t`.`image_id` AS `ImageId`, `t`.`source` AS `Source`, `t`.`image_title` AS `ImageTitle`, `t`.`is_primary` AS `IsPrimary`, `t`.`upload_date` AS `UploadDate`
FROM `tour_images` AS `t`
WHERE `t`.`tour_id` = @__tourId_0
2026-08-05 20:39:33.227 +05:30 [INF] Microsoft.EntityFrameworkCore.Database.Command Executed DbCommand (0ms) [Parameters=[@__tourId_0='?' (DbType = Int32)], CommandType='"Text"', CommandTimeout='30']
SELECT CAST(`r`.`rating` AS double)
FROM `review` AS `r`
WHERE (`r`.`tour_id` = @__tourId_0) AND `r`.`rating` IS NOT NULL
2026-08-05 20:39:33.230 +05:30 [INF] Microsoft.EntityFrameworkCore.Database.Command Executed DbCommand (0ms) [Parameters=[@__tourId_0='?' (DbType = Int32)], CommandType='"Text"', CommandTimeout='30']
SELECT `t`.`tour_id`, `t`.`add_ons`, `t`.`category_id`, `t`.`days`, `t`.`description`, `t`.`destination`, `t`.`do_and_dont`, `t`.`location`, `t`.`nights`, `t`.`passport_and_visa`, `t`.`price`, `t`.`stay_and_meals`, `t`.`subcat_id`, `t`.`tour_name`, `t`.`tour_type`, `t`.`weather`, `c`.`category_id`, `c`.`cat_code`, `c`.`cat_image_path`, `c`.`category_name`, `c`.`description`, `c`.`flag`, `c`.`parent_id`, `c`.`status`, `c`.`suitable_for`, `s`.`subcat_id`, `s`.`cat_id`, `s`.`flag`, `s`.`isactive`, `s`.`subcat_image_path`, `s`.`subcat_name`
FROM `tour` AS `t`
LEFT JOIN `category` AS `c` ON `t`.`category_id` = `c`.`category_id`
LEFT JOIN `sub_category_master` AS `s` ON `t`.`subcat_id` = `s`.`subcat_id`
WHERE `t`.`tour_id` = @__tourId_0
LIMIT 1
2026-08-05 20:39:33.232 +05:30 [INF] Microsoft.EntityFrameworkCore.Database.Command Executed DbCommand (0ms) [Parameters=[@__tourId_0='?' (DbType = Int32)], CommandType='"Text"', CommandTimeout='30']
SELECT `i`.`itinerary_id` AS `ItineraryId`, `i`.`day_number` AS `DayNumber`, `i`.`description` AS `Description`, `i`.`location` AS `Location`
FROM `itinerary` AS `i`
WHERE `i`.`tour_id` = @__tourId_0
ORDER BY `i`.`day_number`
2026-08-05 20:39:33.233 +05:30 [INF] Microsoft.EntityFrameworkCore.Database.Command Executed DbCommand (0ms) [Parameters=[@__tourId_0='?' (DbType = Int32), @__today_1='?' (DbType = Date)], CommandType='"Text"', CommandTimeout='30']
SELECT `s`.`schedule_id` AS `ScheduleId`, `s`.`start_date` AS `StartDate`, `s`.`available_seats` AS `AvailableSeats`, `s`.`total_seats` AS `TotalSeats`, `s`.`status` AS `Status`
FROM `schedule` AS `s`
WHERE ((`s`.`tour_id` = @__tourId_0) AND `s`.`start_date` IS NOT NULL) AND (`s`.`start_date` >= @__today_1)
ORDER BY `s`.`start_date`
2026-08-05 20:39:33.236 +05:30 [INF] Microsoft.EntityFrameworkCore.Database.Command Executed DbCommand (0ms) [Parameters=[@__tourId_0='?' (DbType = Int32)], CommandType='"Text"', CommandTimeout='30']
SELECT `c`.`cost_id` AS `CostId`, `c`.`adult_price` AS `AdultPrice`, `c`.`single_person_price` AS `SinglePersonPrice`, `c`.`extra_person_price` AS `ExtraPersonPrice`, `c`.`child_with_bed_price` AS `ChildWithBedPrice`, `c`.`child_without_bed_price` AS `ChildWithoutBedPrice`, `c`.`valid_from` AS `ValidFrom`, `c`.`valid_to` AS `ValidTo`, `c`.`is_active` AS `IsActive`
FROM `cost` AS `c`
WHERE `c`.`tour_id` = @__tourId_0
2026-08-05 20:39:33.237 +05:30 [INF] Microsoft.EntityFrameworkCore.Database.Command Executed DbCommand (0ms) [Parameters=[@__tourId_0='?' (DbType = Int32)], CommandType='"Text"', CommandTimeout='30']
SELECT `t`.`image_id` AS `ImageId`, `t`.`source` AS `Source`, `t`.`image_title` AS `ImageTitle`, `t`.`is_primary` AS `IsPrimary`, `t`.`upload_date` AS `UploadDate`
FROM `tour_images` AS `t`
WHERE `t`.`tour_id` = @__tourId_0
2026-08-05 20:39:33.239 +05:30 [INF] Microsoft.EntityFrameworkCore.Database.Command Executed DbCommand (0ms) [Parameters=[@__tourId_0='?' (DbType = Int32)], CommandType='"Text"', CommandTimeout='30']
SELECT CAST(`r`.`rating` AS double)
FROM `review` AS `r`
WHERE (`r`.`tour_id` = @__tourId_0) AND `r`.`rating` IS NOT NULL
2026-08-05 20:39:33.242 +05:30 [INF] Microsoft.EntityFrameworkCore.Database.Command Executed DbCommand (1ms) [Parameters=[@__tourId_0='?' (DbType = Int32)], CommandType='"Text"', CommandTimeout='30']
SELECT `t`.`tour_id`, `t`.`add_ons`, `t`.`category_id`, `t`.`days`, `t`.`description`, `t`.`destination`, `t`.`do_and_dont`, `t`.`location`, `t`.`nights`, `t`.`passport_and_visa`, `t`.`price`, `t`.`stay_and_meals`, `t`.`subcat_id`, `t`.`tour_name`, `t`.`tour_type`, `t`.`weather`, `c`.`category_id`, `c`.`cat_code`, `c`.`cat_image_path`, `c`.`category_name`, `c`.`description`, `c`.`flag`, `c`.`parent_id`, `c`.`status`, `c`.`suitable_for`, `s`.`subcat_id`, `s`.`cat_id`, `s`.`flag`, `s`.`isactive`, `s`.`subcat_image_path`, `s`.`subcat_name`
FROM `tour` AS `t`
LEFT JOIN `category` AS `c` ON `t`.`category_id` = `c`.`category_id`
LEFT JOIN `sub_category_master` AS `s` ON `t`.`subcat_id` = `s`.`subcat_id`
WHERE `t`.`tour_id` = @__tourId_0
LIMIT 1
2026-08-05 20:39:33.244 +05:30 [INF] Microsoft.EntityFrameworkCore.Database.Command Executed DbCommand (0ms) [Parameters=[@__tourId_0='?' (DbType = Int32)], CommandType='"Text"', CommandTimeout='30']
SELECT `i`.`itinerary_id` AS `ItineraryId`, `i`.`day_number` AS `DayNumber`, `i`.`description` AS `Description`, `i`.`location` AS `Location`
FROM `itinerary` AS `i`
WHERE `i`.`tour_id` = @__tourId_0
ORDER BY `i`.`day_number`
2026-08-05 20:39:33.245 +05:30 [INF] Microsoft.EntityFrameworkCore.Database.Command Executed DbCommand (0ms) [Parameters=[@__tourId_0='?' (DbType = Int32), @__today_1='?' (DbType = Date)], CommandType='"Text"', CommandTimeout='30']
SELECT `s`.`schedule_id` AS `ScheduleId`, `s`.`start_date` AS `StartDate`, `s`.`available_seats` AS `AvailableSeats`, `s`.`total_seats` AS `TotalSeats`, `s`.`status` AS `Status`
FROM `schedule` AS `s`
WHERE ((`s`.`tour_id` = @__tourId_0) AND `s`.`start_date` IS NOT NULL) AND (`s`.`start_date` >= @__today_1)
ORDER BY `s`.`start_date`
2026-08-05 20:39:33.247 +05:30 [INF] Microsoft.EntityFrameworkCore.Database.Command Executed DbCommand (0ms) [Parameters=[@__tourId_0='?' (DbType = Int32)], CommandType='"Text"', CommandTimeout='30']
SELECT `c`.`cost_id` AS `CostId`, `c`.`adult_price` AS `AdultPrice`, `c`.`single_person_price` AS `SinglePersonPrice`, `c`.`extra_person_price` AS `ExtraPersonPrice`, `c`.`child_with_bed_price` AS `ChildWithBedPrice`, `c`.`child_without_bed_price` AS `ChildWithoutBedPrice`, `c`.`valid_from` AS `ValidFrom`, `c`.`valid_to` AS `ValidTo`, `c`.`is_active` AS `IsActive`
FROM `cost` AS `c`
WHERE `c`.`tour_id` = @__tourId_0
2026-08-05 20:39:33.250 +05:30 [INF] Microsoft.EntityFrameworkCore.Database.Command Executed DbCommand (0ms) [Parameters=[@__tourId_0='?' (DbType = Int32)], CommandType='"Text"', CommandTimeout='30']
SELECT `t`.`image_id` AS `ImageId`, `t`.`source` AS `Source`, `t`.`image_title` AS `ImageTitle`, `t`.`is_primary` AS `IsPrimary`, `t`.`upload_date` AS `UploadDate`
FROM `tour_images` AS `t`
WHERE `t`.`tour_id` = @__tourId_0
2026-08-05 20:39:33.251 +05:30 [INF] Microsoft.EntityFrameworkCore.Database.Command Executed DbCommand (0ms) [Parameters=[@__tourId_0='?' (DbType = Int32)], CommandType='"Text"', CommandTimeout='30']
SELECT CAST(`r`.`rating` AS double)
FROM `review` AS `r`
WHERE (`r`.`tour_id` = @__tourId_0) AND `r`.`rating` IS NOT NULL
2026-08-05 20:39:33.253 +05:30 [INF] Microsoft.EntityFrameworkCore.Database.Command Executed DbCommand (0ms) [Parameters=[@__tourId_0='?' (DbType = Int32)], CommandType='"Text"', CommandTimeout='30']
SELECT `t`.`tour_id`, `t`.`add_ons`, `t`.`category_id`, `t`.`days`, `t`.`description`, `t`.`destination`, `t`.`do_and_dont`, `t`.`location`, `t`.`nights`, `t`.`passport_and_visa`, `t`.`price`, `t`.`stay_and_meals`, `t`.`subcat_id`, `t`.`tour_name`, `t`.`tour_type`, `t`.`weather`, `c`.`category_id`, `c`.`cat_code`, `c`.`cat_image_path`, `c`.`category_name`, `c`.`description`, `c`.`flag`, `c`.`parent_id`, `c`.`status`, `c`.`suitable_for`, `s`.`subcat_id`, `s`.`cat_id`, `s`.`flag`, `s`.`isactive`, `s`.`subcat_image_path`, `s`.`subcat_name`
FROM `tour` AS `t`
LEFT JOIN `category` AS `c` ON `t`.`category_id` = `c`.`category_id`
LEFT JOIN `sub_category_master` AS `s` ON `t`.`subcat_id` = `s`.`subcat_id`
WHERE `t`.`tour_id` = @__tourId_0
LIMIT 1
2026-08-05 20:39:33.255 +05:30 [INF] Microsoft.EntityFrameworkCore.Database.Command Executed DbCommand (0ms) [Parameters=[@__tourId_0='?' (DbType = Int32)], CommandType='"Text"', CommandTimeout='30']
SELECT `i`.`itinerary_id` AS `ItineraryId`, `i`.`day_number` AS `DayNumber`, `i`.`description` AS `Description`, `i`.`location` AS `Location`
FROM `itinerary` AS `i`
WHERE `i`.`tour_id` = @__tourId_0
ORDER BY `i`.`day_number`
2026-08-05 20:39:33.257 +05:30 [INF] Microsoft.EntityFrameworkCore.Database.Command Executed DbCommand (0ms) [Parameters=[@__tourId_0='?' (DbType = Int32), @__today_1='?' (DbType = Date)], CommandType='"Text"', CommandTimeout='30']
SELECT `s`.`schedule_id` AS `ScheduleId`, `s`.`start_date` AS `StartDate`, `s`.`available_seats` AS `AvailableSeats`, `s`.`total_seats` AS `TotalSeats`, `s`.`status` AS `Status`
FROM `schedule` AS `s`
WHERE ((`s`.`tour_id` = @__tourId_0) AND `s`.`start_date` IS NOT NULL) AND (`s`.`start_date` >= @__today_1)
ORDER BY `s`.`start_date`
2026-08-05 20:39:33.259 +05:30 [INF] Microsoft.EntityFrameworkCore.Database.Command Executed DbCommand (0ms) [Parameters=[@__tourId_0='?' (DbType = Int32)], CommandType='"Text"', CommandTimeout='30']
SELECT `c`.`cost_id` AS `CostId`, `c`.`adult_price` AS `AdultPrice`, `c`.`single_person_price` AS `SinglePersonPrice`, `c`.`extra_person_price` AS `ExtraPersonPrice`, `c`.`child_with_bed_price` AS `ChildWithBedPrice`, `c`.`child_without_bed_price` AS `ChildWithoutBedPrice`, `c`.`valid_from` AS `ValidFrom`, `c`.`valid_to` AS `ValidTo`, `c`.`is_active` AS `IsActive`
FROM `cost` AS `c`
WHERE `c`.`tour_id` = @__tourId_0
2026-08-05 20:39:33.261 +05:30 [INF] Microsoft.EntityFrameworkCore.Database.Command Executed DbCommand (0ms) [Parameters=[@__tourId_0='?' (DbType = Int32)], CommandType='"Text"', CommandTimeout='30']
SELECT `t`.`image_id` AS `ImageId`, `t`.`source` AS `Source`, `t`.`image_title` AS `ImageTitle`, `t`.`is_primary` AS `IsPrimary`, `t`.`upload_date` AS `UploadDate`
FROM `tour_images` AS `t`
WHERE `t`.`tour_id` = @__tourId_0
2026-08-05 20:39:33.263 +05:30 [INF] Microsoft.EntityFrameworkCore.Database.Command Executed DbCommand (0ms) [Parameters=[@__tourId_0='?' (DbType = Int32)], CommandType='"Text"', CommandTimeout='30']
SELECT CAST(`r`.`rating` AS double)
FROM `review` AS `r`
WHERE (`r`.`tour_id` = @__tourId_0) AND `r`.`rating` IS NOT NULL
2026-08-05 20:39:33.265 +05:30 [INF] Microsoft.EntityFrameworkCore.Database.Command Executed DbCommand (0ms) [Parameters=[@__tourId_0='?' (DbType = Int32)], CommandType='"Text"', CommandTimeout='30']
SELECT `t`.`tour_id`, `t`.`add_ons`, `t`.`category_id`, `t`.`days`, `t`.`description`, `t`.`destination`, `t`.`do_and_dont`, `t`.`location`, `t`.`nights`, `t`.`passport_and_visa`, `t`.`price`, `t`.`stay_and_meals`, `t`.`subcat_id`, `t`.`tour_name`, `t`.`tour_type`, `t`.`weather`, `c`.`category_id`, `c`.`cat_code`, `c`.`cat_image_path`, `c`.`category_name`, `c`.`description`, `c`.`flag`, `c`.`parent_id`, `c`.`status`, `c`.`suitable_for`, `s`.`subcat_id`, `s`.`cat_id`, `s`.`flag`, `s`.`isactive`, `s`.`subcat_image_path`, `s`.`subcat_name`
FROM `tour` AS `t`
LEFT JOIN `category` AS `c` ON `t`.`category_id` = `c`.`category_id`
LEFT JOIN `sub_category_master` AS `s` ON `t`.`subcat_id` = `s`.`subcat_id`
WHERE `t`.`tour_id` = @__tourId_0
LIMIT 1
2026-08-05 20:39:33.267 +05:30 [INF] Microsoft.EntityFrameworkCore.Database.Command Executed DbCommand (1ms) [Parameters=[@__tourId_0='?' (DbType = Int32)], CommandType='"Text"', CommandTimeout='30']
SELECT `i`.`itinerary_id` AS `ItineraryId`, `i`.`day_number` AS `DayNumber`, `i`.`description` AS `Description`, `i`.`location` AS `Location`
FROM `itinerary` AS `i`
WHERE `i`.`tour_id` = @__tourId_0
ORDER BY `i`.`day_number`
2026-08-05 20:39:33.269 +05:30 [INF] Microsoft.EntityFrameworkCore.Database.Command Executed DbCommand (1ms) [Parameters=[@__tourId_0='?' (DbType = Int32), @__today_1='?' (DbType = Date)], CommandType='"Text"', CommandTimeout='30']
SELECT `s`.`schedule_id` AS `ScheduleId`, `s`.`start_date` AS `StartDate`, `s`.`available_seats` AS `AvailableSeats`, `s`.`total_seats` AS `TotalSeats`, `s`.`status` AS `Status`
FROM `schedule` AS `s`
WHERE ((`s`.`tour_id` = @__tourId_0) AND `s`.`start_date` IS NOT NULL) AND (`s`.`start_date` >= @__today_1)
ORDER BY `s`.`start_date`
2026-08-05 20:39:33.271 +05:30 [INF] Microsoft.EntityFrameworkCore.Database.Command Executed DbCommand (0ms) [Parameters=[@__tourId_0='?' (DbType = Int32)], CommandType='"Text"', CommandTimeout='30']
SELECT `c`.`cost_id` AS `CostId`, `c`.`adult_price` AS `AdultPrice`, `c`.`single_person_price` AS `SinglePersonPrice`, `c`.`extra_person_price` AS `ExtraPersonPrice`, `c`.`child_with_bed_price` AS `ChildWithBedPrice`, `c`.`child_without_bed_price` AS `ChildWithoutBedPrice`, `c`.`valid_from` AS `ValidFrom`, `c`.`valid_to` AS `ValidTo`, `c`.`is_active` AS `IsActive`
FROM `cost` AS `c`
WHERE `c`.`tour_id` = @__tourId_0
2026-08-05 20:39:33.273 +05:30 [INF] Microsoft.EntityFrameworkCore.Database.Command Executed DbCommand (0ms) [Parameters=[@__tourId_0='?' (DbType = Int32)], CommandType='"Text"', CommandTimeout='30']
SELECT `t`.`image_id` AS `ImageId`, `t`.`source` AS `Source`, `t`.`image_title` AS `ImageTitle`, `t`.`is_primary` AS `IsPrimary`, `t`.`upload_date` AS `UploadDate`
FROM `tour_images` AS `t`
WHERE `t`.`tour_id` = @__tourId_0
2026-08-05 20:39:33.275 +05:30 [INF] Microsoft.EntityFrameworkCore.Database.Command Executed DbCommand (0ms) [Parameters=[@__tourId_0='?' (DbType = Int32)], CommandType='"Text"', CommandTimeout='30']
SELECT CAST(`r`.`rating` AS double)
FROM `review` AS `r`
WHERE (`r`.`tour_id` = @__tourId_0) AND `r`.`rating` IS NOT NULL
2026-08-05 20:39:33.278 +05:30 [INF] Microsoft.EntityFrameworkCore.Database.Command Executed DbCommand (1ms) [Parameters=[@__tourId_0='?' (DbType = Int32)], CommandType='"Text"', CommandTimeout='30']
SELECT `t`.`tour_id`, `t`.`add_ons`, `t`.`category_id`, `t`.`days`, `t`.`description`, `t`.`destination`, `t`.`do_and_dont`, `t`.`location`, `t`.`nights`, `t`.`passport_and_visa`, `t`.`price`, `t`.`stay_and_meals`, `t`.`subcat_id`, `t`.`tour_name`, `t`.`tour_type`, `t`.`weather`, `c`.`category_id`, `c`.`cat_code`, `c`.`cat_image_path`, `c`.`category_name`, `c`.`description`, `c`.`flag`, `c`.`parent_id`, `c`.`status`, `c`.`suitable_for`, `s`.`subcat_id`, `s`.`cat_id`, `s`.`flag`, `s`.`isactive`, `s`.`subcat_image_path`, `s`.`subcat_name`
FROM `tour` AS `t`
LEFT JOIN `category` AS `c` ON `t`.`category_id` = `c`.`category_id`
LEFT JOIN `sub_category_master` AS `s` ON `t`.`subcat_id` = `s`.`subcat_id`
WHERE `t`.`tour_id` = @__tourId_0
LIMIT 1
2026-08-05 20:39:33.280 +05:30 [INF] Microsoft.EntityFrameworkCore.Database.Command Executed DbCommand (0ms) [Parameters=[@__tourId_0='?' (DbType = Int32)], CommandType='"Text"', CommandTimeout='30']
SELECT `i`.`itinerary_id` AS `ItineraryId`, `i`.`day_number` AS `DayNumber`, `i`.`description` AS `Description`, `i`.`location` AS `Location`
FROM `itinerary` AS `i`
WHERE `i`.`tour_id` = @__tourId_0
ORDER BY `i`.`day_number`
2026-08-05 20:39:33.282 +05:30 [INF] Microsoft.EntityFrameworkCore.Database.Command Executed DbCommand (0ms) [Parameters=[@__tourId_0='?' (DbType = Int32), @__today_1='?' (DbType = Date)], CommandType='"Text"', CommandTimeout='30']
SELECT `s`.`schedule_id` AS `ScheduleId`, `s`.`start_date` AS `StartDate`, `s`.`available_seats` AS `AvailableSeats`, `s`.`total_seats` AS `TotalSeats`, `s`.`status` AS `Status`
FROM `schedule` AS `s`
WHERE ((`s`.`tour_id` = @__tourId_0) AND `s`.`start_date` IS NOT NULL) AND (`s`.`start_date` >= @__today_1)
ORDER BY `s`.`start_date`
2026-08-05 20:39:33.284 +05:30 [INF] Microsoft.EntityFrameworkCore.Database.Command Executed DbCommand (0ms) [Parameters=[@__tourId_0='?' (DbType = Int32)], CommandType='"Text"', CommandTimeout='30']
SELECT `c`.`cost_id` AS `CostId`, `c`.`adult_price` AS `AdultPrice`, `c`.`single_person_price` AS `SinglePersonPrice`, `c`.`extra_person_price` AS `ExtraPersonPrice`, `c`.`child_with_bed_price` AS `ChildWithBedPrice`, `c`.`child_without_bed_price` AS `ChildWithoutBedPrice`, `c`.`valid_from` AS `ValidFrom`, `c`.`valid_to` AS `ValidTo`, `c`.`is_active` AS `IsActive`
FROM `cost` AS `c`
WHERE `c`.`tour_id` = @__tourId_0
2026-08-05 20:39:33.286 +05:30 [INF] Microsoft.EntityFrameworkCore.Database.Command Executed DbCommand (0ms) [Parameters=[@__tourId_0='?' (DbType = Int32)], CommandType='"Text"', CommandTimeout='30']
SELECT `t`.`image_id` AS `ImageId`, `t`.`source` AS `Source`, `t`.`image_title` AS `ImageTitle`, `t`.`is_primary` AS `IsPrimary`, `t`.`upload_date` AS `UploadDate`
FROM `tour_images` AS `t`
WHERE `t`.`tour_id` = @__tourId_0
2026-08-05 20:39:33.288 +05:30 [INF] Microsoft.EntityFrameworkCore.Database.Command Executed DbCommand (0ms) [Parameters=[@__tourId_0='?' (DbType = Int32)], CommandType='"Text"', CommandTimeout='30']
SELECT CAST(`r`.`rating` AS double)
FROM `review` AS `r`
WHERE (`r`.`tour_id` = @__tourId_0) AND `r`.`rating` IS NOT NULL
2026-08-05 20:39:33.290 +05:30 [INF] Microsoft.EntityFrameworkCore.Database.Command Executed DbCommand (0ms) [Parameters=[@__tourId_0='?' (DbType = Int32)], CommandType='"Text"', CommandTimeout='30']
SELECT `t`.`tour_id`, `t`.`add_ons`, `t`.`category_id`, `t`.`days`, `t`.`description`, `t`.`destination`, `t`.`do_and_dont`, `t`.`location`, `t`.`nights`, `t`.`passport_and_visa`, `t`.`price`, `t`.`stay_and_meals`, `t`.`subcat_id`, `t`.`tour_name`, `t`.`tour_type`, `t`.`weather`, `c`.`category_id`, `c`.`cat_code`, `c`.`cat_image_path`, `c`.`category_name`, `c`.`description`, `c`.`flag`, `c`.`parent_id`, `c`.`status`, `c`.`suitable_for`, `s`.`subcat_id`, `s`.`cat_id`, `s`.`flag`, `s`.`isactive`, `s`.`subcat_image_path`, `s`.`subcat_name`
FROM `tour` AS `t`
LEFT JOIN `category` AS `c` ON `t`.`category_id` = `c`.`category_id`
LEFT JOIN `sub_category_master` AS `s` ON `t`.`subcat_id` = `s`.`subcat_id`
WHERE `t`.`tour_id` = @__tourId_0
LIMIT 1
2026-08-05 20:39:33.293 +05:30 [INF] Microsoft.EntityFrameworkCore.Database.Command Executed DbCommand (0ms) [Parameters=[@__tourId_0='?' (DbType = Int32)], CommandType='"Text"', CommandTimeout='30']
SELECT `i`.`itinerary_id` AS `ItineraryId`, `i`.`day_number` AS `DayNumber`, `i`.`description` AS `Description`, `i`.`location` AS `Location`
FROM `itinerary` AS `i`
WHERE `i`.`tour_id` = @__tourId_0
ORDER BY `i`.`day_number`
2026-08-05 20:39:33.294 +05:30 [INF] Microsoft.EntityFrameworkCore.Database.Command Executed DbCommand (0ms) [Parameters=[@__tourId_0='?' (DbType = Int32), @__today_1='?' (DbType = Date)], CommandType='"Text"', CommandTimeout='30']
SELECT `s`.`schedule_id` AS `ScheduleId`, `s`.`start_date` AS `StartDate`, `s`.`available_seats` AS `AvailableSeats`, `s`.`total_seats` AS `TotalSeats`, `s`.`status` AS `Status`
FROM `schedule` AS `s`
WHERE ((`s`.`tour_id` = @__tourId_0) AND `s`.`start_date` IS NOT NULL) AND (`s`.`start_date` >= @__today_1)
ORDER BY `s`.`start_date`
2026-08-05 20:39:33.296 +05:30 [INF] Microsoft.EntityFrameworkCore.Database.Command Executed DbCommand (0ms) [Parameters=[@__tourId_0='?' (DbType = Int32)], CommandType='"Text"', CommandTimeout='30']
SELECT `c`.`cost_id` AS `CostId`, `c`.`adult_price` AS `AdultPrice`, `c`.`single_person_price` AS `SinglePersonPrice`, `c`.`extra_person_price` AS `ExtraPersonPrice`, `c`.`child_with_bed_price` AS `ChildWithBedPrice`, `c`.`child_without_bed_price` AS `ChildWithoutBedPrice`, `c`.`valid_from` AS `ValidFrom`, `c`.`valid_to` AS `ValidTo`, `c`.`is_active` AS `IsActive`
FROM `cost` AS `c`
WHERE `c`.`tour_id` = @__tourId_0
2026-08-05 20:39:33.298 +05:30 [INF] Microsoft.EntityFrameworkCore.Database.Command Executed DbCommand (0ms) [Parameters=[@__tourId_0='?' (DbType = Int32)], CommandType='"Text"', CommandTimeout='30']
SELECT `t`.`image_id` AS `ImageId`, `t`.`source` AS `Source`, `t`.`image_title` AS `ImageTitle`, `t`.`is_primary` AS `IsPrimary`, `t`.`upload_date` AS `UploadDate`
FROM `tour_images` AS `t`
WHERE `t`.`tour_id` = @__tourId_0
2026-08-05 20:39:33.300 +05:30 [INF] Microsoft.EntityFrameworkCore.Database.Command Executed DbCommand (0ms) [Parameters=[@__tourId_0='?' (DbType = Int32)], CommandType='"Text"', CommandTimeout='30']
SELECT CAST(`r`.`rating` AS double)
FROM `review` AS `r`
WHERE (`r`.`tour_id` = @__tourId_0) AND `r`.`rating` IS NOT NULL
2026-08-05 20:39:33.302 +05:30 [INF] Microsoft.EntityFrameworkCore.Database.Command Executed DbCommand (0ms) [Parameters=[@__tourId_0='?' (DbType = Int32)], CommandType='"Text"', CommandTimeout='30']
SELECT `t`.`tour_id`, `t`.`add_ons`, `t`.`category_id`, `t`.`days`, `t`.`description`, `t`.`destination`, `t`.`do_and_dont`, `t`.`location`, `t`.`nights`, `t`.`passport_and_visa`, `t`.`price`, `t`.`stay_and_meals`, `t`.`subcat_id`, `t`.`tour_name`, `t`.`tour_type`, `t`.`weather`, `c`.`category_id`, `c`.`cat_code`, `c`.`cat_image_path`, `c`.`category_name`, `c`.`description`, `c`.`flag`, `c`.`parent_id`, `c`.`status`, `c`.`suitable_for`, `s`.`subcat_id`, `s`.`cat_id`, `s`.`flag`, `s`.`isactive`, `s`.`subcat_image_path`, `s`.`subcat_name`
FROM `tour` AS `t`
LEFT JOIN `category` AS `c` ON `t`.`category_id` = `c`.`category_id`
LEFT JOIN `sub_category_master` AS `s` ON `t`.`subcat_id` = `s`.`subcat_id`
WHERE `t`.`tour_id` = @__tourId_0
LIMIT 1
2026-08-05 20:39:33.305 +05:30 [INF] Microsoft.EntityFrameworkCore.Database.Command Executed DbCommand (1ms) [Parameters=[@__tourId_0='?' (DbType = Int32)], CommandType='"Text"', CommandTimeout='30']
SELECT `i`.`itinerary_id` AS `ItineraryId`, `i`.`day_number` AS `DayNumber`, `i`.`description` AS `Description`, `i`.`location` AS `Location`
FROM `itinerary` AS `i`
WHERE `i`.`tour_id` = @__tourId_0
ORDER BY `i`.`day_number`
2026-08-05 20:39:33.307 +05:30 [INF] Microsoft.EntityFrameworkCore.Database.Command Executed DbCommand (0ms) [Parameters=[@__tourId_0='?' (DbType = Int32), @__today_1='?' (DbType = Date)], CommandType='"Text"', CommandTimeout='30']
SELECT `s`.`schedule_id` AS `ScheduleId`, `s`.`start_date` AS `StartDate`, `s`.`available_seats` AS `AvailableSeats`, `s`.`total_seats` AS `TotalSeats`, `s`.`status` AS `Status`
FROM `schedule` AS `s`
WHERE ((`s`.`tour_id` = @__tourId_0) AND `s`.`start_date` IS NOT NULL) AND (`s`.`start_date` >= @__today_1)
ORDER BY `s`.`start_date`
2026-08-05 20:39:33.309 +05:30 [INF] Microsoft.EntityFrameworkCore.Database.Command Executed DbCommand (0ms) [Parameters=[@__tourId_0='?' (DbType = Int32)], CommandType='"Text"', CommandTimeout='30']
SELECT `c`.`cost_id` AS `CostId`, `c`.`adult_price` AS `AdultPrice`, `c`.`single_person_price` AS `SinglePersonPrice`, `c`.`extra_person_price` AS `ExtraPersonPrice`, `c`.`child_with_bed_price` AS `ChildWithBedPrice`, `c`.`child_without_bed_price` AS `ChildWithoutBedPrice`, `c`.`valid_from` AS `ValidFrom`, `c`.`valid_to` AS `ValidTo`, `c`.`is_active` AS `IsActive`
FROM `cost` AS `c`
WHERE `c`.`tour_id` = @__tourId_0
2026-08-05 20:39:33.311 +05:30 [INF] Microsoft.EntityFrameworkCore.Database.Command Executed DbCommand (0ms) [Parameters=[@__tourId_0='?' (DbType = Int32)], CommandType='"Text"', CommandTimeout='30']
SELECT `t`.`image_id` AS `ImageId`, `t`.`source` AS `Source`, `t`.`image_title` AS `ImageTitle`, `t`.`is_primary` AS `IsPrimary`, `t`.`upload_date` AS `UploadDate`
FROM `tour_images` AS `t`
WHERE `t`.`tour_id` = @__tourId_0
2026-08-05 20:39:33.314 +05:30 [INF] Microsoft.EntityFrameworkCore.Database.Command Executed DbCommand (0ms) [Parameters=[@__tourId_0='?' (DbType = Int32)], CommandType='"Text"', CommandTimeout='30']
SELECT CAST(`r`.`rating` AS double)
FROM `review` AS `r`
WHERE (`r`.`tour_id` = @__tourId_0) AND `r`.`rating` IS NOT NULL
2026-08-05 20:39:33.315 +05:30 [INF] Microsoft.EntityFrameworkCore.Database.Command Executed DbCommand (0ms) [Parameters=[@__tourId_0='?' (DbType = Int32)], CommandType='"Text"', CommandTimeout='30']
SELECT `t`.`tour_id`, `t`.`add_ons`, `t`.`category_id`, `t`.`days`, `t`.`description`, `t`.`destination`, `t`.`do_and_dont`, `t`.`location`, `t`.`nights`, `t`.`passport_and_visa`, `t`.`price`, `t`.`stay_and_meals`, `t`.`subcat_id`, `t`.`tour_name`, `t`.`tour_type`, `t`.`weather`, `c`.`category_id`, `c`.`cat_code`, `c`.`cat_image_path`, `c`.`category_name`, `c`.`description`, `c`.`flag`, `c`.`parent_id`, `c`.`status`, `c`.`suitable_for`, `s`.`subcat_id`, `s`.`cat_id`, `s`.`flag`, `s`.`isactive`, `s`.`subcat_image_path`, `s`.`subcat_name`
FROM `tour` AS `t`
LEFT JOIN `category` AS `c` ON `t`.`category_id` = `c`.`category_id`
LEFT JOIN `sub_category_master` AS `s` ON `t`.`subcat_id` = `s`.`subcat_id`
WHERE `t`.`tour_id` = @__tourId_0
LIMIT 1
2026-08-05 20:39:33.317 +05:30 [INF] Microsoft.EntityFrameworkCore.Database.Command Executed DbCommand (0ms) [Parameters=[@__tourId_0='?' (DbType = Int32)], CommandType='"Text"', CommandTimeout='30']
SELECT `i`.`itinerary_id` AS `ItineraryId`, `i`.`day_number` AS `DayNumber`, `i`.`description` AS `Description`, `i`.`location` AS `Location`
FROM `itinerary` AS `i`
WHERE `i`.`tour_id` = @__tourId_0
ORDER BY `i`.`day_number`
2026-08-05 20:39:33.320 +05:30 [INF] Microsoft.EntityFrameworkCore.Database.Command Executed DbCommand (1ms) [Parameters=[@__tourId_0='?' (DbType = Int32), @__today_1='?' (DbType = Date)], CommandType='"Text"', CommandTimeout='30']
SELECT `s`.`schedule_id` AS `ScheduleId`, `s`.`start_date` AS `StartDate`, `s`.`available_seats` AS `AvailableSeats`, `s`.`total_seats` AS `TotalSeats`, `s`.`status` AS `Status`
FROM `schedule` AS `s`
WHERE ((`s`.`tour_id` = @__tourId_0) AND `s`.`start_date` IS NOT NULL) AND (`s`.`start_date` >= @__today_1)
ORDER BY `s`.`start_date`
2026-08-05 20:39:33.321 +05:30 [INF] Microsoft.EntityFrameworkCore.Database.Command Executed DbCommand (0ms) [Parameters=[@__tourId_0='?' (DbType = Int32)], CommandType='"Text"', CommandTimeout='30']
SELECT `c`.`cost_id` AS `CostId`, `c`.`adult_price` AS `AdultPrice`, `c`.`single_person_price` AS `SinglePersonPrice`, `c`.`extra_person_price` AS `ExtraPersonPrice`, `c`.`child_with_bed_price` AS `ChildWithBedPrice`, `c`.`child_without_bed_price` AS `ChildWithoutBedPrice`, `c`.`valid_from` AS `ValidFrom`, `c`.`valid_to` AS `ValidTo`, `c`.`is_active` AS `IsActive`
FROM `cost` AS `c`
WHERE `c`.`tour_id` = @__tourId_0
2026-08-05 20:39:33.323 +05:30 [INF] Microsoft.EntityFrameworkCore.Database.Command Executed DbCommand (0ms) [Parameters=[@__tourId_0='?' (DbType = Int32)], CommandType='"Text"', CommandTimeout='30']
SELECT `t`.`image_id` AS `ImageId`, `t`.`source` AS `Source`, `t`.`image_title` AS `ImageTitle`, `t`.`is_primary` AS `IsPrimary`, `t`.`upload_date` AS `UploadDate`
FROM `tour_images` AS `t`
WHERE `t`.`tour_id` = @__tourId_0
2026-08-05 20:39:33.326 +05:30 [INF] Microsoft.EntityFrameworkCore.Database.Command Executed DbCommand (0ms) [Parameters=[@__tourId_0='?' (DbType = Int32)], CommandType='"Text"', CommandTimeout='30']
SELECT CAST(`r`.`rating` AS double)
FROM `review` AS `r`
WHERE (`r`.`tour_id` = @__tourId_0) AND `r`.`rating` IS NOT NULL
2026-08-05 20:39:33.328 +05:30 [INF] Microsoft.EntityFrameworkCore.Database.Command Executed DbCommand (0ms) [Parameters=[@__tourId_0='?' (DbType = Int32)], CommandType='"Text"', CommandTimeout='30']
SELECT `t`.`tour_id`, `t`.`add_ons`, `t`.`category_id`, `t`.`days`, `t`.`description`, `t`.`destination`, `t`.`do_and_dont`, `t`.`location`, `t`.`nights`, `t`.`passport_and_visa`, `t`.`price`, `t`.`stay_and_meals`, `t`.`subcat_id`, `t`.`tour_name`, `t`.`tour_type`, `t`.`weather`, `c`.`category_id`, `c`.`cat_code`, `c`.`cat_image_path`, `c`.`category_name`, `c`.`description`, `c`.`flag`, `c`.`parent_id`, `c`.`status`, `c`.`suitable_for`, `s`.`subcat_id`, `s`.`cat_id`, `s`.`flag`, `s`.`isactive`, `s`.`subcat_image_path`, `s`.`subcat_name`
FROM `tour` AS `t`
LEFT JOIN `category` AS `c` ON `t`.`category_id` = `c`.`category_id`
LEFT JOIN `sub_category_master` AS `s` ON `t`.`subcat_id` = `s`.`subcat_id`
WHERE `t`.`tour_id` = @__tourId_0
LIMIT 1
2026-08-05 20:39:33.329 +05:30 [INF] Microsoft.EntityFrameworkCore.Database.Command Executed DbCommand (0ms) [Parameters=[@__tourId_0='?' (DbType = Int32)], CommandType='"Text"', CommandTimeout='30']
SELECT `i`.`itinerary_id` AS `ItineraryId`, `i`.`day_number` AS `DayNumber`, `i`.`description` AS `Description`, `i`.`location` AS `Location`
FROM `itinerary` AS `i`
WHERE `i`.`tour_id` = @__tourId_0
ORDER BY `i`.`day_number`
2026-08-05 20:39:33.331 +05:30 [INF] Microsoft.EntityFrameworkCore.Database.Command Executed DbCommand (0ms) [Parameters=[@__tourId_0='?' (DbType = Int32), @__today_1='?' (DbType = Date)], CommandType='"Text"', CommandTimeout='30']
SELECT `s`.`schedule_id` AS `ScheduleId`, `s`.`start_date` AS `StartDate`, `s`.`available_seats` AS `AvailableSeats`, `s`.`total_seats` AS `TotalSeats`, `s`.`status` AS `Status`
FROM `schedule` AS `s`
WHERE ((`s`.`tour_id` = @__tourId_0) AND `s`.`start_date` IS NOT NULL) AND (`s`.`start_date` >= @__today_1)
ORDER BY `s`.`start_date`
2026-08-05 20:39:33.334 +05:30 [INF] Microsoft.EntityFrameworkCore.Database.Command Executed DbCommand (1ms) [Parameters=[@__tourId_0='?' (DbType = Int32)], CommandType='"Text"', CommandTimeout='30']
SELECT `c`.`cost_id` AS `CostId`, `c`.`adult_price` AS `AdultPrice`, `c`.`single_person_price` AS `SinglePersonPrice`, `c`.`extra_person_price` AS `ExtraPersonPrice`, `c`.`child_with_bed_price` AS `ChildWithBedPrice`, `c`.`child_without_bed_price` AS `ChildWithoutBedPrice`, `c`.`valid_from` AS `ValidFrom`, `c`.`valid_to` AS `ValidTo`, `c`.`is_active` AS `IsActive`
FROM `cost` AS `c`
WHERE `c`.`tour_id` = @__tourId_0
2026-08-05 20:39:33.335 +05:30 [INF] Microsoft.EntityFrameworkCore.Database.Command Executed DbCommand (0ms) [Parameters=[@__tourId_0='?' (DbType = Int32)], CommandType='"Text"', CommandTimeout='30']
SELECT `t`.`image_id` AS `ImageId`, `t`.`source` AS `Source`, `t`.`image_title` AS `ImageTitle`, `t`.`is_primary` AS `IsPrimary`, `t`.`upload_date` AS `UploadDate`
FROM `tour_images` AS `t`
WHERE `t`.`tour_id` = @__tourId_0
2026-08-05 20:39:33.337 +05:30 [INF] Microsoft.EntityFrameworkCore.Database.Command Executed DbCommand (0ms) [Parameters=[@__tourId_0='?' (DbType = Int32)], CommandType='"Text"', CommandTimeout='30']
SELECT CAST(`r`.`rating` AS double)
FROM `review` AS `r`
WHERE (`r`.`tour_id` = @__tourId_0) AND `r`.`rating` IS NOT NULL
2026-08-05 20:39:33.339 +05:30 [INF] Microsoft.EntityFrameworkCore.Database.Command Executed DbCommand (1ms) [Parameters=[@__tourId_0='?' (DbType = Int32)], CommandType='"Text"', CommandTimeout='30']
SELECT `t`.`tour_id`, `t`.`add_ons`, `t`.`category_id`, `t`.`days`, `t`.`description`, `t`.`destination`, `t`.`do_and_dont`, `t`.`location`, `t`.`nights`, `t`.`passport_and_visa`, `t`.`price`, `t`.`stay_and_meals`, `t`.`subcat_id`, `t`.`tour_name`, `t`.`tour_type`, `t`.`weather`, `c`.`category_id`, `c`.`cat_code`, `c`.`cat_image_path`, `c`.`category_name`, `c`.`description`, `c`.`flag`, `c`.`parent_id`, `c`.`status`, `c`.`suitable_for`, `s`.`subcat_id`, `s`.`cat_id`, `s`.`flag`, `s`.`isactive`, `s`.`subcat_image_path`, `s`.`subcat_name`
FROM `tour` AS `t`
LEFT JOIN `category` AS `c` ON `t`.`category_id` = `c`.`category_id`
LEFT JOIN `sub_category_master` AS `s` ON `t`.`subcat_id` = `s`.`subcat_id`
WHERE `t`.`tour_id` = @__tourId_0
LIMIT 1
2026-08-05 20:39:33.342 +05:30 [INF] Microsoft.EntityFrameworkCore.Database.Command Executed DbCommand (0ms) [Parameters=[@__tourId_0='?' (DbType = Int32)], CommandType='"Text"', CommandTimeout='30']
SELECT `i`.`itinerary_id` AS `ItineraryId`, `i`.`day_number` AS `DayNumber`, `i`.`description` AS `Description`, `i`.`location` AS `Location`
FROM `itinerary` AS `i`
WHERE `i`.`tour_id` = @__tourId_0
ORDER BY `i`.`day_number`
2026-08-05 20:39:33.344 +05:30 [INF] Microsoft.EntityFrameworkCore.Database.Command Executed DbCommand (0ms) [Parameters=[@__tourId_0='?' (DbType = Int32), @__today_1='?' (DbType = Date)], CommandType='"Text"', CommandTimeout='30']
SELECT `s`.`schedule_id` AS `ScheduleId`, `s`.`start_date` AS `StartDate`, `s`.`available_seats` AS `AvailableSeats`, `s`.`total_seats` AS `TotalSeats`, `s`.`status` AS `Status`
FROM `schedule` AS `s`
WHERE ((`s`.`tour_id` = @__tourId_0) AND `s`.`start_date` IS NOT NULL) AND (`s`.`start_date` >= @__today_1)
ORDER BY `s`.`start_date`
2026-08-05 20:39:33.346 +05:30 [INF] Microsoft.EntityFrameworkCore.Database.Command Executed DbCommand (1ms) [Parameters=[@__tourId_0='?' (DbType = Int32)], CommandType='"Text"', CommandTimeout='30']
SELECT `c`.`cost_id` AS `CostId`, `c`.`adult_price` AS `AdultPrice`, `c`.`single_person_price` AS `SinglePersonPrice`, `c`.`extra_person_price` AS `ExtraPersonPrice`, `c`.`child_with_bed_price` AS `ChildWithBedPrice`, `c`.`child_without_bed_price` AS `ChildWithoutBedPrice`, `c`.`valid_from` AS `ValidFrom`, `c`.`valid_to` AS `ValidTo`, `c`.`is_active` AS `IsActive`
FROM `cost` AS `c`
WHERE `c`.`tour_id` = @__tourId_0
2026-08-05 20:39:33.348 +05:30 [INF] Microsoft.EntityFrameworkCore.Database.Command Executed DbCommand (0ms) [Parameters=[@__tourId_0='?' (DbType = Int32)], CommandType='"Text"', CommandTimeout='30']
SELECT `t`.`image_id` AS `ImageId`, `t`.`source` AS `Source`, `t`.`image_title` AS `ImageTitle`, `t`.`is_primary` AS `IsPrimary`, `t`.`upload_date` AS `UploadDate`
FROM `tour_images` AS `t`
WHERE `t`.`tour_id` = @__tourId_0
2026-08-05 20:39:33.350 +05:30 [INF] Microsoft.EntityFrameworkCore.Database.Command Executed DbCommand (0ms) [Parameters=[@__tourId_0='?' (DbType = Int32)], CommandType='"Text"', CommandTimeout='30']
SELECT CAST(`r`.`rating` AS double)
FROM `review` AS `r`
WHERE (`r`.`tour_id` = @__tourId_0) AND `r`.`rating` IS NOT NULL
2026-08-05 20:39:33.351 +05:30 [INF] Microsoft.EntityFrameworkCore.Database.Command Executed DbCommand (0ms) [Parameters=[@__tourId_0='?' (DbType = Int32)], CommandType='"Text"', CommandTimeout='30']
SELECT `t`.`tour_id`, `t`.`add_ons`, `t`.`category_id`, `t`.`days`, `t`.`description`, `t`.`destination`, `t`.`do_and_dont`, `t`.`location`, `t`.`nights`, `t`.`passport_and_visa`, `t`.`price`, `t`.`stay_and_meals`, `t`.`subcat_id`, `t`.`tour_name`, `t`.`tour_type`, `t`.`weather`, `c`.`category_id`, `c`.`cat_code`, `c`.`cat_image_path`, `c`.`category_name`, `c`.`description`, `c`.`flag`, `c`.`parent_id`, `c`.`status`, `c`.`suitable_for`, `s`.`subcat_id`, `s`.`cat_id`, `s`.`flag`, `s`.`isactive`, `s`.`subcat_image_path`, `s`.`subcat_name`
FROM `tour` AS `t`
LEFT JOIN `category` AS `c` ON `t`.`category_id` = `c`.`category_id`
LEFT JOIN `sub_category_master` AS `s` ON `t`.`subcat_id` = `s`.`subcat_id`
WHERE `t`.`tour_id` = @__tourId_0
LIMIT 1
2026-08-05 20:39:33.354 +05:30 [INF] Microsoft.EntityFrameworkCore.Database.Command Executed DbCommand (0ms) [Parameters=[@__tourId_0='?' (DbType = Int32)], CommandType='"Text"', CommandTimeout='30']
SELECT `i`.`itinerary_id` AS `ItineraryId`, `i`.`day_number` AS `DayNumber`, `i`.`description` AS `Description`, `i`.`location` AS `Location`
FROM `itinerary` AS `i`
WHERE `i`.`tour_id` = @__tourId_0
ORDER BY `i`.`day_number`
2026-08-05 20:39:33.356 +05:30 [INF] Microsoft.EntityFrameworkCore.Database.Command Executed DbCommand (0ms) [Parameters=[@__tourId_0='?' (DbType = Int32), @__today_1='?' (DbType = Date)], CommandType='"Text"', CommandTimeout='30']
SELECT `s`.`schedule_id` AS `ScheduleId`, `s`.`start_date` AS `StartDate`, `s`.`available_seats` AS `AvailableSeats`, `s`.`total_seats` AS `TotalSeats`, `s`.`status` AS `Status`
FROM `schedule` AS `s`
WHERE ((`s`.`tour_id` = @__tourId_0) AND `s`.`start_date` IS NOT NULL) AND (`s`.`start_date` >= @__today_1)
ORDER BY `s`.`start_date`
2026-08-05 20:39:33.357 +05:30 [INF] Microsoft.EntityFrameworkCore.Database.Command Executed DbCommand (0ms) [Parameters=[@__tourId_0='?' (DbType = Int32)], CommandType='"Text"', CommandTimeout='30']
SELECT `c`.`cost_id` AS `CostId`, `c`.`adult_price` AS `AdultPrice`, `c`.`single_person_price` AS `SinglePersonPrice`, `c`.`extra_person_price` AS `ExtraPersonPrice`, `c`.`child_with_bed_price` AS `ChildWithBedPrice`, `c`.`child_without_bed_price` AS `ChildWithoutBedPrice`, `c`.`valid_from` AS `ValidFrom`, `c`.`valid_to` AS `ValidTo`, `c`.`is_active` AS `IsActive`
FROM `cost` AS `c`
WHERE `c`.`tour_id` = @__tourId_0
2026-08-05 20:39:33.359 +05:30 [INF] Microsoft.EntityFrameworkCore.Database.Command Executed DbCommand (0ms) [Parameters=[@__tourId_0='?' (DbType = Int32)], CommandType='"Text"', CommandTimeout='30']
SELECT `t`.`image_id` AS `ImageId`, `t`.`source` AS `Source`, `t`.`image_title` AS `ImageTitle`, `t`.`is_primary` AS `IsPrimary`, `t`.`upload_date` AS `UploadDate`
FROM `tour_images` AS `t`
WHERE `t`.`tour_id` = @__tourId_0
2026-08-05 20:39:33.362 +05:30 [INF] Microsoft.EntityFrameworkCore.Database.Command Executed DbCommand (0ms) [Parameters=[@__tourId_0='?' (DbType = Int32)], CommandType='"Text"', CommandTimeout='30']
SELECT CAST(`r`.`rating` AS double)
FROM `review` AS `r`
WHERE (`r`.`tour_id` = @__tourId_0) AND `r`.`rating` IS NOT NULL
2026-08-05 20:39:33.363 +05:30 [INF] Microsoft.EntityFrameworkCore.Database.Command Executed DbCommand (0ms) [Parameters=[@__tourId_0='?' (DbType = Int32)], CommandType='"Text"', CommandTimeout='30']
SELECT `t`.`tour_id`, `t`.`add_ons`, `t`.`category_id`, `t`.`days`, `t`.`description`, `t`.`destination`, `t`.`do_and_dont`, `t`.`location`, `t`.`nights`, `t`.`passport_and_visa`, `t`.`price`, `t`.`stay_and_meals`, `t`.`subcat_id`, `t`.`tour_name`, `t`.`tour_type`, `t`.`weather`, `c`.`category_id`, `c`.`cat_code`, `c`.`cat_image_path`, `c`.`category_name`, `c`.`description`, `c`.`flag`, `c`.`parent_id`, `c`.`status`, `c`.`suitable_for`, `s`.`subcat_id`, `s`.`cat_id`, `s`.`flag`, `s`.`isactive`, `s`.`subcat_image_path`, `s`.`subcat_name`
FROM `tour` AS `t`
LEFT JOIN `category` AS `c` ON `t`.`category_id` = `c`.`category_id`
LEFT JOIN `sub_category_master` AS `s` ON `t`.`subcat_id` = `s`.`subcat_id`
WHERE `t`.`tour_id` = @__tourId_0
LIMIT 1
2026-08-05 20:39:33.365 +05:30 [INF] Microsoft.EntityFrameworkCore.Database.Command Executed DbCommand (0ms) [Parameters=[@__tourId_0='?' (DbType = Int32)], CommandType='"Text"', CommandTimeout='30']
SELECT `i`.`itinerary_id` AS `ItineraryId`, `i`.`day_number` AS `DayNumber`, `i`.`description` AS `Description`, `i`.`location` AS `Location`
FROM `itinerary` AS `i`
WHERE `i`.`tour_id` = @__tourId_0
ORDER BY `i`.`day_number`
2026-08-05 20:39:33.368 +05:30 [INF] Microsoft.EntityFrameworkCore.Database.Command Executed DbCommand (1ms) [Parameters=[@__tourId_0='?' (DbType = Int32), @__today_1='?' (DbType = Date)], CommandType='"Text"', CommandTimeout='30']
SELECT `s`.`schedule_id` AS `ScheduleId`, `s`.`start_date` AS `StartDate`, `s`.`available_seats` AS `AvailableSeats`, `s`.`total_seats` AS `TotalSeats`, `s`.`status` AS `Status`
FROM `schedule` AS `s`
WHERE ((`s`.`tour_id` = @__tourId_0) AND `s`.`start_date` IS NOT NULL) AND (`s`.`start_date` >= @__today_1)
ORDER BY `s`.`start_date`
2026-08-05 20:39:33.370 +05:30 [INF] Microsoft.EntityFrameworkCore.Database.Command Executed DbCommand (0ms) [Parameters=[@__tourId_0='?' (DbType = Int32)], CommandType='"Text"', CommandTimeout='30']
SELECT `c`.`cost_id` AS `CostId`, `c`.`adult_price` AS `AdultPrice`, `c`.`single_person_price` AS `SinglePersonPrice`, `c`.`extra_person_price` AS `ExtraPersonPrice`, `c`.`child_with_bed_price` AS `ChildWithBedPrice`, `c`.`child_without_bed_price` AS `ChildWithoutBedPrice`, `c`.`valid_from` AS `ValidFrom`, `c`.`valid_to` AS `ValidTo`, `c`.`is_active` AS `IsActive`
FROM `cost` AS `c`
WHERE `c`.`tour_id` = @__tourId_0
2026-08-05 20:39:33.372 +05:30 [INF] Microsoft.EntityFrameworkCore.Database.Command Executed DbCommand (0ms) [Parameters=[@__tourId_0='?' (DbType = Int32)], CommandType='"Text"', CommandTimeout='30']
SELECT `t`.`image_id` AS `ImageId`, `t`.`source` AS `Source`, `t`.`image_title` AS `ImageTitle`, `t`.`is_primary` AS `IsPrimary`, `t`.`upload_date` AS `UploadDate`
FROM `tour_images` AS `t`
WHERE `t`.`tour_id` = @__tourId_0
2026-08-05 20:39:33.374 +05:30 [INF] Microsoft.EntityFrameworkCore.Database.Command Executed DbCommand (1ms) [Parameters=[@__tourId_0='?' (DbType = Int32)], CommandType='"Text"', CommandTimeout='30']
SELECT CAST(`r`.`rating` AS double)
FROM `review` AS `r`
WHERE (`r`.`tour_id` = @__tourId_0) AND `r`.`rating` IS NOT NULL
2026-08-05 20:39:33.376 +05:30 [INF] Microsoft.EntityFrameworkCore.Database.Command Executed DbCommand (0ms) [Parameters=[@__tourId_0='?' (DbType = Int32)], CommandType='"Text"', CommandTimeout='30']
SELECT `t`.`tour_id`, `t`.`add_ons`, `t`.`category_id`, `t`.`days`, `t`.`description`, `t`.`destination`, `t`.`do_and_dont`, `t`.`location`, `t`.`nights`, `t`.`passport_and_visa`, `t`.`price`, `t`.`stay_and_meals`, `t`.`subcat_id`, `t`.`tour_name`, `t`.`tour_type`, `t`.`weather`, `c`.`category_id`, `c`.`cat_code`, `c`.`cat_image_path`, `c`.`category_name`, `c`.`description`, `c`.`flag`, `c`.`parent_id`, `c`.`status`, `c`.`suitable_for`, `s`.`subcat_id`, `s`.`cat_id`, `s`.`flag`, `s`.`isactive`, `s`.`subcat_image_path`, `s`.`subcat_name`
FROM `tour` AS `t`
LEFT JOIN `category` AS `c` ON `t`.`category_id` = `c`.`category_id`
LEFT JOIN `sub_category_master` AS `s` ON `t`.`subcat_id` = `s`.`subcat_id`
WHERE `t`.`tour_id` = @__tourId_0
LIMIT 1
2026-08-05 20:39:33.378 +05:30 [INF] Microsoft.EntityFrameworkCore.Database.Command Executed DbCommand (0ms) [Parameters=[@__tourId_0='?' (DbType = Int32)], CommandType='"Text"', CommandTimeout='30']
SELECT `i`.`itinerary_id` AS `ItineraryId`, `i`.`day_number` AS `DayNumber`, `i`.`description` AS `Description`, `i`.`location` AS `Location`
FROM `itinerary` AS `i`
WHERE `i`.`tour_id` = @__tourId_0
ORDER BY `i`.`day_number`
2026-08-05 20:39:33.380 +05:30 [INF] Microsoft.EntityFrameworkCore.Database.Command Executed DbCommand (0ms) [Parameters=[@__tourId_0='?' (DbType = Int32), @__today_1='?' (DbType = Date)], CommandType='"Text"', CommandTimeout='30']
SELECT `s`.`schedule_id` AS `ScheduleId`, `s`.`start_date` AS `StartDate`, `s`.`available_seats` AS `AvailableSeats`, `s`.`total_seats` AS `TotalSeats`, `s`.`status` AS `Status`
FROM `schedule` AS `s`
WHERE ((`s`.`tour_id` = @__tourId_0) AND `s`.`start_date` IS NOT NULL) AND (`s`.`start_date` >= @__today_1)
ORDER BY `s`.`start_date`
2026-08-05 20:39:33.383 +05:30 [INF] Microsoft.EntityFrameworkCore.Database.Command Executed DbCommand (0ms) [Parameters=[@__tourId_0='?' (DbType = Int32)], CommandType='"Text"', CommandTimeout='30']
SELECT `c`.`cost_id` AS `CostId`, `c`.`adult_price` AS `AdultPrice`, `c`.`single_person_price` AS `SinglePersonPrice`, `c`.`extra_person_price` AS `ExtraPersonPrice`, `c`.`child_with_bed_price` AS `ChildWithBedPrice`, `c`.`child_without_bed_price` AS `ChildWithoutBedPrice`, `c`.`valid_from` AS `ValidFrom`, `c`.`valid_to` AS `ValidTo`, `c`.`is_active` AS `IsActive`
FROM `cost` AS `c`
WHERE `c`.`tour_id` = @__tourId_0
2026-08-05 20:39:33.384 +05:30 [INF] Microsoft.EntityFrameworkCore.Database.Command Executed DbCommand (0ms) [Parameters=[@__tourId_0='?' (DbType = Int32)], CommandType='"Text"', CommandTimeout='30']
SELECT `t`.`image_id` AS `ImageId`, `t`.`source` AS `Source`, `t`.`image_title` AS `ImageTitle`, `t`.`is_primary` AS `IsPrimary`, `t`.`upload_date` AS `UploadDate`
FROM `tour_images` AS `t`
WHERE `t`.`tour_id` = @__tourId_0
2026-08-05 20:39:33.386 +05:30 [INF] Microsoft.EntityFrameworkCore.Database.Command Executed DbCommand (0ms) [Parameters=[@__tourId_0='?' (DbType = Int32)], CommandType='"Text"', CommandTimeout='30']
SELECT CAST(`r`.`rating` AS double)
FROM `review` AS `r`
WHERE (`r`.`tour_id` = @__tourId_0) AND `r`.`rating` IS NOT NULL
2026-08-05 20:39:33.388 +05:30 [INF] Microsoft.EntityFrameworkCore.Database.Command Executed DbCommand (1ms) [Parameters=[@__tourId_0='?' (DbType = Int32)], CommandType='"Text"', CommandTimeout='30']
SELECT `t`.`tour_id`, `t`.`add_ons`, `t`.`category_id`, `t`.`days`, `t`.`description`, `t`.`destination`, `t`.`do_and_dont`, `t`.`location`, `t`.`nights`, `t`.`passport_and_visa`, `t`.`price`, `t`.`stay_and_meals`, `t`.`subcat_id`, `t`.`tour_name`, `t`.`tour_type`, `t`.`weather`, `c`.`category_id`, `c`.`cat_code`, `c`.`cat_image_path`, `c`.`category_name`, `c`.`description`, `c`.`flag`, `c`.`parent_id`, `c`.`status`, `c`.`suitable_for`, `s`.`subcat_id`, `s`.`cat_id`, `s`.`flag`, `s`.`isactive`, `s`.`subcat_image_path`, `s`.`subcat_name`
FROM `tour` AS `t`
LEFT JOIN `category` AS `c` ON `t`.`category_id` = `c`.`category_id`
LEFT JOIN `sub_category_master` AS `s` ON `t`.`subcat_id` = `s`.`subcat_id`
WHERE `t`.`tour_id` = @__tourId_0
LIMIT 1
2026-08-05 20:39:33.391 +05:30 [INF] Microsoft.EntityFrameworkCore.Database.Command Executed DbCommand (0ms) [Parameters=[@__tourId_0='?' (DbType = Int32)], CommandType='"Text"', CommandTimeout='30']
SELECT `i`.`itinerary_id` AS `ItineraryId`, `i`.`day_number` AS `DayNumber`, `i`.`description` AS `Description`, `i`.`location` AS `Location`
FROM `itinerary` AS `i`
WHERE `i`.`tour_id` = @__tourId_0
ORDER BY `i`.`day_number`
2026-08-05 20:39:33.392 +05:30 [INF] Microsoft.EntityFrameworkCore.Database.Command Executed DbCommand (0ms) [Parameters=[@__tourId_0='?' (DbType = Int32), @__today_1='?' (DbType = Date)], CommandType='"Text"', CommandTimeout='30']
SELECT `s`.`schedule_id` AS `ScheduleId`, `s`.`start_date` AS `StartDate`, `s`.`available_seats` AS `AvailableSeats`, `s`.`total_seats` AS `TotalSeats`, `s`.`status` AS `Status`
FROM `schedule` AS `s`
WHERE ((`s`.`tour_id` = @__tourId_0) AND `s`.`start_date` IS NOT NULL) AND (`s`.`start_date` >= @__today_1)
ORDER BY `s`.`start_date`
2026-08-05 20:39:33.395 +05:30 [INF] Microsoft.EntityFrameworkCore.Database.Command Executed DbCommand (1ms) [Parameters=[@__tourId_0='?' (DbType = Int32)], CommandType='"Text"', CommandTimeout='30']
SELECT `c`.`cost_id` AS `CostId`, `c`.`adult_price` AS `AdultPrice`, `c`.`single_person_price` AS `SinglePersonPrice`, `c`.`extra_person_price` AS `ExtraPersonPrice`, `c`.`child_with_bed_price` AS `ChildWithBedPrice`, `c`.`child_without_bed_price` AS `ChildWithoutBedPrice`, `c`.`valid_from` AS `ValidFrom`, `c`.`valid_to` AS `ValidTo`, `c`.`is_active` AS `IsActive`
FROM `cost` AS `c`
WHERE `c`.`tour_id` = @__tourId_0
2026-08-05 20:39:33.398 +05:30 [INF] Microsoft.EntityFrameworkCore.Database.Command Executed DbCommand (0ms) [Parameters=[@__tourId_0='?' (DbType = Int32)], CommandType='"Text"', CommandTimeout='30']
SELECT `t`.`image_id` AS `ImageId`, `t`.`source` AS `Source`, `t`.`image_title` AS `ImageTitle`, `t`.`is_primary` AS `IsPrimary`, `t`.`upload_date` AS `UploadDate`
FROM `tour_images` AS `t`
WHERE `t`.`tour_id` = @__tourId_0
2026-08-05 20:39:33.401 +05:30 [INF] Microsoft.EntityFrameworkCore.Database.Command Executed DbCommand (1ms) [Parameters=[@__tourId_0='?' (DbType = Int32)], CommandType='"Text"', CommandTimeout='30']
SELECT CAST(`r`.`rating` AS double)
FROM `review` AS `r`
WHERE (`r`.`tour_id` = @__tourId_0) AND `r`.`rating` IS NOT NULL
2026-08-05 20:39:33.407 +05:30 [INF] Microsoft.EntityFrameworkCore.Database.Command Executed DbCommand (1ms) [Parameters=[@__tourId_0='?' (DbType = Int32)], CommandType='"Text"', CommandTimeout='30']
SELECT `t`.`tour_id`, `t`.`add_ons`, `t`.`category_id`, `t`.`days`, `t`.`description`, `t`.`destination`, `t`.`do_and_dont`, `t`.`location`, `t`.`nights`, `t`.`passport_and_visa`, `t`.`price`, `t`.`stay_and_meals`, `t`.`subcat_id`, `t`.`tour_name`, `t`.`tour_type`, `t`.`weather`, `c`.`category_id`, `c`.`cat_code`, `c`.`cat_image_path`, `c`.`category_name`, `c`.`description`, `c`.`flag`, `c`.`parent_id`, `c`.`status`, `c`.`suitable_for`, `s`.`subcat_id`, `s`.`cat_id`, `s`.`flag`, `s`.`isactive`, `s`.`subcat_image_path`, `s`.`subcat_name`
FROM `tour` AS `t`
LEFT JOIN `category` AS `c` ON `t`.`category_id` = `c`.`category_id`
LEFT JOIN `sub_category_master` AS `s` ON `t`.`subcat_id` = `s`.`subcat_id`
WHERE `t`.`tour_id` = @__tourId_0
LIMIT 1
2026-08-05 20:39:33.414 +05:30 [INF] Microsoft.EntityFrameworkCore.Database.Command Executed DbCommand (1ms) [Parameters=[@__tourId_0='?' (DbType = Int32)], CommandType='"Text"', CommandTimeout='30']
SELECT `i`.`itinerary_id` AS `ItineraryId`, `i`.`day_number` AS `DayNumber`, `i`.`description` AS `Description`, `i`.`location` AS `Location`
FROM `itinerary` AS `i`
WHERE `i`.`tour_id` = @__tourId_0
ORDER BY `i`.`day_number`
2026-08-05 20:39:33.421 +05:30 [INF] Microsoft.EntityFrameworkCore.Database.Command Executed DbCommand (1ms) [Parameters=[@__tourId_0='?' (DbType = Int32), @__today_1='?' (DbType = Date)], CommandType='"Text"', CommandTimeout='30']
SELECT `s`.`schedule_id` AS `ScheduleId`, `s`.`start_date` AS `StartDate`, `s`.`available_seats` AS `AvailableSeats`, `s`.`total_seats` AS `TotalSeats`, `s`.`status` AS `Status`
FROM `schedule` AS `s`
WHERE ((`s`.`tour_id` = @__tourId_0) AND `s`.`start_date` IS NOT NULL) AND (`s`.`start_date` >= @__today_1)
ORDER BY `s`.`start_date`
2026-08-05 20:39:33.425 +05:30 [INF] Microsoft.EntityFrameworkCore.Database.Command Executed DbCommand (0ms) [Parameters=[@__tourId_0='?' (DbType = Int32)], CommandType='"Text"', CommandTimeout='30']
SELECT `c`.`cost_id` AS `CostId`, `c`.`adult_price` AS `AdultPrice`, `c`.`single_person_price` AS `SinglePersonPrice`, `c`.`extra_person_price` AS `ExtraPersonPrice`, `c`.`child_with_bed_price` AS `ChildWithBedPrice`, `c`.`child_without_bed_price` AS `ChildWithoutBedPrice`, `c`.`valid_from` AS `ValidFrom`, `c`.`valid_to` AS `ValidTo`, `c`.`is_active` AS `IsActive`
FROM `cost` AS `c`
WHERE `c`.`tour_id` = @__tourId_0
2026-08-05 20:39:33.428 +05:30 [INF] Microsoft.EntityFrameworkCore.Database.Command Executed DbCommand (0ms) [Parameters=[@__tourId_0='?' (DbType = Int32)], CommandType='"Text"', CommandTimeout='30']
SELECT `t`.`image_id` AS `ImageId`, `t`.`source` AS `Source`, `t`.`image_title` AS `ImageTitle`, `t`.`is_primary` AS `IsPrimary`, `t`.`upload_date` AS `UploadDate`
FROM `tour_images` AS `t`
WHERE `t`.`tour_id` = @__tourId_0
2026-08-05 20:39:33.431 +05:30 [INF] Microsoft.EntityFrameworkCore.Database.Command Executed DbCommand (0ms) [Parameters=[@__tourId_0='?' (DbType = Int32)], CommandType='"Text"', CommandTimeout='30']
SELECT CAST(`r`.`rating` AS double)
FROM `review` AS `r`
WHERE (`r`.`tour_id` = @__tourId_0) AND `r`.`rating` IS NOT NULL
2026-08-05 20:39:33.433 +05:30 [INF] Serilog.AspNetCore.RequestLoggingMiddleware GET /api/admin/tours responded 200 in 463.8 ms
2026-08-05 20:39:33.441 +05:30 [INF] Microsoft.EntityFrameworkCore.Database.Command Executed DbCommand (0ms) [Parameters=[], CommandType='"Text"', CommandTimeout='30']
SELECT `t`.`tour_id`
FROM `tour` AS `t`
ORDER BY `t`.`tour_id`
2026-08-05 20:39:33.444 +05:30 [INF] Microsoft.EntityFrameworkCore.Database.Command Executed DbCommand (1ms) [Parameters=[@__tourId_0='?' (DbType = Int32)], CommandType='"Text"', CommandTimeout='30']
SELECT `t`.`tour_id`, `t`.`add_ons`, `t`.`category_id`, `t`.`days`, `t`.`description`, `t`.`destination`, `t`.`do_and_dont`, `t`.`location`, `t`.`nights`, `t`.`passport_and_visa`, `t`.`price`, `t`.`stay_and_meals`, `t`.`subcat_id`, `t`.`tour_name`, `t`.`tour_type`, `t`.`weather`, `c`.`category_id`, `c`.`cat_code`, `c`.`cat_image_path`, `c`.`category_name`, `c`.`description`, `c`.`flag`, `c`.`parent_id`, `c`.`status`, `c`.`suitable_for`, `s`.`subcat_id`, `s`.`cat_id`, `s`.`flag`, `s`.`isactive`, `s`.`subcat_image_path`, `s`.`subcat_name`
FROM `tour` AS `t`
LEFT JOIN `category` AS `c` ON `t`.`category_id` = `c`.`category_id`
LEFT JOIN `sub_category_master` AS `s` ON `t`.`subcat_id` = `s`.`subcat_id`
WHERE `t`.`tour_id` = @__tourId_0
LIMIT 1
2026-08-05 20:39:33.446 +05:30 [INF] Microsoft.EntityFrameworkCore.Database.Command Executed DbCommand (0ms) [Parameters=[@__tourId_0='?' (DbType = Int32)], CommandType='"Text"', CommandTimeout='30']
SELECT `i`.`itinerary_id` AS `ItineraryId`, `i`.`day_number` AS `DayNumber`, `i`.`description` AS `Description`, `i`.`location` AS `Location`
FROM `itinerary` AS `i`
WHERE `i`.`tour_id` = @__tourId_0
ORDER BY `i`.`day_number`
2026-08-05 20:39:33.448 +05:30 [INF] Microsoft.EntityFrameworkCore.Database.Command Executed DbCommand (0ms) [Parameters=[@__tourId_0='?' (DbType = Int32), @__today_1='?' (DbType = Date)], CommandType='"Text"', CommandTimeout='30']
SELECT `s`.`schedule_id` AS `ScheduleId`, `s`.`start_date` AS `StartDate`, `s`.`available_seats` AS `AvailableSeats`, `s`.`total_seats` AS `TotalSeats`, `s`.`status` AS `Status`
FROM `schedule` AS `s`
WHERE ((`s`.`tour_id` = @__tourId_0) AND `s`.`start_date` IS NOT NULL) AND (`s`.`start_date` >= @__today_1)
ORDER BY `s`.`start_date`
2026-08-05 20:39:33.452 +05:30 [INF] Microsoft.EntityFrameworkCore.Database.Command Executed DbCommand (1ms) [Parameters=[@__tourId_0='?' (DbType = Int32)], CommandType='"Text"', CommandTimeout='30']
SELECT `c`.`cost_id` AS `CostId`, `c`.`adult_price` AS `AdultPrice`, `c`.`single_person_price` AS `SinglePersonPrice`, `c`.`extra_person_price` AS `ExtraPersonPrice`, `c`.`child_with_bed_price` AS `ChildWithBedPrice`, `c`.`child_without_bed_price` AS `ChildWithoutBedPrice`, `c`.`valid_from` AS `ValidFrom`, `c`.`valid_to` AS `ValidTo`, `c`.`is_active` AS `IsActive`
FROM `cost` AS `c`
WHERE `c`.`tour_id` = @__tourId_0
2026-08-05 20:39:33.454 +05:30 [INF] Microsoft.EntityFrameworkCore.Database.Command Executed DbCommand (0ms) [Parameters=[@__tourId_0='?' (DbType = Int32)], CommandType='"Text"', CommandTimeout='30']
SELECT `t`.`image_id` AS `ImageId`, `t`.`source` AS `Source`, `t`.`image_title` AS `ImageTitle`, `t`.`is_primary` AS `IsPrimary`, `t`.`upload_date` AS `UploadDate`
FROM `tour_images` AS `t`
WHERE `t`.`tour_id` = @__tourId_0
2026-08-05 20:39:33.458 +05:30 [INF] Microsoft.EntityFrameworkCore.Database.Command Executed DbCommand (1ms) [Parameters=[@__tourId_0='?' (DbType = Int32)], CommandType='"Text"', CommandTimeout='30']
SELECT CAST(`r`.`rating` AS double)
FROM `review` AS `r`
WHERE (`r`.`tour_id` = @__tourId_0) AND `r`.`rating` IS NOT NULL
2026-08-05 20:39:33.461 +05:30 [INF] Microsoft.EntityFrameworkCore.Database.Command Executed DbCommand (0ms) [Parameters=[@__tourId_0='?' (DbType = Int32)], CommandType='"Text"', CommandTimeout='30']
SELECT `t`.`tour_id`, `t`.`add_ons`, `t`.`category_id`, `t`.`days`, `t`.`description`, `t`.`destination`, `t`.`do_and_dont`, `t`.`location`, `t`.`nights`, `t`.`passport_and_visa`, `t`.`price`, `t`.`stay_and_meals`, `t`.`subcat_id`, `t`.`tour_name`, `t`.`tour_type`, `t`.`weather`, `c`.`category_id`, `c`.`cat_code`, `c`.`cat_image_path`, `c`.`category_name`, `c`.`description`, `c`.`flag`, `c`.`parent_id`, `c`.`status`, `c`.`suitable_for`, `s`.`subcat_id`, `s`.`cat_id`, `s`.`flag`, `s`.`isactive`, `s`.`subcat_image_path`, `s`.`subcat_name`
FROM `tour` AS `t`
LEFT JOIN `category` AS `c` ON `t`.`category_id` = `c`.`category_id`
LEFT JOIN `sub_category_master` AS `s` ON `t`.`subcat_id` = `s`.`subcat_id`
WHERE `t`.`tour_id` = @__tourId_0
LIMIT 1
2026-08-05 20:39:33.465 +05:30 [INF] Microsoft.EntityFrameworkCore.Database.Command Executed DbCommand (1ms) [Parameters=[@__tourId_0='?' (DbType = Int32)], CommandType='"Text"', CommandTimeout='30']
SELECT `i`.`itinerary_id` AS `ItineraryId`, `i`.`day_number` AS `DayNumber`, `i`.`description` AS `Description`, `i`.`location` AS `Location`
FROM `itinerary` AS `i`
WHERE `i`.`tour_id` = @__tourId_0
ORDER BY `i`.`day_number`
2026-08-05 20:39:33.468 +05:30 [INF] Microsoft.EntityFrameworkCore.Database.Command Executed DbCommand (0ms) [Parameters=[@__tourId_0='?' (DbType = Int32), @__today_1='?' (DbType = Date)], CommandType='"Text"', CommandTimeout='30']
SELECT `s`.`schedule_id` AS `ScheduleId`, `s`.`start_date` AS `StartDate`, `s`.`available_seats` AS `AvailableSeats`, `s`.`total_seats` AS `TotalSeats`, `s`.`status` AS `Status`
FROM `schedule` AS `s`
WHERE ((`s`.`tour_id` = @__tourId_0) AND `s`.`start_date` IS NOT NULL) AND (`s`.`start_date` >= @__today_1)
ORDER BY `s`.`start_date`
2026-08-05 20:39:33.473 +05:30 [INF] Microsoft.EntityFrameworkCore.Database.Command Executed DbCommand (1ms) [Parameters=[@__tourId_0='?' (DbType = Int32)], CommandType='"Text"', CommandTimeout='30']
SELECT `c`.`cost_id` AS `CostId`, `c`.`adult_price` AS `AdultPrice`, `c`.`single_person_price` AS `SinglePersonPrice`, `c`.`extra_person_price` AS `ExtraPersonPrice`, `c`.`child_with_bed_price` AS `ChildWithBedPrice`, `c`.`child_without_bed_price` AS `ChildWithoutBedPrice`, `c`.`valid_from` AS `ValidFrom`, `c`.`valid_to` AS `ValidTo`, `c`.`is_active` AS `IsActive`
FROM `cost` AS `c`
WHERE `c`.`tour_id` = @__tourId_0
2026-08-05 20:39:33.475 +05:30 [INF] Microsoft.EntityFrameworkCore.Database.Command Executed DbCommand (0ms) [Parameters=[@__tourId_0='?' (DbType = Int32)], CommandType='"Text"', CommandTimeout='30']
SELECT `t`.`image_id` AS `ImageId`, `t`.`source` AS `Source`, `t`.`image_title` AS `ImageTitle`, `t`.`is_primary` AS `IsPrimary`, `t`.`upload_date` AS `UploadDate`
FROM `tour_images` AS `t`
WHERE `t`.`tour_id` = @__tourId_0
2026-08-05 20:39:33.477 +05:30 [INF] Microsoft.EntityFrameworkCore.Database.Command Executed DbCommand (0ms) [Parameters=[@__tourId_0='?' (DbType = Int32)], CommandType='"Text"', CommandTimeout='30']
SELECT CAST(`r`.`rating` AS double)
FROM `review` AS `r`
WHERE (`r`.`tour_id` = @__tourId_0) AND `r`.`rating` IS NOT NULL
2026-08-05 20:39:33.483 +05:30 [INF] Microsoft.EntityFrameworkCore.Database.Command Executed DbCommand (1ms) [Parameters=[@__tourId_0='?' (DbType = Int32)], CommandType='"Text"', CommandTimeout='30']
SELECT `t`.`tour_id`, `t`.`add_ons`, `t`.`category_id`, `t`.`days`, `t`.`description`, `t`.`destination`, `t`.`do_and_dont`, `t`.`location`, `t`.`nights`, `t`.`passport_and_visa`, `t`.`price`, `t`.`stay_and_meals`, `t`.`subcat_id`, `t`.`tour_name`, `t`.`tour_type`, `t`.`weather`, `c`.`category_id`, `c`.`cat_code`, `c`.`cat_image_path`, `c`.`category_name`, `c`.`description`, `c`.`flag`, `c`.`parent_id`, `c`.`status`, `c`.`suitable_for`, `s`.`subcat_id`, `s`.`cat_id`, `s`.`flag`, `s`.`isactive`, `s`.`subcat_image_path`, `s`.`subcat_name`
FROM `tour` AS `t`
LEFT JOIN `category` AS `c` ON `t`.`category_id` = `c`.`category_id`
LEFT JOIN `sub_category_master` AS `s` ON `t`.`subcat_id` = `s`.`subcat_id`
WHERE `t`.`tour_id` = @__tourId_0
LIMIT 1
2026-08-05 20:39:33.490 +05:30 [INF] Microsoft.EntityFrameworkCore.Database.Command Executed DbCommand (0ms) [Parameters=[@__tourId_0='?' (DbType = Int32)], CommandType='"Text"', CommandTimeout='30']
SELECT `i`.`itinerary_id` AS `ItineraryId`, `i`.`day_number` AS `DayNumber`, `i`.`description` AS `Description`, `i`.`location` AS `Location`
FROM `itinerary` AS `i`
WHERE `i`.`tour_id` = @__tourId_0
ORDER BY `i`.`day_number`
2026-08-05 20:39:33.493 +05:30 [INF] Microsoft.EntityFrameworkCore.Database.Command Executed DbCommand (1ms) [Parameters=[@__tourId_0='?' (DbType = Int32), @__today_1='?' (DbType = Date)], CommandType='"Text"', CommandTimeout='30']
SELECT `s`.`schedule_id` AS `ScheduleId`, `s`.`start_date` AS `StartDate`, `s`.`available_seats` AS `AvailableSeats`, `s`.`total_seats` AS `TotalSeats`, `s`.`status` AS `Status`
FROM `schedule` AS `s`
WHERE ((`s`.`tour_id` = @__tourId_0) AND `s`.`start_date` IS NOT NULL) AND (`s`.`start_date` >= @__today_1)
ORDER BY `s`.`start_date`
2026-08-05 20:39:33.495 +05:30 [INF] Microsoft.EntityFrameworkCore.Database.Command Executed DbCommand (0ms) [Parameters=[@__tourId_0='?' (DbType = Int32)], CommandType='"Text"', CommandTimeout='30']
SELECT `c`.`cost_id` AS `CostId`, `c`.`adult_price` AS `AdultPrice`, `c`.`single_person_price` AS `SinglePersonPrice`, `c`.`extra_person_price` AS `ExtraPersonPrice`, `c`.`child_with_bed_price` AS `ChildWithBedPrice`, `c`.`child_without_bed_price` AS `ChildWithoutBedPrice`, `c`.`valid_from` AS `ValidFrom`, `c`.`valid_to` AS `ValidTo`, `c`.`is_active` AS `IsActive`
FROM `cost` AS `c`
WHERE `c`.`tour_id` = @__tourId_0
2026-08-05 20:39:33.499 +05:30 [INF] Microsoft.EntityFrameworkCore.Database.Command Executed DbCommand (1ms) [Parameters=[@__tourId_0='?' (DbType = Int32)], CommandType='"Text"', CommandTimeout='30']
SELECT `t`.`image_id` AS `ImageId`, `t`.`source` AS `Source`, `t`.`image_title` AS `ImageTitle`, `t`.`is_primary` AS `IsPrimary`, `t`.`upload_date` AS `UploadDate`
FROM `tour_images` AS `t`
WHERE `t`.`tour_id` = @__tourId_0
2026-08-05 20:39:33.502 +05:30 [INF] Microsoft.EntityFrameworkCore.Database.Command Executed DbCommand (0ms) [Parameters=[@__tourId_0='?' (DbType = Int32)], CommandType='"Text"', CommandTimeout='30']
SELECT CAST(`r`.`rating` AS double)
FROM `review` AS `r`
WHERE (`r`.`tour_id` = @__tourId_0) AND `r`.`rating` IS NOT NULL
2026-08-05 20:39:33.504 +05:30 [INF] Microsoft.EntityFrameworkCore.Database.Command Executed DbCommand (0ms) [Parameters=[@__tourId_0='?' (DbType = Int32)], CommandType='"Text"', CommandTimeout='30']
SELECT `t`.`tour_id`, `t`.`add_ons`, `t`.`category_id`, `t`.`days`, `t`.`description`, `t`.`destination`, `t`.`do_and_dont`, `t`.`location`, `t`.`nights`, `t`.`passport_and_visa`, `t`.`price`, `t`.`stay_and_meals`, `t`.`subcat_id`, `t`.`tour_name`, `t`.`tour_type`, `t`.`weather`, `c`.`category_id`, `c`.`cat_code`, `c`.`cat_image_path`, `c`.`category_name`, `c`.`description`, `c`.`flag`, `c`.`parent_id`, `c`.`status`, `c`.`suitable_for`, `s`.`subcat_id`, `s`.`cat_id`, `s`.`flag`, `s`.`isactive`, `s`.`subcat_image_path`, `s`.`subcat_name`
FROM `tour` AS `t`
LEFT JOIN `category` AS `c` ON `t`.`category_id` = `c`.`category_id`
LEFT JOIN `sub_category_master` AS `s` ON `t`.`subcat_id` = `s`.`subcat_id`
WHERE `t`.`tour_id` = @__tourId_0
LIMIT 1
2026-08-05 20:39:33.508 +05:30 [INF] Microsoft.EntityFrameworkCore.Database.Command Executed DbCommand (1ms) [Parameters=[@__tourId_0='?' (DbType = Int32)], CommandType='"Text"', CommandTimeout='30']
SELECT `i`.`itinerary_id` AS `ItineraryId`, `i`.`day_number` AS `DayNumber`, `i`.`description` AS `Description`, `i`.`location` AS `Location`
FROM `itinerary` AS `i`
WHERE `i`.`tour_id` = @__tourId_0
ORDER BY `i`.`day_number`
2026-08-05 20:39:33.510 +05:30 [INF] Microsoft.EntityFrameworkCore.Database.Command Executed DbCommand (0ms) [Parameters=[@__tourId_0='?' (DbType = Int32), @__today_1='?' (DbType = Date)], CommandType='"Text"', CommandTimeout='30']
SELECT `s`.`schedule_id` AS `ScheduleId`, `s`.`start_date` AS `StartDate`, `s`.`available_seats` AS `AvailableSeats`, `s`.`total_seats` AS `TotalSeats`, `s`.`status` AS `Status`
FROM `schedule` AS `s`
WHERE ((`s`.`tour_id` = @__tourId_0) AND `s`.`start_date` IS NOT NULL) AND (`s`.`start_date` >= @__today_1)
ORDER BY `s`.`start_date`
2026-08-05 20:39:33.512 +05:30 [INF] Microsoft.EntityFrameworkCore.Database.Command Executed DbCommand (0ms) [Parameters=[@__tourId_0='?' (DbType = Int32)], CommandType='"Text"', CommandTimeout='30']
SELECT `c`.`cost_id` AS `CostId`, `c`.`adult_price` AS `AdultPrice`, `c`.`single_person_price` AS `SinglePersonPrice`, `c`.`extra_person_price` AS `ExtraPersonPrice`, `c`.`child_with_bed_price` AS `ChildWithBedPrice`, `c`.`child_without_bed_price` AS `ChildWithoutBedPrice`, `c`.`valid_from` AS `ValidFrom`, `c`.`valid_to` AS `ValidTo`, `c`.`is_active` AS `IsActive`
FROM `cost` AS `c`
WHERE `c`.`tour_id` = @__tourId_0
2026-08-05 20:39:33.515 +05:30 [INF] Microsoft.EntityFrameworkCore.Database.Command Executed DbCommand (0ms) [Parameters=[@__tourId_0='?' (DbType = Int32)], CommandType='"Text"', CommandTimeout='30']
SELECT `t`.`image_id` AS `ImageId`, `t`.`source` AS `Source`, `t`.`image_title` AS `ImageTitle`, `t`.`is_primary` AS `IsPrimary`, `t`.`upload_date` AS `UploadDate`
FROM `tour_images` AS `t`
WHERE `t`.`tour_id` = @__tourId_0
2026-08-05 20:39:33.518 +05:30 [INF] Microsoft.EntityFrameworkCore.Database.Command Executed DbCommand (0ms) [Parameters=[@__tourId_0='?' (DbType = Int32)], CommandType='"Text"', CommandTimeout='30']
SELECT CAST(`r`.`rating` AS double)
FROM `review` AS `r`
WHERE (`r`.`tour_id` = @__tourId_0) AND `r`.`rating` IS NOT NULL
2026-08-05 20:39:33.524 +05:30 [INF] Microsoft.EntityFrameworkCore.Database.Command Executed DbCommand (0ms) [Parameters=[@__tourId_0='?' (DbType = Int32)], CommandType='"Text"', CommandTimeout='30']
SELECT `t`.`tour_id`, `t`.`add_ons`, `t`.`category_id`, `t`.`days`, `t`.`description`, `t`.`destination`, `t`.`do_and_dont`, `t`.`location`, `t`.`nights`, `t`.`passport_and_visa`, `t`.`price`, `t`.`stay_and_meals`, `t`.`subcat_id`, `t`.`tour_name`, `t`.`tour_type`, `t`.`weather`, `c`.`category_id`, `c`.`cat_code`, `c`.`cat_image_path`, `c`.`category_name`, `c`.`description`, `c`.`flag`, `c`.`parent_id`, `c`.`status`, `c`.`suitable_for`, `s`.`subcat_id`, `s`.`cat_id`, `s`.`flag`, `s`.`isactive`, `s`.`subcat_image_path`, `s`.`subcat_name`
FROM `tour` AS `t`
LEFT JOIN `category` AS `c` ON `t`.`category_id` = `c`.`category_id`
LEFT JOIN `sub_category_master` AS `s` ON `t`.`subcat_id` = `s`.`subcat_id`
WHERE `t`.`tour_id` = @__tourId_0
LIMIT 1
2026-08-05 20:39:33.529 +05:30 [INF] Microsoft.EntityFrameworkCore.Database.Command Executed DbCommand (1ms) [Parameters=[@__tourId_0='?' (DbType = Int32)], CommandType='"Text"', CommandTimeout='30']
SELECT `i`.`itinerary_id` AS `ItineraryId`, `i`.`day_number` AS `DayNumber`, `i`.`description` AS `Description`, `i`.`location` AS `Location`
FROM `itinerary` AS `i`
WHERE `i`.`tour_id` = @__tourId_0
ORDER BY `i`.`day_number`
2026-08-05 20:39:33.531 +05:30 [INF] Microsoft.EntityFrameworkCore.Database.Command Executed DbCommand (0ms) [Parameters=[@__tourId_0='?' (DbType = Int32), @__today_1='?' (DbType = Date)], CommandType='"Text"', CommandTimeout='30']
SELECT `s`.`schedule_id` AS `ScheduleId`, `s`.`start_date` AS `StartDate`, `s`.`available_seats` AS `AvailableSeats`, `s`.`total_seats` AS `TotalSeats`, `s`.`status` AS `Status`
FROM `schedule` AS `s`
WHERE ((`s`.`tour_id` = @__tourId_0) AND `s`.`start_date` IS NOT NULL) AND (`s`.`start_date` >= @__today_1)
ORDER BY `s`.`start_date`
2026-08-05 20:39:33.534 +05:30 [INF] Microsoft.EntityFrameworkCore.Database.Command Executed DbCommand (0ms) [Parameters=[@__tourId_0='?' (DbType = Int32)], CommandType='"Text"', CommandTimeout='30']
SELECT `c`.`cost_id` AS `CostId`, `c`.`adult_price` AS `AdultPrice`, `c`.`single_person_price` AS `SinglePersonPrice`, `c`.`extra_person_price` AS `ExtraPersonPrice`, `c`.`child_with_bed_price` AS `ChildWithBedPrice`, `c`.`child_without_bed_price` AS `ChildWithoutBedPrice`, `c`.`valid_from` AS `ValidFrom`, `c`.`valid_to` AS `ValidTo`, `c`.`is_active` AS `IsActive`
FROM `cost` AS `c`
WHERE `c`.`tour_id` = @__tourId_0
2026-08-05 20:39:33.537 +05:30 [INF] Microsoft.EntityFrameworkCore.Database.Command Executed DbCommand (0ms) [Parameters=[@__tourId_0='?' (DbType = Int32)], CommandType='"Text"', CommandTimeout='30']
SELECT `t`.`image_id` AS `ImageId`, `t`.`source` AS `Source`, `t`.`image_title` AS `ImageTitle`, `t`.`is_primary` AS `IsPrimary`, `t`.`upload_date` AS `UploadDate`
FROM `tour_images` AS `t`
WHERE `t`.`tour_id` = @__tourId_0
2026-08-05 20:39:33.539 +05:30 [INF] Microsoft.EntityFrameworkCore.Database.Command Executed DbCommand (0ms) [Parameters=[@__tourId_0='?' (DbType = Int32)], CommandType='"Text"', CommandTimeout='30']
SELECT CAST(`r`.`rating` AS double)
FROM `review` AS `r`
WHERE (`r`.`tour_id` = @__tourId_0) AND `r`.`rating` IS NOT NULL
2026-08-05 20:39:33.543 +05:30 [INF] Microsoft.EntityFrameworkCore.Database.Command Executed DbCommand (1ms) [Parameters=[@__tourId_0='?' (DbType = Int32)], CommandType='"Text"', CommandTimeout='30']
SELECT `t`.`tour_id`, `t`.`add_ons`, `t`.`category_id`, `t`.`days`, `t`.`description`, `t`.`destination`, `t`.`do_and_dont`, `t`.`location`, `t`.`nights`, `t`.`passport_and_visa`, `t`.`price`, `t`.`stay_and_meals`, `t`.`subcat_id`, `t`.`tour_name`, `t`.`tour_type`, `t`.`weather`, `c`.`category_id`, `c`.`cat_code`, `c`.`cat_image_path`, `c`.`category_name`, `c`.`description`, `c`.`flag`, `c`.`parent_id`, `c`.`status`, `c`.`suitable_for`, `s`.`subcat_id`, `s`.`cat_id`, `s`.`flag`, `s`.`isactive`, `s`.`subcat_image_path`, `s`.`subcat_name`
FROM `tour` AS `t`
LEFT JOIN `category` AS `c` ON `t`.`category_id` = `c`.`category_id`
LEFT JOIN `sub_category_master` AS `s` ON `t`.`subcat_id` = `s`.`subcat_id`
WHERE `t`.`tour_id` = @__tourId_0
LIMIT 1
2026-08-05 20:39:33.546 +05:30 [INF] Microsoft.EntityFrameworkCore.Database.Command Executed DbCommand (0ms) [Parameters=[@__tourId_0='?' (DbType = Int32)], CommandType='"Text"', CommandTimeout='30']
SELECT `i`.`itinerary_id` AS `ItineraryId`, `i`.`day_number` AS `DayNumber`, `i`.`description` AS `Description`, `i`.`location` AS `Location`
FROM `itinerary` AS `i`
WHERE `i`.`tour_id` = @__tourId_0
ORDER BY `i`.`day_number`
2026-08-05 20:39:33.550 +05:30 [INF] Microsoft.EntityFrameworkCore.Database.Command Executed DbCommand (1ms) [Parameters=[@__tourId_0='?' (DbType = Int32), @__today_1='?' (DbType = Date)], CommandType='"Text"', CommandTimeout='30']
SELECT `s`.`schedule_id` AS `ScheduleId`, `s`.`start_date` AS `StartDate`, `s`.`available_seats` AS `AvailableSeats`, `s`.`total_seats` AS `TotalSeats`, `s`.`status` AS `Status`
FROM `schedule` AS `s`
WHERE ((`s`.`tour_id` = @__tourId_0) AND `s`.`start_date` IS NOT NULL) AND (`s`.`start_date` >= @__today_1)
ORDER BY `s`.`start_date`
2026-08-05 20:39:33.552 +05:30 [INF] Microsoft.EntityFrameworkCore.Database.Command Executed DbCommand (0ms) [Parameters=[@__tourId_0='?' (DbType = Int32)], CommandType='"Text"', CommandTimeout='30']
SELECT `c`.`cost_id` AS `CostId`, `c`.`adult_price` AS `AdultPrice`, `c`.`single_person_price` AS `SinglePersonPrice`, `c`.`extra_person_price` AS `ExtraPersonPrice`, `c`.`child_with_bed_price` AS `ChildWithBedPrice`, `c`.`child_without_bed_price` AS `ChildWithoutBedPrice`, `c`.`valid_from` AS `ValidFrom`, `c`.`valid_to` AS `ValidTo`, `c`.`is_active` AS `IsActive`
FROM `cost` AS `c`
WHERE `c`.`tour_id` = @__tourId_0
2026-08-05 20:39:33.556 +05:30 [INF] Microsoft.EntityFrameworkCore.Database.Command Executed DbCommand (1ms) [Parameters=[@__tourId_0='?' (DbType = Int32)], CommandType='"Text"', CommandTimeout='30']
SELECT `t`.`image_id` AS `ImageId`, `t`.`source` AS `Source`, `t`.`image_title` AS `ImageTitle`, `t`.`is_primary` AS `IsPrimary`, `t`.`upload_date` AS `UploadDate`
FROM `tour_images` AS `t`
WHERE `t`.`tour_id` = @__tourId_0
2026-08-05 20:39:33.559 +05:30 [INF] Microsoft.EntityFrameworkCore.Database.Command Executed DbCommand (0ms) [Parameters=[@__tourId_0='?' (DbType = Int32)], CommandType='"Text"', CommandTimeout='30']
SELECT CAST(`r`.`rating` AS double)
FROM `review` AS `r`
WHERE (`r`.`tour_id` = @__tourId_0) AND `r`.`rating` IS NOT NULL
2026-08-05 20:39:33.563 +05:30 [INF] Microsoft.EntityFrameworkCore.Database.Command Executed DbCommand (1ms) [Parameters=[@__tourId_0='?' (DbType = Int32)], CommandType='"Text"', CommandTimeout='30']
SELECT `t`.`tour_id`, `t`.`add_ons`, `t`.`category_id`, `t`.`days`, `t`.`description`, `t`.`destination`, `t`.`do_and_dont`, `t`.`location`, `t`.`nights`, `t`.`passport_and_visa`, `t`.`price`, `t`.`stay_and_meals`, `t`.`subcat_id`, `t`.`tour_name`, `t`.`tour_type`, `t`.`weather`, `c`.`category_id`, `c`.`cat_code`, `c`.`cat_image_path`, `c`.`category_name`, `c`.`description`, `c`.`flag`, `c`.`parent_id`, `c`.`status`, `c`.`suitable_for`, `s`.`subcat_id`, `s`.`cat_id`, `s`.`flag`, `s`.`isactive`, `s`.`subcat_image_path`, `s`.`subcat_name`
FROM `tour` AS `t`
LEFT JOIN `category` AS `c` ON `t`.`category_id` = `c`.`category_id`
LEFT JOIN `sub_category_master` AS `s` ON `t`.`subcat_id` = `s`.`subcat_id`
WHERE `t`.`tour_id` = @__tourId_0
LIMIT 1
2026-08-05 20:39:33.565 +05:30 [INF] Microsoft.EntityFrameworkCore.Database.Command Executed DbCommand (0ms) [Parameters=[@__tourId_0='?' (DbType = Int32)], CommandType='"Text"', CommandTimeout='30']
SELECT `i`.`itinerary_id` AS `ItineraryId`, `i`.`day_number` AS `DayNumber`, `i`.`description` AS `Description`, `i`.`location` AS `Location`
FROM `itinerary` AS `i`
WHERE `i`.`tour_id` = @__tourId_0
ORDER BY `i`.`day_number`
2026-08-05 20:39:33.569 +05:30 [INF] Microsoft.EntityFrameworkCore.Database.Command Executed DbCommand (1ms) [Parameters=[@__tourId_0='?' (DbType = Int32), @__today_1='?' (DbType = Date)], CommandType='"Text"', CommandTimeout='30']
SELECT `s`.`schedule_id` AS `ScheduleId`, `s`.`start_date` AS `StartDate`, `s`.`available_seats` AS `AvailableSeats`, `s`.`total_seats` AS `TotalSeats`, `s`.`status` AS `Status`
FROM `schedule` AS `s`
WHERE ((`s`.`tour_id` = @__tourId_0) AND `s`.`start_date` IS NOT NULL) AND (`s`.`start_date` >= @__today_1)
ORDER BY `s`.`start_date`
2026-08-05 20:39:33.572 +05:30 [INF] Microsoft.EntityFrameworkCore.Database.Command Executed DbCommand (0ms) [Parameters=[@__tourId_0='?' (DbType = Int32)], CommandType='"Text"', CommandTimeout='30']
SELECT `c`.`cost_id` AS `CostId`, `c`.`adult_price` AS `AdultPrice`, `c`.`single_person_price` AS `SinglePersonPrice`, `c`.`extra_person_price` AS `ExtraPersonPrice`, `c`.`child_with_bed_price` AS `ChildWithBedPrice`, `c`.`child_without_bed_price` AS `ChildWithoutBedPrice`, `c`.`valid_from` AS `ValidFrom`, `c`.`valid_to` AS `ValidTo`, `c`.`is_active` AS `IsActive`
FROM `cost` AS `c`
WHERE `c`.`tour_id` = @__tourId_0
2026-08-05 20:39:33.575 +05:30 [INF] Microsoft.EntityFrameworkCore.Database.Command Executed DbCommand (1ms) [Parameters=[@__tourId_0='?' (DbType = Int32)], CommandType='"Text"', CommandTimeout='30']
SELECT `t`.`image_id` AS `ImageId`, `t`.`source` AS `Source`, `t`.`image_title` AS `ImageTitle`, `t`.`is_primary` AS `IsPrimary`, `t`.`upload_date` AS `UploadDate`
FROM `tour_images` AS `t`
WHERE `t`.`tour_id` = @__tourId_0
2026-08-05 20:39:33.578 +05:30 [INF] Microsoft.EntityFrameworkCore.Database.Command Executed DbCommand (0ms) [Parameters=[@__tourId_0='?' (DbType = Int32)], CommandType='"Text"', CommandTimeout='30']
SELECT CAST(`r`.`rating` AS double)
FROM `review` AS `r`
WHERE (`r`.`tour_id` = @__tourId_0) AND `r`.`rating` IS NOT NULL
2026-08-05 20:39:33.581 +05:30 [INF] Microsoft.EntityFrameworkCore.Database.Command Executed DbCommand (1ms) [Parameters=[@__tourId_0='?' (DbType = Int32)], CommandType='"Text"', CommandTimeout='30']
SELECT `t`.`tour_id`, `t`.`add_ons`, `t`.`category_id`, `t`.`days`, `t`.`description`, `t`.`destination`, `t`.`do_and_dont`, `t`.`location`, `t`.`nights`, `t`.`passport_and_visa`, `t`.`price`, `t`.`stay_and_meals`, `t`.`subcat_id`, `t`.`tour_name`, `t`.`tour_type`, `t`.`weather`, `c`.`category_id`, `c`.`cat_code`, `c`.`cat_image_path`, `c`.`category_name`, `c`.`description`, `c`.`flag`, `c`.`parent_id`, `c`.`status`, `c`.`suitable_for`, `s`.`subcat_id`, `s`.`cat_id`, `s`.`flag`, `s`.`isactive`, `s`.`subcat_image_path`, `s`.`subcat_name`
FROM `tour` AS `t`
LEFT JOIN `category` AS `c` ON `t`.`category_id` = `c`.`category_id`
LEFT JOIN `sub_category_master` AS `s` ON `t`.`subcat_id` = `s`.`subcat_id`
WHERE `t`.`tour_id` = @__tourId_0
LIMIT 1
2026-08-05 20:39:33.585 +05:30 [INF] Microsoft.EntityFrameworkCore.Database.Command Executed DbCommand (0ms) [Parameters=[@__tourId_0='?' (DbType = Int32)], CommandType='"Text"', CommandTimeout='30']
SELECT `i`.`itinerary_id` AS `ItineraryId`, `i`.`day_number` AS `DayNumber`, `i`.`description` AS `Description`, `i`.`location` AS `Location`
FROM `itinerary` AS `i`
WHERE `i`.`tour_id` = @__tourId_0
ORDER BY `i`.`day_number`
2026-08-05 20:39:33.587 +05:30 [INF] Microsoft.EntityFrameworkCore.Database.Command Executed DbCommand (0ms) [Parameters=[@__tourId_0='?' (DbType = Int32), @__today_1='?' (DbType = Date)], CommandType='"Text"', CommandTimeout='30']
SELECT `s`.`schedule_id` AS `ScheduleId`, `s`.`start_date` AS `StartDate`, `s`.`available_seats` AS `AvailableSeats`, `s`.`total_seats` AS `TotalSeats`, `s`.`status` AS `Status`
FROM `schedule` AS `s`
WHERE ((`s`.`tour_id` = @__tourId_0) AND `s`.`start_date` IS NOT NULL) AND (`s`.`start_date` >= @__today_1)
ORDER BY `s`.`start_date`
2026-08-05 20:39:33.593 +05:30 [INF] Microsoft.EntityFrameworkCore.Database.Command Executed DbCommand (0ms) [Parameters=[@__tourId_0='?' (DbType = Int32)], CommandType='"Text"', CommandTimeout='30']
SELECT `c`.`cost_id` AS `CostId`, `c`.`adult_price` AS `AdultPrice`, `c`.`single_person_price` AS `SinglePersonPrice`, `c`.`extra_person_price` AS `ExtraPersonPrice`, `c`.`child_with_bed_price` AS `ChildWithBedPrice`, `c`.`child_without_bed_price` AS `ChildWithoutBedPrice`, `c`.`valid_from` AS `ValidFrom`, `c`.`valid_to` AS `ValidTo`, `c`.`is_active` AS `IsActive`
FROM `cost` AS `c`
WHERE `c`.`tour_id` = @__tourId_0
2026-08-05 20:39:33.595 +05:30 [INF] Microsoft.EntityFrameworkCore.Database.Command Executed DbCommand (1ms) [Parameters=[@__tourId_0='?' (DbType = Int32)], CommandType='"Text"', CommandTimeout='30']
SELECT `t`.`image_id` AS `ImageId`, `t`.`source` AS `Source`, `t`.`image_title` AS `ImageTitle`, `t`.`is_primary` AS `IsPrimary`, `t`.`upload_date` AS `UploadDate`
FROM `tour_images` AS `t`
WHERE `t`.`tour_id` = @__tourId_0
2026-08-05 20:39:33.599 +05:30 [INF] Microsoft.EntityFrameworkCore.Database.Command Executed DbCommand (0ms) [Parameters=[@__tourId_0='?' (DbType = Int32)], CommandType='"Text"', CommandTimeout='30']
SELECT CAST(`r`.`rating` AS double)
FROM `review` AS `r`
WHERE (`r`.`tour_id` = @__tourId_0) AND `r`.`rating` IS NOT NULL
2026-08-05 20:39:33.601 +05:30 [INF] Microsoft.EntityFrameworkCore.Database.Command Executed DbCommand (0ms) [Parameters=[@__tourId_0='?' (DbType = Int32)], CommandType='"Text"', CommandTimeout='30']
SELECT `t`.`tour_id`, `t`.`add_ons`, `t`.`category_id`, `t`.`days`, `t`.`description`, `t`.`destination`, `t`.`do_and_dont`, `t`.`location`, `t`.`nights`, `t`.`passport_and_visa`, `t`.`price`, `t`.`stay_and_meals`, `t`.`subcat_id`, `t`.`tour_name`, `t`.`tour_type`, `t`.`weather`, `c`.`category_id`, `c`.`cat_code`, `c`.`cat_image_path`, `c`.`category_name`, `c`.`description`, `c`.`flag`, `c`.`parent_id`, `c`.`status`, `c`.`suitable_for`, `s`.`subcat_id`, `s`.`cat_id`, `s`.`flag`, `s`.`isactive`, `s`.`subcat_image_path`, `s`.`subcat_name`
FROM `tour` AS `t`
LEFT JOIN `category` AS `c` ON `t`.`category_id` = `c`.`category_id`
LEFT JOIN `sub_category_master` AS `s` ON `t`.`subcat_id` = `s`.`subcat_id`
WHERE `t`.`tour_id` = @__tourId_0
LIMIT 1
2026-08-05 20:39:33.605 +05:30 [INF] Microsoft.EntityFrameworkCore.Database.Command Executed DbCommand (1ms) [Parameters=[@__tourId_0='?' (DbType = Int32)], CommandType='"Text"', CommandTimeout='30']
SELECT `i`.`itinerary_id` AS `ItineraryId`, `i`.`day_number` AS `DayNumber`, `i`.`description` AS `Description`, `i`.`location` AS `Location`
FROM `itinerary` AS `i`
WHERE `i`.`tour_id` = @__tourId_0
ORDER BY `i`.`day_number`
2026-08-05 20:39:33.608 +05:30 [INF] Microsoft.EntityFrameworkCore.Database.Command Executed DbCommand (0ms) [Parameters=[@__tourId_0='?' (DbType = Int32), @__today_1='?' (DbType = Date)], CommandType='"Text"', CommandTimeout='30']
SELECT `s`.`schedule_id` AS `ScheduleId`, `s`.`start_date` AS `StartDate`, `s`.`available_seats` AS `AvailableSeats`, `s`.`total_seats` AS `TotalSeats`, `s`.`status` AS `Status`
FROM `schedule` AS `s`
WHERE ((`s`.`tour_id` = @__tourId_0) AND `s`.`start_date` IS NOT NULL) AND (`s`.`start_date` >= @__today_1)
ORDER BY `s`.`start_date`
2026-08-05 20:39:33.611 +05:30 [INF] Microsoft.EntityFrameworkCore.Database.Command Executed DbCommand (0ms) [Parameters=[@__tourId_0='?' (DbType = Int32)], CommandType='"Text"', CommandTimeout='30']
SELECT `c`.`cost_id` AS `CostId`, `c`.`adult_price` AS `AdultPrice`, `c`.`single_person_price` AS `SinglePersonPrice`, `c`.`extra_person_price` AS `ExtraPersonPrice`, `c`.`child_with_bed_price` AS `ChildWithBedPrice`, `c`.`child_without_bed_price` AS `ChildWithoutBedPrice`, `c`.`valid_from` AS `ValidFrom`, `c`.`valid_to` AS `ValidTo`, `c`.`is_active` AS `IsActive`
FROM `cost` AS `c`
WHERE `c`.`tour_id` = @__tourId_0
2026-08-05 20:39:33.614 +05:30 [INF] Microsoft.EntityFrameworkCore.Database.Command Executed DbCommand (0ms) [Parameters=[@__tourId_0='?' (DbType = Int32)], CommandType='"Text"', CommandTimeout='30']
SELECT `t`.`image_id` AS `ImageId`, `t`.`source` AS `Source`, `t`.`image_title` AS `ImageTitle`, `t`.`is_primary` AS `IsPrimary`, `t`.`upload_date` AS `UploadDate`
FROM `tour_images` AS `t`
WHERE `t`.`tour_id` = @__tourId_0
2026-08-05 20:39:33.616 +05:30 [INF] Microsoft.EntityFrameworkCore.Database.Command Executed DbCommand (0ms) [Parameters=[@__tourId_0='?' (DbType = Int32)], CommandType='"Text"', CommandTimeout='30']
SELECT CAST(`r`.`rating` AS double)
FROM `review` AS `r`
WHERE (`r`.`tour_id` = @__tourId_0) AND `r`.`rating` IS NOT NULL
2026-08-05 20:39:33.619 +05:30 [INF] Microsoft.EntityFrameworkCore.Database.Command Executed DbCommand (0ms) [Parameters=[@__tourId_0='?' (DbType = Int32)], CommandType='"Text"', CommandTimeout='30']
SELECT `t`.`tour_id`, `t`.`add_ons`, `t`.`category_id`, `t`.`days`, `t`.`description`, `t`.`destination`, `t`.`do_and_dont`, `t`.`location`, `t`.`nights`, `t`.`passport_and_visa`, `t`.`price`, `t`.`stay_and_meals`, `t`.`subcat_id`, `t`.`tour_name`, `t`.`tour_type`, `t`.`weather`, `c`.`category_id`, `c`.`cat_code`, `c`.`cat_image_path`, `c`.`category_name`, `c`.`description`, `c`.`flag`, `c`.`parent_id`, `c`.`status`, `c`.`suitable_for`, `s`.`subcat_id`, `s`.`cat_id`, `s`.`flag`, `s`.`isactive`, `s`.`subcat_image_path`, `s`.`subcat_name`
FROM `tour` AS `t`
LEFT JOIN `category` AS `c` ON `t`.`category_id` = `c`.`category_id`
LEFT JOIN `sub_category_master` AS `s` ON `t`.`subcat_id` = `s`.`subcat_id`
WHERE `t`.`tour_id` = @__tourId_0
LIMIT 1
2026-08-05 20:39:33.621 +05:30 [INF] Microsoft.EntityFrameworkCore.Database.Command Executed DbCommand (0ms) [Parameters=[@__tourId_0='?' (DbType = Int32)], CommandType='"Text"', CommandTimeout='30']
SELECT `i`.`itinerary_id` AS `ItineraryId`, `i`.`day_number` AS `DayNumber`, `i`.`description` AS `Description`, `i`.`location` AS `Location`
FROM `itinerary` AS `i`
WHERE `i`.`tour_id` = @__tourId_0
ORDER BY `i`.`day_number`
2026-08-05 20:39:33.625 +05:30 [INF] Microsoft.EntityFrameworkCore.Database.Command Executed DbCommand (1ms) [Parameters=[@__tourId_0='?' (DbType = Int32), @__today_1='?' (DbType = Date)], CommandType='"Text"', CommandTimeout='30']
SELECT `s`.`schedule_id` AS `ScheduleId`, `s`.`start_date` AS `StartDate`, `s`.`available_seats` AS `AvailableSeats`, `s`.`total_seats` AS `TotalSeats`, `s`.`status` AS `Status`
FROM `schedule` AS `s`
WHERE ((`s`.`tour_id` = @__tourId_0) AND `s`.`start_date` IS NOT NULL) AND (`s`.`start_date` >= @__today_1)
ORDER BY `s`.`start_date`
2026-08-05 20:39:33.628 +05:30 [INF] Microsoft.EntityFrameworkCore.Database.Command Executed DbCommand (0ms) [Parameters=[@__tourId_0='?' (DbType = Int32)], CommandType='"Text"', CommandTimeout='30']
SELECT `c`.`cost_id` AS `CostId`, `c`.`adult_price` AS `AdultPrice`, `c`.`single_person_price` AS `SinglePersonPrice`, `c`.`extra_person_price` AS `ExtraPersonPrice`, `c`.`child_with_bed_price` AS `ChildWithBedPrice`, `c`.`child_without_bed_price` AS `ChildWithoutBedPrice`, `c`.`valid_from` AS `ValidFrom`, `c`.`valid_to` AS `ValidTo`, `c`.`is_active` AS `IsActive`
FROM `cost` AS `c`
WHERE `c`.`tour_id` = @__tourId_0
2026-08-05 20:39:33.630 +05:30 [INF] Microsoft.EntityFrameworkCore.Database.Command Executed DbCommand (1ms) [Parameters=[@__tourId_0='?' (DbType = Int32)], CommandType='"Text"', CommandTimeout='30']
SELECT `t`.`image_id` AS `ImageId`, `t`.`source` AS `Source`, `t`.`image_title` AS `ImageTitle`, `t`.`is_primary` AS `IsPrimary`, `t`.`upload_date` AS `UploadDate`
FROM `tour_images` AS `t`
WHERE `t`.`tour_id` = @__tourId_0
2026-08-05 20:39:33.633 +05:30 [INF] Microsoft.EntityFrameworkCore.Database.Command Executed DbCommand (0ms) [Parameters=[@__tourId_0='?' (DbType = Int32)], CommandType='"Text"', CommandTimeout='30']
SELECT CAST(`r`.`rating` AS double)
FROM `review` AS `r`
WHERE (`r`.`tour_id` = @__tourId_0) AND `r`.`rating` IS NOT NULL
2026-08-05 20:39:33.636 +05:30 [INF] Microsoft.EntityFrameworkCore.Database.Command Executed DbCommand (0ms) [Parameters=[@__tourId_0='?' (DbType = Int32)], CommandType='"Text"', CommandTimeout='30']
SELECT `t`.`tour_id`, `t`.`add_ons`, `t`.`category_id`, `t`.`days`, `t`.`description`, `t`.`destination`, `t`.`do_and_dont`, `t`.`location`, `t`.`nights`, `t`.`passport_and_visa`, `t`.`price`, `t`.`stay_and_meals`, `t`.`subcat_id`, `t`.`tour_name`, `t`.`tour_type`, `t`.`weather`, `c`.`category_id`, `c`.`cat_code`, `c`.`cat_image_path`, `c`.`category_name`, `c`.`description`, `c`.`flag`, `c`.`parent_id`, `c`.`status`, `c`.`suitable_for`, `s`.`subcat_id`, `s`.`cat_id`, `s`.`flag`, `s`.`isactive`, `s`.`subcat_image_path`, `s`.`subcat_name`
FROM `tour` AS `t`
LEFT JOIN `category` AS `c` ON `t`.`category_id` = `c`.`category_id`
LEFT JOIN `sub_category_master` AS `s` ON `t`.`subcat_id` = `s`.`subcat_id`
WHERE `t`.`tour_id` = @__tourId_0
LIMIT 1
2026-08-05 20:39:33.639 +05:30 [INF] Microsoft.EntityFrameworkCore.Database.Command Executed DbCommand (1ms) [Parameters=[@__tourId_0='?' (DbType = Int32)], CommandType='"Text"', CommandTimeout='30']
SELECT `i`.`itinerary_id` AS `ItineraryId`, `i`.`day_number` AS `DayNumber`, `i`.`description` AS `Description`, `i`.`location` AS `Location`
FROM `itinerary` AS `i`
WHERE `i`.`tour_id` = @__tourId_0
ORDER BY `i`.`day_number`
2026-08-05 20:39:33.641 +05:30 [INF] Microsoft.EntityFrameworkCore.Database.Command Executed DbCommand (0ms) [Parameters=[@__tourId_0='?' (DbType = Int32), @__today_1='?' (DbType = Date)], CommandType='"Text"', CommandTimeout='30']
SELECT `s`.`schedule_id` AS `ScheduleId`, `s`.`start_date` AS `StartDate`, `s`.`available_seats` AS `AvailableSeats`, `s`.`total_seats` AS `TotalSeats`, `s`.`status` AS `Status`
FROM `schedule` AS `s`
WHERE ((`s`.`tour_id` = @__tourId_0) AND `s`.`start_date` IS NOT NULL) AND (`s`.`start_date` >= @__today_1)
ORDER BY `s`.`start_date`
2026-08-05 20:39:33.644 +05:30 [INF] Microsoft.EntityFrameworkCore.Database.Command Executed DbCommand (0ms) [Parameters=[@__tourId_0='?' (DbType = Int32)], CommandType='"Text"', CommandTimeout='30']
SELECT `c`.`cost_id` AS `CostId`, `c`.`adult_price` AS `AdultPrice`, `c`.`single_person_price` AS `SinglePersonPrice`, `c`.`extra_person_price` AS `ExtraPersonPrice`, `c`.`child_with_bed_price` AS `ChildWithBedPrice`, `c`.`child_without_bed_price` AS `ChildWithoutBedPrice`, `c`.`valid_from` AS `ValidFrom`, `c`.`valid_to` AS `ValidTo`, `c`.`is_active` AS `IsActive`
FROM `cost` AS `c`
WHERE `c`.`tour_id` = @__tourId_0
2026-08-05 20:39:33.647 +05:30 [INF] Microsoft.EntityFrameworkCore.Database.Command Executed DbCommand (0ms) [Parameters=[@__tourId_0='?' (DbType = Int32)], CommandType='"Text"', CommandTimeout='30']
SELECT `t`.`image_id` AS `ImageId`, `t`.`source` AS `Source`, `t`.`image_title` AS `ImageTitle`, `t`.`is_primary` AS `IsPrimary`, `t`.`upload_date` AS `UploadDate`
FROM `tour_images` AS `t`
WHERE `t`.`tour_id` = @__tourId_0
2026-08-05 20:39:33.649 +05:30 [INF] Microsoft.EntityFrameworkCore.Database.Command Executed DbCommand (0ms) [Parameters=[@__tourId_0='?' (DbType = Int32)], CommandType='"Text"', CommandTimeout='30']
SELECT CAST(`r`.`rating` AS double)
FROM `review` AS `r`
WHERE (`r`.`tour_id` = @__tourId_0) AND `r`.`rating` IS NOT NULL
2026-08-05 20:39:33.651 +05:30 [INF] Microsoft.EntityFrameworkCore.Database.Command Executed DbCommand (0ms) [Parameters=[@__tourId_0='?' (DbType = Int32)], CommandType='"Text"', CommandTimeout='30']
SELECT `t`.`tour_id`, `t`.`add_ons`, `t`.`category_id`, `t`.`days`, `t`.`description`, `t`.`destination`, `t`.`do_and_dont`, `t`.`location`, `t`.`nights`, `t`.`passport_and_visa`, `t`.`price`, `t`.`stay_and_meals`, `t`.`subcat_id`, `t`.`tour_name`, `t`.`tour_type`, `t`.`weather`, `c`.`category_id`, `c`.`cat_code`, `c`.`cat_image_path`, `c`.`category_name`, `c`.`description`, `c`.`flag`, `c`.`parent_id`, `c`.`status`, `c`.`suitable_for`, `s`.`subcat_id`, `s`.`cat_id`, `s`.`flag`, `s`.`isactive`, `s`.`subcat_image_path`, `s`.`subcat_name`
FROM `tour` AS `t`
LEFT JOIN `category` AS `c` ON `t`.`category_id` = `c`.`category_id`
LEFT JOIN `sub_category_master` AS `s` ON `t`.`subcat_id` = `s`.`subcat_id`
WHERE `t`.`tour_id` = @__tourId_0
LIMIT 1
2026-08-05 20:39:33.654 +05:30 [INF] Microsoft.EntityFrameworkCore.Database.Command Executed DbCommand (0ms) [Parameters=[@__tourId_0='?' (DbType = Int32)], CommandType='"Text"', CommandTimeout='30']
SELECT `i`.`itinerary_id` AS `ItineraryId`, `i`.`day_number` AS `DayNumber`, `i`.`description` AS `Description`, `i`.`location` AS `Location`
FROM `itinerary` AS `i`
WHERE `i`.`tour_id` = @__tourId_0
ORDER BY `i`.`day_number`
2026-08-05 20:39:33.656 +05:30 [INF] Microsoft.EntityFrameworkCore.Database.Command Executed DbCommand (0ms) [Parameters=[@__tourId_0='?' (DbType = Int32), @__today_1='?' (DbType = Date)], CommandType='"Text"', CommandTimeout='30']
SELECT `s`.`schedule_id` AS `ScheduleId`, `s`.`start_date` AS `StartDate`, `s`.`available_seats` AS `AvailableSeats`, `s`.`total_seats` AS `TotalSeats`, `s`.`status` AS `Status`
FROM `schedule` AS `s`
WHERE ((`s`.`tour_id` = @__tourId_0) AND `s`.`start_date` IS NOT NULL) AND (`s`.`start_date` >= @__today_1)
ORDER BY `s`.`start_date`
2026-08-05 20:39:33.659 +05:30 [INF] Microsoft.EntityFrameworkCore.Database.Command Executed DbCommand (0ms) [Parameters=[@__tourId_0='?' (DbType = Int32)], CommandType='"Text"', CommandTimeout='30']
SELECT `c`.`cost_id` AS `CostId`, `c`.`adult_price` AS `AdultPrice`, `c`.`single_person_price` AS `SinglePersonPrice`, `c`.`extra_person_price` AS `ExtraPersonPrice`, `c`.`child_with_bed_price` AS `ChildWithBedPrice`, `c`.`child_without_bed_price` AS `ChildWithoutBedPrice`, `c`.`valid_from` AS `ValidFrom`, `c`.`valid_to` AS `ValidTo`, `c`.`is_active` AS `IsActive`
FROM `cost` AS `c`
WHERE `c`.`tour_id` = @__tourId_0
2026-08-05 20:39:33.661 +05:30 [INF] Microsoft.EntityFrameworkCore.Database.Command Executed DbCommand (0ms) [Parameters=[@__tourId_0='?' (DbType = Int32)], CommandType='"Text"', CommandTimeout='30']
SELECT `t`.`image_id` AS `ImageId`, `t`.`source` AS `Source`, `t`.`image_title` AS `ImageTitle`, `t`.`is_primary` AS `IsPrimary`, `t`.`upload_date` AS `UploadDate`
FROM `tour_images` AS `t`
WHERE `t`.`tour_id` = @__tourId_0
2026-08-05 20:39:33.664 +05:30 [INF] Microsoft.EntityFrameworkCore.Database.Command Executed DbCommand (0ms) [Parameters=[@__tourId_0='?' (DbType = Int32)], CommandType='"Text"', CommandTimeout='30']
SELECT CAST(`r`.`rating` AS double)
FROM `review` AS `r`
WHERE (`r`.`tour_id` = @__tourId_0) AND `r`.`rating` IS NOT NULL
2026-08-05 20:39:33.667 +05:30 [INF] Microsoft.EntityFrameworkCore.Database.Command Executed DbCommand (1ms) [Parameters=[@__tourId_0='?' (DbType = Int32)], CommandType='"Text"', CommandTimeout='30']
SELECT `t`.`tour_id`, `t`.`add_ons`, `t`.`category_id`, `t`.`days`, `t`.`description`, `t`.`destination`, `t`.`do_and_dont`, `t`.`location`, `t`.`nights`, `t`.`passport_and_visa`, `t`.`price`, `t`.`stay_and_meals`, `t`.`subcat_id`, `t`.`tour_name`, `t`.`tour_type`, `t`.`weather`, `c`.`category_id`, `c`.`cat_code`, `c`.`cat_image_path`, `c`.`category_name`, `c`.`description`, `c`.`flag`, `c`.`parent_id`, `c`.`status`, `c`.`suitable_for`, `s`.`subcat_id`, `s`.`cat_id`, `s`.`flag`, `s`.`isactive`, `s`.`subcat_image_path`, `s`.`subcat_name`
FROM `tour` AS `t`
LEFT JOIN `category` AS `c` ON `t`.`category_id` = `c`.`category_id`
LEFT JOIN `sub_category_master` AS `s` ON `t`.`subcat_id` = `s`.`subcat_id`
WHERE `t`.`tour_id` = @__tourId_0
LIMIT 1
2026-08-05 20:39:33.669 +05:30 [INF] Microsoft.EntityFrameworkCore.Database.Command Executed DbCommand (0ms) [Parameters=[@__tourId_0='?' (DbType = Int32)], CommandType='"Text"', CommandTimeout='30']
SELECT `i`.`itinerary_id` AS `ItineraryId`, `i`.`day_number` AS `DayNumber`, `i`.`description` AS `Description`, `i`.`location` AS `Location`
FROM `itinerary` AS `i`
WHERE `i`.`tour_id` = @__tourId_0
ORDER BY `i`.`day_number`
2026-08-05 20:39:33.672 +05:30 [INF] Microsoft.EntityFrameworkCore.Database.Command Executed DbCommand (1ms) [Parameters=[@__tourId_0='?' (DbType = Int32), @__today_1='?' (DbType = Date)], CommandType='"Text"', CommandTimeout='30']
SELECT `s`.`schedule_id` AS `ScheduleId`, `s`.`start_date` AS `StartDate`, `s`.`available_seats` AS `AvailableSeats`, `s`.`total_seats` AS `TotalSeats`, `s`.`status` AS `Status`
FROM `schedule` AS `s`
WHERE ((`s`.`tour_id` = @__tourId_0) AND `s`.`start_date` IS NOT NULL) AND (`s`.`start_date` >= @__today_1)
ORDER BY `s`.`start_date`
2026-08-05 20:39:33.675 +05:30 [INF] Microsoft.EntityFrameworkCore.Database.Command Executed DbCommand (0ms) [Parameters=[@__tourId_0='?' (DbType = Int32)], CommandType='"Text"', CommandTimeout='30']
SELECT `c`.`cost_id` AS `CostId`, `c`.`adult_price` AS `AdultPrice`, `c`.`single_person_price` AS `SinglePersonPrice`, `c`.`extra_person_price` AS `ExtraPersonPrice`, `c`.`child_with_bed_price` AS `ChildWithBedPrice`, `c`.`child_without_bed_price` AS `ChildWithoutBedPrice`, `c`.`valid_from` AS `ValidFrom`, `c`.`valid_to` AS `ValidTo`, `c`.`is_active` AS `IsActive`
FROM `cost` AS `c`
WHERE `c`.`tour_id` = @__tourId_0
2026-08-05 20:39:33.676 +05:30 [INF] Microsoft.EntityFrameworkCore.Database.Command Executed DbCommand (0ms) [Parameters=[@__tourId_0='?' (DbType = Int32)], CommandType='"Text"', CommandTimeout='30']
SELECT `t`.`image_id` AS `ImageId`, `t`.`source` AS `Source`, `t`.`image_title` AS `ImageTitle`, `t`.`is_primary` AS `IsPrimary`, `t`.`upload_date` AS `UploadDate`
FROM `tour_images` AS `t`
WHERE `t`.`tour_id` = @__tourId_0
2026-08-05 20:39:33.679 +05:30 [INF] Microsoft.EntityFrameworkCore.Database.Command Executed DbCommand (1ms) [Parameters=[@__tourId_0='?' (DbType = Int32)], CommandType='"Text"', CommandTimeout='30']
SELECT CAST(`r`.`rating` AS double)
FROM `review` AS `r`
WHERE (`r`.`tour_id` = @__tourId_0) AND `r`.`rating` IS NOT NULL
2026-08-05 20:39:33.687 +05:30 [INF] Microsoft.EntityFrameworkCore.Database.Command Executed DbCommand (0ms) [Parameters=[@__tourId_0='?' (DbType = Int32)], CommandType='"Text"', CommandTimeout='30']
SELECT `t`.`tour_id`, `t`.`add_ons`, `t`.`category_id`, `t`.`days`, `t`.`description`, `t`.`destination`, `t`.`do_and_dont`, `t`.`location`, `t`.`nights`, `t`.`passport_and_visa`, `t`.`price`, `t`.`stay_and_meals`, `t`.`subcat_id`, `t`.`tour_name`, `t`.`tour_type`, `t`.`weather`, `c`.`category_id`, `c`.`cat_code`, `c`.`cat_image_path`, `c`.`category_name`, `c`.`description`, `c`.`flag`, `c`.`parent_id`, `c`.`status`, `c`.`suitable_for`, `s`.`subcat_id`, `s`.`cat_id`, `s`.`flag`, `s`.`isactive`, `s`.`subcat_image_path`, `s`.`subcat_name`
FROM `tour` AS `t`
LEFT JOIN `category` AS `c` ON `t`.`category_id` = `c`.`category_id`
LEFT JOIN `sub_category_master` AS `s` ON `t`.`subcat_id` = `s`.`subcat_id`
WHERE `t`.`tour_id` = @__tourId_0
LIMIT 1
2026-08-05 20:39:33.690 +05:30 [INF] Microsoft.EntityFrameworkCore.Database.Command Executed DbCommand (0ms) [Parameters=[@__tourId_0='?' (DbType = Int32)], CommandType='"Text"', CommandTimeout='30']
SELECT `i`.`itinerary_id` AS `ItineraryId`, `i`.`day_number` AS `DayNumber`, `i`.`description` AS `Description`, `i`.`location` AS `Location`
FROM `itinerary` AS `i`
WHERE `i`.`tour_id` = @__tourId_0
ORDER BY `i`.`day_number`
2026-08-05 20:39:33.692 +05:30 [INF] Microsoft.EntityFrameworkCore.Database.Command Executed DbCommand (1ms) [Parameters=[@__tourId_0='?' (DbType = Int32), @__today_1='?' (DbType = Date)], CommandType='"Text"', CommandTimeout='30']
SELECT `s`.`schedule_id` AS `ScheduleId`, `s`.`start_date` AS `StartDate`, `s`.`available_seats` AS `AvailableSeats`, `s`.`total_seats` AS `TotalSeats`, `s`.`status` AS `Status`
FROM `schedule` AS `s`
WHERE ((`s`.`tour_id` = @__tourId_0) AND `s`.`start_date` IS NOT NULL) AND (`s`.`start_date` >= @__today_1)
ORDER BY `s`.`start_date`
2026-08-05 20:39:33.695 +05:30 [INF] Microsoft.EntityFrameworkCore.Database.Command Executed DbCommand (0ms) [Parameters=[@__tourId_0='?' (DbType = Int32)], CommandType='"Text"', CommandTimeout='30']
SELECT `c`.`cost_id` AS `CostId`, `c`.`adult_price` AS `AdultPrice`, `c`.`single_person_price` AS `SinglePersonPrice`, `c`.`extra_person_price` AS `ExtraPersonPrice`, `c`.`child_with_bed_price` AS `ChildWithBedPrice`, `c`.`child_without_bed_price` AS `ChildWithoutBedPrice`, `c`.`valid_from` AS `ValidFrom`, `c`.`valid_to` AS `ValidTo`, `c`.`is_active` AS `IsActive`
FROM `cost` AS `c`
WHERE `c`.`tour_id` = @__tourId_0
2026-08-05 20:39:33.697 +05:30 [INF] Microsoft.EntityFrameworkCore.Database.Command Executed DbCommand (0ms) [Parameters=[@__tourId_0='?' (DbType = Int32)], CommandType='"Text"', CommandTimeout='30']
SELECT `t`.`image_id` AS `ImageId`, `t`.`source` AS `Source`, `t`.`image_title` AS `ImageTitle`, `t`.`is_primary` AS `IsPrimary`, `t`.`upload_date` AS `UploadDate`
FROM `tour_images` AS `t`
WHERE `t`.`tour_id` = @__tourId_0
2026-08-05 20:39:33.700 +05:30 [INF] Microsoft.EntityFrameworkCore.Database.Command Executed DbCommand (0ms) [Parameters=[@__tourId_0='?' (DbType = Int32)], CommandType='"Text"', CommandTimeout='30']
SELECT CAST(`r`.`rating` AS double)
FROM `review` AS `r`
WHERE (`r`.`tour_id` = @__tourId_0) AND `r`.`rating` IS NOT NULL
2026-08-05 20:39:33.703 +05:30 [INF] Microsoft.EntityFrameworkCore.Database.Command Executed DbCommand (0ms) [Parameters=[@__tourId_0='?' (DbType = Int32)], CommandType='"Text"', CommandTimeout='30']
SELECT `t`.`tour_id`, `t`.`add_ons`, `t`.`category_id`, `t`.`days`, `t`.`description`, `t`.`destination`, `t`.`do_and_dont`, `t`.`location`, `t`.`nights`, `t`.`passport_and_visa`, `t`.`price`, `t`.`stay_and_meals`, `t`.`subcat_id`, `t`.`tour_name`, `t`.`tour_type`, `t`.`weather`, `c`.`category_id`, `c`.`cat_code`, `c`.`cat_image_path`, `c`.`category_name`, `c`.`description`, `c`.`flag`, `c`.`parent_id`, `c`.`status`, `c`.`suitable_for`, `s`.`subcat_id`, `s`.`cat_id`, `s`.`flag`, `s`.`isactive`, `s`.`subcat_image_path`, `s`.`subcat_name`
FROM `tour` AS `t`
LEFT JOIN `category` AS `c` ON `t`.`category_id` = `c`.`category_id`
LEFT JOIN `sub_category_master` AS `s` ON `t`.`subcat_id` = `s`.`subcat_id`
WHERE `t`.`tour_id` = @__tourId_0
LIMIT 1
2026-08-05 20:39:33.706 +05:30 [INF] Microsoft.EntityFrameworkCore.Database.Command Executed DbCommand (0ms) [Parameters=[@__tourId_0='?' (DbType = Int32)], CommandType='"Text"', CommandTimeout='30']
SELECT `i`.`itinerary_id` AS `ItineraryId`, `i`.`day_number` AS `DayNumber`, `i`.`description` AS `Description`, `i`.`location` AS `Location`
FROM `itinerary` AS `i`
WHERE `i`.`tour_id` = @__tourId_0
ORDER BY `i`.`day_number`
2026-08-05 20:39:33.709 +05:30 [INF] Microsoft.EntityFrameworkCore.Database.Command Executed DbCommand (0ms) [Parameters=[@__tourId_0='?' (DbType = Int32), @__today_1='?' (DbType = Date)], CommandType='"Text"', CommandTimeout='30']
SELECT `s`.`schedule_id` AS `ScheduleId`, `s`.`start_date` AS `StartDate`, `s`.`available_seats` AS `AvailableSeats`, `s`.`total_seats` AS `TotalSeats`, `s`.`status` AS `Status`
FROM `schedule` AS `s`
WHERE ((`s`.`tour_id` = @__tourId_0) AND `s`.`start_date` IS NOT NULL) AND (`s`.`start_date` >= @__today_1)
ORDER BY `s`.`start_date`
2026-08-05 20:39:33.713 +05:30 [INF] Microsoft.EntityFrameworkCore.Database.Command Executed DbCommand (1ms) [Parameters=[@__tourId_0='?' (DbType = Int32)], CommandType='"Text"', CommandTimeout='30']
SELECT `c`.`cost_id` AS `CostId`, `c`.`adult_price` AS `AdultPrice`, `c`.`single_person_price` AS `SinglePersonPrice`, `c`.`extra_person_price` AS `ExtraPersonPrice`, `c`.`child_with_bed_price` AS `ChildWithBedPrice`, `c`.`child_without_bed_price` AS `ChildWithoutBedPrice`, `c`.`valid_from` AS `ValidFrom`, `c`.`valid_to` AS `ValidTo`, `c`.`is_active` AS `IsActive`
FROM `cost` AS `c`
WHERE `c`.`tour_id` = @__tourId_0
2026-08-05 20:39:33.717 +05:30 [INF] Microsoft.EntityFrameworkCore.Database.Command Executed DbCommand (0ms) [Parameters=[@__tourId_0='?' (DbType = Int32)], CommandType='"Text"', CommandTimeout='30']
SELECT `t`.`image_id` AS `ImageId`, `t`.`source` AS `Source`, `t`.`image_title` AS `ImageTitle`, `t`.`is_primary` AS `IsPrimary`, `t`.`upload_date` AS `UploadDate`
FROM `tour_images` AS `t`
WHERE `t`.`tour_id` = @__tourId_0
2026-08-05 20:39:33.719 +05:30 [INF] Microsoft.EntityFrameworkCore.Database.Command Executed DbCommand (0ms) [Parameters=[@__tourId_0='?' (DbType = Int32)], CommandType='"Text"', CommandTimeout='30']
SELECT CAST(`r`.`rating` AS double)
FROM `review` AS `r`
WHERE (`r`.`tour_id` = @__tourId_0) AND `r`.`rating` IS NOT NULL
2026-08-05 20:39:33.722 +05:30 [INF] Microsoft.EntityFrameworkCore.Database.Command Executed DbCommand (1ms) [Parameters=[@__tourId_0='?' (DbType = Int32)], CommandType='"Text"', CommandTimeout='30']
SELECT `t`.`tour_id`, `t`.`add_ons`, `t`.`category_id`, `t`.`days`, `t`.`description`, `t`.`destination`, `t`.`do_and_dont`, `t`.`location`, `t`.`nights`, `t`.`passport_and_visa`, `t`.`price`, `t`.`stay_and_meals`, `t`.`subcat_id`, `t`.`tour_name`, `t`.`tour_type`, `t`.`weather`, `c`.`category_id`, `c`.`cat_code`, `c`.`cat_image_path`, `c`.`category_name`, `c`.`description`, `c`.`flag`, `c`.`parent_id`, `c`.`status`, `c`.`suitable_for`, `s`.`subcat_id`, `s`.`cat_id`, `s`.`flag`, `s`.`isactive`, `s`.`subcat_image_path`, `s`.`subcat_name`
FROM `tour` AS `t`
LEFT JOIN `category` AS `c` ON `t`.`category_id` = `c`.`category_id`
LEFT JOIN `sub_category_master` AS `s` ON `t`.`subcat_id` = `s`.`subcat_id`
WHERE `t`.`tour_id` = @__tourId_0
LIMIT 1
2026-08-05 20:39:33.725 +05:30 [INF] Microsoft.EntityFrameworkCore.Database.Command Executed DbCommand (0ms) [Parameters=[@__tourId_0='?' (DbType = Int32)], CommandType='"Text"', CommandTimeout='30']
SELECT `i`.`itinerary_id` AS `ItineraryId`, `i`.`day_number` AS `DayNumber`, `i`.`description` AS `Description`, `i`.`location` AS `Location`
FROM `itinerary` AS `i`
WHERE `i`.`tour_id` = @__tourId_0
ORDER BY `i`.`day_number`
2026-08-05 20:39:33.728 +05:30 [INF] Microsoft.EntityFrameworkCore.Database.Command Executed DbCommand (1ms) [Parameters=[@__tourId_0='?' (DbType = Int32), @__today_1='?' (DbType = Date)], CommandType='"Text"', CommandTimeout='30']
SELECT `s`.`schedule_id` AS `ScheduleId`, `s`.`start_date` AS `StartDate`, `s`.`available_seats` AS `AvailableSeats`, `s`.`total_seats` AS `TotalSeats`, `s`.`status` AS `Status`
FROM `schedule` AS `s`
WHERE ((`s`.`tour_id` = @__tourId_0) AND `s`.`start_date` IS NOT NULL) AND (`s`.`start_date` >= @__today_1)
ORDER BY `s`.`start_date`
2026-08-05 20:39:33.731 +05:30 [INF] Microsoft.EntityFrameworkCore.Database.Command Executed DbCommand (0ms) [Parameters=[@__tourId_0='?' (DbType = Int32)], CommandType='"Text"', CommandTimeout='30']
SELECT `c`.`cost_id` AS `CostId`, `c`.`adult_price` AS `AdultPrice`, `c`.`single_person_price` AS `SinglePersonPrice`, `c`.`extra_person_price` AS `ExtraPersonPrice`, `c`.`child_with_bed_price` AS `ChildWithBedPrice`, `c`.`child_without_bed_price` AS `ChildWithoutBedPrice`, `c`.`valid_from` AS `ValidFrom`, `c`.`valid_to` AS `ValidTo`, `c`.`is_active` AS `IsActive`
FROM `cost` AS `c`
WHERE `c`.`tour_id` = @__tourId_0
2026-08-05 20:39:33.734 +05:30 [INF] Microsoft.EntityFrameworkCore.Database.Command Executed DbCommand (1ms) [Parameters=[@__tourId_0='?' (DbType = Int32)], CommandType='"Text"', CommandTimeout='30']
SELECT `t`.`image_id` AS `ImageId`, `t`.`source` AS `Source`, `t`.`image_title` AS `ImageTitle`, `t`.`is_primary` AS `IsPrimary`, `t`.`upload_date` AS `UploadDate`
FROM `tour_images` AS `t`
WHERE `t`.`tour_id` = @__tourId_0
2026-08-05 20:39:33.737 +05:30 [INF] Microsoft.EntityFrameworkCore.Database.Command Executed DbCommand (0ms) [Parameters=[@__tourId_0='?' (DbType = Int32)], CommandType='"Text"', CommandTimeout='30']
SELECT CAST(`r`.`rating` AS double)
FROM `review` AS `r`
WHERE (`r`.`tour_id` = @__tourId_0) AND `r`.`rating` IS NOT NULL
2026-08-05 20:39:33.740 +05:30 [INF] Microsoft.EntityFrameworkCore.Database.Command Executed DbCommand (0ms) [Parameters=[@__tourId_0='?' (DbType = Int32)], CommandType='"Text"', CommandTimeout='30']
SELECT `t`.`tour_id`, `t`.`add_ons`, `t`.`category_id`, `t`.`days`, `t`.`description`, `t`.`destination`, `t`.`do_and_dont`, `t`.`location`, `t`.`nights`, `t`.`passport_and_visa`, `t`.`price`, `t`.`stay_and_meals`, `t`.`subcat_id`, `t`.`tour_name`, `t`.`tour_type`, `t`.`weather`, `c`.`category_id`, `c`.`cat_code`, `c`.`cat_image_path`, `c`.`category_name`, `c`.`description`, `c`.`flag`, `c`.`parent_id`, `c`.`status`, `c`.`suitable_for`, `s`.`subcat_id`, `s`.`cat_id`, `s`.`flag`, `s`.`isactive`, `s`.`subcat_image_path`, `s`.`subcat_name`
FROM `tour` AS `t`
LEFT JOIN `category` AS `c` ON `t`.`category_id` = `c`.`category_id`
LEFT JOIN `sub_category_master` AS `s` ON `t`.`subcat_id` = `s`.`subcat_id`
WHERE `t`.`tour_id` = @__tourId_0
LIMIT 1
2026-08-05 20:39:33.743 +05:30 [INF] Microsoft.EntityFrameworkCore.Database.Command Executed DbCommand (0ms) [Parameters=[@__tourId_0='?' (DbType = Int32)], CommandType='"Text"', CommandTimeout='30']
SELECT `i`.`itinerary_id` AS `ItineraryId`, `i`.`day_number` AS `DayNumber`, `i`.`description` AS `Description`, `i`.`location` AS `Location`
FROM `itinerary` AS `i`
WHERE `i`.`tour_id` = @__tourId_0
ORDER BY `i`.`day_number`
2026-08-05 20:39:33.745 +05:30 [INF] Microsoft.EntityFrameworkCore.Database.Command Executed DbCommand (0ms) [Parameters=[@__tourId_0='?' (DbType = Int32), @__today_1='?' (DbType = Date)], CommandType='"Text"', CommandTimeout='30']
SELECT `s`.`schedule_id` AS `ScheduleId`, `s`.`start_date` AS `StartDate`, `s`.`available_seats` AS `AvailableSeats`, `s`.`total_seats` AS `TotalSeats`, `s`.`status` AS `Status`
FROM `schedule` AS `s`
WHERE ((`s`.`tour_id` = @__tourId_0) AND `s`.`start_date` IS NOT NULL) AND (`s`.`start_date` >= @__today_1)
ORDER BY `s`.`start_date`
2026-08-05 20:39:33.748 +05:30 [INF] Microsoft.EntityFrameworkCore.Database.Command Executed DbCommand (0ms) [Parameters=[@__tourId_0='?' (DbType = Int32)], CommandType='"Text"', CommandTimeout='30']
SELECT `c`.`cost_id` AS `CostId`, `c`.`adult_price` AS `AdultPrice`, `c`.`single_person_price` AS `SinglePersonPrice`, `c`.`extra_person_price` AS `ExtraPersonPrice`, `c`.`child_with_bed_price` AS `ChildWithBedPrice`, `c`.`child_without_bed_price` AS `ChildWithoutBedPrice`, `c`.`valid_from` AS `ValidFrom`, `c`.`valid_to` AS `ValidTo`, `c`.`is_active` AS `IsActive`
FROM `cost` AS `c`
WHERE `c`.`tour_id` = @__tourId_0
2026-08-05 20:39:33.751 +05:30 [INF] Microsoft.EntityFrameworkCore.Database.Command Executed DbCommand (0ms) [Parameters=[@__tourId_0='?' (DbType = Int32)], CommandType='"Text"', CommandTimeout='30']
SELECT `t`.`image_id` AS `ImageId`, `t`.`source` AS `Source`, `t`.`image_title` AS `ImageTitle`, `t`.`is_primary` AS `IsPrimary`, `t`.`upload_date` AS `UploadDate`
FROM `tour_images` AS `t`
WHERE `t`.`tour_id` = @__tourId_0
2026-08-05 20:39:33.753 +05:30 [INF] Microsoft.EntityFrameworkCore.Database.Command Executed DbCommand (0ms) [Parameters=[@__tourId_0='?' (DbType = Int32)], CommandType='"Text"', CommandTimeout='30']
SELECT CAST(`r`.`rating` AS double)
FROM `review` AS `r`
WHERE (`r`.`tour_id` = @__tourId_0) AND `r`.`rating` IS NOT NULL
2026-08-05 20:39:33.756 +05:30 [INF] Microsoft.EntityFrameworkCore.Database.Command Executed DbCommand (0ms) [Parameters=[@__tourId_0='?' (DbType = Int32)], CommandType='"Text"', CommandTimeout='30']
SELECT `t`.`tour_id`, `t`.`add_ons`, `t`.`category_id`, `t`.`days`, `t`.`description`, `t`.`destination`, `t`.`do_and_dont`, `t`.`location`, `t`.`nights`, `t`.`passport_and_visa`, `t`.`price`, `t`.`stay_and_meals`, `t`.`subcat_id`, `t`.`tour_name`, `t`.`tour_type`, `t`.`weather`, `c`.`category_id`, `c`.`cat_code`, `c`.`cat_image_path`, `c`.`category_name`, `c`.`description`, `c`.`flag`, `c`.`parent_id`, `c`.`status`, `c`.`suitable_for`, `s`.`subcat_id`, `s`.`cat_id`, `s`.`flag`, `s`.`isactive`, `s`.`subcat_image_path`, `s`.`subcat_name`
FROM `tour` AS `t`
LEFT JOIN `category` AS `c` ON `t`.`category_id` = `c`.`category_id`
LEFT JOIN `sub_category_master` AS `s` ON `t`.`subcat_id` = `s`.`subcat_id`
WHERE `t`.`tour_id` = @__tourId_0
LIMIT 1
2026-08-05 20:39:33.759 +05:30 [INF] Microsoft.EntityFrameworkCore.Database.Command Executed DbCommand (0ms) [Parameters=[@__tourId_0='?' (DbType = Int32)], CommandType='"Text"', CommandTimeout='30']
SELECT `i`.`itinerary_id` AS `ItineraryId`, `i`.`day_number` AS `DayNumber`, `i`.`description` AS `Description`, `i`.`location` AS `Location`
FROM `itinerary` AS `i`
WHERE `i`.`tour_id` = @__tourId_0
ORDER BY `i`.`day_number`
2026-08-05 20:39:33.761 +05:30 [INF] Microsoft.EntityFrameworkCore.Database.Command Executed DbCommand (0ms) [Parameters=[@__tourId_0='?' (DbType = Int32), @__today_1='?' (DbType = Date)], CommandType='"Text"', CommandTimeout='30']
SELECT `s`.`schedule_id` AS `ScheduleId`, `s`.`start_date` AS `StartDate`, `s`.`available_seats` AS `AvailableSeats`, `s`.`total_seats` AS `TotalSeats`, `s`.`status` AS `Status`
FROM `schedule` AS `s`
WHERE ((`s`.`tour_id` = @__tourId_0) AND `s`.`start_date` IS NOT NULL) AND (`s`.`start_date` >= @__today_1)
ORDER BY `s`.`start_date`
2026-08-05 20:39:33.764 +05:30 [INF] Microsoft.EntityFrameworkCore.Database.Command Executed DbCommand (1ms) [Parameters=[@__tourId_0='?' (DbType = Int32)], CommandType='"Text"', CommandTimeout='30']
SELECT `c`.`cost_id` AS `CostId`, `c`.`adult_price` AS `AdultPrice`, `c`.`single_person_price` AS `SinglePersonPrice`, `c`.`extra_person_price` AS `ExtraPersonPrice`, `c`.`child_with_bed_price` AS `ChildWithBedPrice`, `c`.`child_without_bed_price` AS `ChildWithoutBedPrice`, `c`.`valid_from` AS `ValidFrom`, `c`.`valid_to` AS `ValidTo`, `c`.`is_active` AS `IsActive`
FROM `cost` AS `c`
WHERE `c`.`tour_id` = @__tourId_0
2026-08-05 20:39:33.766 +05:30 [INF] Microsoft.EntityFrameworkCore.Database.Command Executed DbCommand (0ms) [Parameters=[@__tourId_0='?' (DbType = Int32)], CommandType='"Text"', CommandTimeout='30']
SELECT `t`.`image_id` AS `ImageId`, `t`.`source` AS `Source`, `t`.`image_title` AS `ImageTitle`, `t`.`is_primary` AS `IsPrimary`, `t`.`upload_date` AS `UploadDate`
FROM `tour_images` AS `t`
WHERE `t`.`tour_id` = @__tourId_0
2026-08-05 20:39:33.769 +05:30 [INF] Microsoft.EntityFrameworkCore.Database.Command Executed DbCommand (0ms) [Parameters=[@__tourId_0='?' (DbType = Int32)], CommandType='"Text"', CommandTimeout='30']
SELECT CAST(`r`.`rating` AS double)
FROM `review` AS `r`
WHERE (`r`.`tour_id` = @__tourId_0) AND `r`.`rating` IS NOT NULL
2026-08-05 20:39:33.772 +05:30 [INF] Microsoft.EntityFrameworkCore.Database.Command Executed DbCommand (1ms) [Parameters=[@__tourId_0='?' (DbType = Int32)], CommandType='"Text"', CommandTimeout='30']
SELECT `t`.`tour_id`, `t`.`add_ons`, `t`.`category_id`, `t`.`days`, `t`.`description`, `t`.`destination`, `t`.`do_and_dont`, `t`.`location`, `t`.`nights`, `t`.`passport_and_visa`, `t`.`price`, `t`.`stay_and_meals`, `t`.`subcat_id`, `t`.`tour_name`, `t`.`tour_type`, `t`.`weather`, `c`.`category_id`, `c`.`cat_code`, `c`.`cat_image_path`, `c`.`category_name`, `c`.`description`, `c`.`flag`, `c`.`parent_id`, `c`.`status`, `c`.`suitable_for`, `s`.`subcat_id`, `s`.`cat_id`, `s`.`flag`, `s`.`isactive`, `s`.`subcat_image_path`, `s`.`subcat_name`
FROM `tour` AS `t`
LEFT JOIN `category` AS `c` ON `t`.`category_id` = `c`.`category_id`
LEFT JOIN `sub_category_master` AS `s` ON `t`.`subcat_id` = `s`.`subcat_id`
WHERE `t`.`tour_id` = @__tourId_0
LIMIT 1
2026-08-05 20:39:33.776 +05:30 [INF] Microsoft.EntityFrameworkCore.Database.Command Executed DbCommand (1ms) [Parameters=[@__tourId_0='?' (DbType = Int32)], CommandType='"Text"', CommandTimeout='30']
SELECT `i`.`itinerary_id` AS `ItineraryId`, `i`.`day_number` AS `DayNumber`, `i`.`description` AS `Description`, `i`.`location` AS `Location`
FROM `itinerary` AS `i`
WHERE `i`.`tour_id` = @__tourId_0
ORDER BY `i`.`day_number`
2026-08-05 20:39:33.779 +05:30 [INF] Microsoft.EntityFrameworkCore.Database.Command Executed DbCommand (1ms) [Parameters=[@__tourId_0='?' (DbType = Int32), @__today_1='?' (DbType = Date)], CommandType='"Text"', CommandTimeout='30']
SELECT `s`.`schedule_id` AS `ScheduleId`, `s`.`start_date` AS `StartDate`, `s`.`available_seats` AS `AvailableSeats`, `s`.`total_seats` AS `TotalSeats`, `s`.`status` AS `Status`
FROM `schedule` AS `s`
WHERE ((`s`.`tour_id` = @__tourId_0) AND `s`.`start_date` IS NOT NULL) AND (`s`.`start_date` >= @__today_1)
ORDER BY `s`.`start_date`
2026-08-05 20:39:33.781 +05:30 [INF] Microsoft.EntityFrameworkCore.Database.Command Executed DbCommand (0ms) [Parameters=[@__tourId_0='?' (DbType = Int32)], CommandType='"Text"', CommandTimeout='30']
SELECT `c`.`cost_id` AS `CostId`, `c`.`adult_price` AS `AdultPrice`, `c`.`single_person_price` AS `SinglePersonPrice`, `c`.`extra_person_price` AS `ExtraPersonPrice`, `c`.`child_with_bed_price` AS `ChildWithBedPrice`, `c`.`child_without_bed_price` AS `ChildWithoutBedPrice`, `c`.`valid_from` AS `ValidFrom`, `c`.`valid_to` AS `ValidTo`, `c`.`is_active` AS `IsActive`
FROM `cost` AS `c`
WHERE `c`.`tour_id` = @__tourId_0
2026-08-05 20:39:33.787 +05:30 [INF] Microsoft.EntityFrameworkCore.Database.Command Executed DbCommand (1ms) [Parameters=[@__tourId_0='?' (DbType = Int32)], CommandType='"Text"', CommandTimeout='30']
SELECT `t`.`image_id` AS `ImageId`, `t`.`source` AS `Source`, `t`.`image_title` AS `ImageTitle`, `t`.`is_primary` AS `IsPrimary`, `t`.`upload_date` AS `UploadDate`
FROM `tour_images` AS `t`
WHERE `t`.`tour_id` = @__tourId_0
2026-08-05 20:39:33.789 +05:30 [INF] Microsoft.EntityFrameworkCore.Database.Command Executed DbCommand (1ms) [Parameters=[@__tourId_0='?' (DbType = Int32)], CommandType='"Text"', CommandTimeout='30']
SELECT CAST(`r`.`rating` AS double)
FROM `review` AS `r`
WHERE (`r`.`tour_id` = @__tourId_0) AND `r`.`rating` IS NOT NULL
2026-08-05 20:39:33.793 +05:30 [INF] Microsoft.EntityFrameworkCore.Database.Command Executed DbCommand (0ms) [Parameters=[@__tourId_0='?' (DbType = Int32)], CommandType='"Text"', CommandTimeout='30']
SELECT `t`.`tour_id`, `t`.`add_ons`, `t`.`category_id`, `t`.`days`, `t`.`description`, `t`.`destination`, `t`.`do_and_dont`, `t`.`location`, `t`.`nights`, `t`.`passport_and_visa`, `t`.`price`, `t`.`stay_and_meals`, `t`.`subcat_id`, `t`.`tour_name`, `t`.`tour_type`, `t`.`weather`, `c`.`category_id`, `c`.`cat_code`, `c`.`cat_image_path`, `c`.`category_name`, `c`.`description`, `c`.`flag`, `c`.`parent_id`, `c`.`status`, `c`.`suitable_for`, `s`.`subcat_id`, `s`.`cat_id`, `s`.`flag`, `s`.`isactive`, `s`.`subcat_image_path`, `s`.`subcat_name`
FROM `tour` AS `t`
LEFT JOIN `category` AS `c` ON `t`.`category_id` = `c`.`category_id`
LEFT JOIN `sub_category_master` AS `s` ON `t`.`subcat_id` = `s`.`subcat_id`
WHERE `t`.`tour_id` = @__tourId_0
LIMIT 1
2026-08-05 20:39:33.796 +05:30 [INF] Microsoft.EntityFrameworkCore.Database.Command Executed DbCommand (1ms) [Parameters=[@__tourId_0='?' (DbType = Int32)], CommandType='"Text"', CommandTimeout='30']
SELECT `i`.`itinerary_id` AS `ItineraryId`, `i`.`day_number` AS `DayNumber`, `i`.`description` AS `Description`, `i`.`location` AS `Location`
FROM `itinerary` AS `i`
WHERE `i`.`tour_id` = @__tourId_0
ORDER BY `i`.`day_number`
2026-08-05 20:39:33.800 +05:30 [INF] Microsoft.EntityFrameworkCore.Database.Command Executed DbCommand (1ms) [Parameters=[@__tourId_0='?' (DbType = Int32), @__today_1='?' (DbType = Date)], CommandType='"Text"', CommandTimeout='30']
SELECT `s`.`schedule_id` AS `ScheduleId`, `s`.`start_date` AS `StartDate`, `s`.`available_seats` AS `AvailableSeats`, `s`.`total_seats` AS `TotalSeats`, `s`.`status` AS `Status`
FROM `schedule` AS `s`
WHERE ((`s`.`tour_id` = @__tourId_0) AND `s`.`start_date` IS NOT NULL) AND (`s`.`start_date` >= @__today_1)
ORDER BY `s`.`start_date`
2026-08-05 20:39:33.802 +05:30 [INF] Microsoft.EntityFrameworkCore.Database.Command Executed DbCommand (0ms) [Parameters=[@__tourId_0='?' (DbType = Int32)], CommandType='"Text"', CommandTimeout='30']
SELECT `c`.`cost_id` AS `CostId`, `c`.`adult_price` AS `AdultPrice`, `c`.`single_person_price` AS `SinglePersonPrice`, `c`.`extra_person_price` AS `ExtraPersonPrice`, `c`.`child_with_bed_price` AS `ChildWithBedPrice`, `c`.`child_without_bed_price` AS `ChildWithoutBedPrice`, `c`.`valid_from` AS `ValidFrom`, `c`.`valid_to` AS `ValidTo`, `c`.`is_active` AS `IsActive`
FROM `cost` AS `c`
WHERE `c`.`tour_id` = @__tourId_0
2026-08-05 20:39:33.806 +05:30 [INF] Microsoft.EntityFrameworkCore.Database.Command Executed DbCommand (1ms) [Parameters=[@__tourId_0='?' (DbType = Int32)], CommandType='"Text"', CommandTimeout='30']
SELECT `t`.`image_id` AS `ImageId`, `t`.`source` AS `Source`, `t`.`image_title` AS `ImageTitle`, `t`.`is_primary` AS `IsPrimary`, `t`.`upload_date` AS `UploadDate`
FROM `tour_images` AS `t`
WHERE `t`.`tour_id` = @__tourId_0
2026-08-05 20:39:33.809 +05:30 [INF] Microsoft.EntityFrameworkCore.Database.Command Executed DbCommand (0ms) [Parameters=[@__tourId_0='?' (DbType = Int32)], CommandType='"Text"', CommandTimeout='30']
SELECT CAST(`r`.`rating` AS double)
FROM `review` AS `r`
WHERE (`r`.`tour_id` = @__tourId_0) AND `r`.`rating` IS NOT NULL
2026-08-05 20:39:33.812 +05:30 [INF] Microsoft.EntityFrameworkCore.Database.Command Executed DbCommand (1ms) [Parameters=[@__tourId_0='?' (DbType = Int32)], CommandType='"Text"', CommandTimeout='30']
SELECT `t`.`tour_id`, `t`.`add_ons`, `t`.`category_id`, `t`.`days`, `t`.`description`, `t`.`destination`, `t`.`do_and_dont`, `t`.`location`, `t`.`nights`, `t`.`passport_and_visa`, `t`.`price`, `t`.`stay_and_meals`, `t`.`subcat_id`, `t`.`tour_name`, `t`.`tour_type`, `t`.`weather`, `c`.`category_id`, `c`.`cat_code`, `c`.`cat_image_path`, `c`.`category_name`, `c`.`description`, `c`.`flag`, `c`.`parent_id`, `c`.`status`, `c`.`suitable_for`, `s`.`subcat_id`, `s`.`cat_id`, `s`.`flag`, `s`.`isactive`, `s`.`subcat_image_path`, `s`.`subcat_name`
FROM `tour` AS `t`
LEFT JOIN `category` AS `c` ON `t`.`category_id` = `c`.`category_id`
LEFT JOIN `sub_category_master` AS `s` ON `t`.`subcat_id` = `s`.`subcat_id`
WHERE `t`.`tour_id` = @__tourId_0
LIMIT 1
2026-08-05 20:39:33.815 +05:30 [INF] Microsoft.EntityFrameworkCore.Database.Command Executed DbCommand (0ms) [Parameters=[@__tourId_0='?' (DbType = Int32)], CommandType='"Text"', CommandTimeout='30']
SELECT `i`.`itinerary_id` AS `ItineraryId`, `i`.`day_number` AS `DayNumber`, `i`.`description` AS `Description`, `i`.`location` AS `Location`
FROM `itinerary` AS `i`
WHERE `i`.`tour_id` = @__tourId_0
ORDER BY `i`.`day_number`
2026-08-05 20:39:33.819 +05:30 [INF] Microsoft.EntityFrameworkCore.Database.Command Executed DbCommand (1ms) [Parameters=[@__tourId_0='?' (DbType = Int32), @__today_1='?' (DbType = Date)], CommandType='"Text"', CommandTimeout='30']
SELECT `s`.`schedule_id` AS `ScheduleId`, `s`.`start_date` AS `StartDate`, `s`.`available_seats` AS `AvailableSeats`, `s`.`total_seats` AS `TotalSeats`, `s`.`status` AS `Status`
FROM `schedule` AS `s`
WHERE ((`s`.`tour_id` = @__tourId_0) AND `s`.`start_date` IS NOT NULL) AND (`s`.`start_date` >= @__today_1)
ORDER BY `s`.`start_date`
2026-08-05 20:39:33.821 +05:30 [INF] Microsoft.EntityFrameworkCore.Database.Command Executed DbCommand (0ms) [Parameters=[@__tourId_0='?' (DbType = Int32)], CommandType='"Text"', CommandTimeout='30']
SELECT `c`.`cost_id` AS `CostId`, `c`.`adult_price` AS `AdultPrice`, `c`.`single_person_price` AS `SinglePersonPrice`, `c`.`extra_person_price` AS `ExtraPersonPrice`, `c`.`child_with_bed_price` AS `ChildWithBedPrice`, `c`.`child_without_bed_price` AS `ChildWithoutBedPrice`, `c`.`valid_from` AS `ValidFrom`, `c`.`valid_to` AS `ValidTo`, `c`.`is_active` AS `IsActive`
FROM `cost` AS `c`
WHERE `c`.`tour_id` = @__tourId_0
2026-08-05 20:39:33.824 +05:30 [INF] Microsoft.EntityFrameworkCore.Database.Command Executed DbCommand (1ms) [Parameters=[@__tourId_0='?' (DbType = Int32)], CommandType='"Text"', CommandTimeout='30']
SELECT `t`.`image_id` AS `ImageId`, `t`.`source` AS `Source`, `t`.`image_title` AS `ImageTitle`, `t`.`is_primary` AS `IsPrimary`, `t`.`upload_date` AS `UploadDate`
FROM `tour_images` AS `t`
WHERE `t`.`tour_id` = @__tourId_0
2026-08-05 20:39:33.828 +05:30 [INF] Microsoft.EntityFrameworkCore.Database.Command Executed DbCommand (0ms) [Parameters=[@__tourId_0='?' (DbType = Int32)], CommandType='"Text"', CommandTimeout='30']
SELECT CAST(`r`.`rating` AS double)
FROM `review` AS `r`
WHERE (`r`.`tour_id` = @__tourId_0) AND `r`.`rating` IS NOT NULL
2026-08-05 20:39:33.831 +05:30 [INF] Microsoft.EntityFrameworkCore.Database.Command Executed DbCommand (1ms) [Parameters=[@__tourId_0='?' (DbType = Int32)], CommandType='"Text"', CommandTimeout='30']
SELECT `t`.`tour_id`, `t`.`add_ons`, `t`.`category_id`, `t`.`days`, `t`.`description`, `t`.`destination`, `t`.`do_and_dont`, `t`.`location`, `t`.`nights`, `t`.`passport_and_visa`, `t`.`price`, `t`.`stay_and_meals`, `t`.`subcat_id`, `t`.`tour_name`, `t`.`tour_type`, `t`.`weather`, `c`.`category_id`, `c`.`cat_code`, `c`.`cat_image_path`, `c`.`category_name`, `c`.`description`, `c`.`flag`, `c`.`parent_id`, `c`.`status`, `c`.`suitable_for`, `s`.`subcat_id`, `s`.`cat_id`, `s`.`flag`, `s`.`isactive`, `s`.`subcat_image_path`, `s`.`subcat_name`
FROM `tour` AS `t`
LEFT JOIN `category` AS `c` ON `t`.`category_id` = `c`.`category_id`
LEFT JOIN `sub_category_master` AS `s` ON `t`.`subcat_id` = `s`.`subcat_id`
WHERE `t`.`tour_id` = @__tourId_0
LIMIT 1
2026-08-05 20:39:33.834 +05:30 [INF] Microsoft.EntityFrameworkCore.Database.Command Executed DbCommand (0ms) [Parameters=[@__tourId_0='?' (DbType = Int32)], CommandType='"Text"', CommandTimeout='30']
SELECT `i`.`itinerary_id` AS `ItineraryId`, `i`.`day_number` AS `DayNumber`, `i`.`description` AS `Description`, `i`.`location` AS `Location`
FROM `itinerary` AS `i`
WHERE `i`.`tour_id` = @__tourId_0
ORDER BY `i`.`day_number`
2026-08-05 20:39:33.838 +05:30 [INF] Microsoft.EntityFrameworkCore.Database.Command Executed DbCommand (1ms) [Parameters=[@__tourId_0='?' (DbType = Int32), @__today_1='?' (DbType = Date)], CommandType='"Text"', CommandTimeout='30']
SELECT `s`.`schedule_id` AS `ScheduleId`, `s`.`start_date` AS `StartDate`, `s`.`available_seats` AS `AvailableSeats`, `s`.`total_seats` AS `TotalSeats`, `s`.`status` AS `Status`
FROM `schedule` AS `s`
WHERE ((`s`.`tour_id` = @__tourId_0) AND `s`.`start_date` IS NOT NULL) AND (`s`.`start_date` >= @__today_1)
ORDER BY `s`.`start_date`
2026-08-05 20:39:33.842 +05:30 [INF] Microsoft.EntityFrameworkCore.Database.Command Executed DbCommand (0ms) [Parameters=[@__tourId_0='?' (DbType = Int32)], CommandType='"Text"', CommandTimeout='30']
SELECT `c`.`cost_id` AS `CostId`, `c`.`adult_price` AS `AdultPrice`, `c`.`single_person_price` AS `SinglePersonPrice`, `c`.`extra_person_price` AS `ExtraPersonPrice`, `c`.`child_with_bed_price` AS `ChildWithBedPrice`, `c`.`child_without_bed_price` AS `ChildWithoutBedPrice`, `c`.`valid_from` AS `ValidFrom`, `c`.`valid_to` AS `ValidTo`, `c`.`is_active` AS `IsActive`
FROM `cost` AS `c`
WHERE `c`.`tour_id` = @__tourId_0
2026-08-05 20:39:33.844 +05:30 [INF] Microsoft.EntityFrameworkCore.Database.Command Executed DbCommand (0ms) [Parameters=[@__tourId_0='?' (DbType = Int32)], CommandType='"Text"', CommandTimeout='30']
SELECT `t`.`image_id` AS `ImageId`, `t`.`source` AS `Source`, `t`.`image_title` AS `ImageTitle`, `t`.`is_primary` AS `IsPrimary`, `t`.`upload_date` AS `UploadDate`
FROM `tour_images` AS `t`
WHERE `t`.`tour_id` = @__tourId_0
2026-08-05 20:39:33.848 +05:30 [INF] Microsoft.EntityFrameworkCore.Database.Command Executed DbCommand (0ms) [Parameters=[@__tourId_0='?' (DbType = Int32)], CommandType='"Text"', CommandTimeout='30']
SELECT CAST(`r`.`rating` AS double)
FROM `review` AS `r`
WHERE (`r`.`tour_id` = @__tourId_0) AND `r`.`rating` IS NOT NULL
2026-08-05 20:39:33.851 +05:30 [INF] Microsoft.EntityFrameworkCore.Database.Command Executed DbCommand (0ms) [Parameters=[@__tourId_0='?' (DbType = Int32)], CommandType='"Text"', CommandTimeout='30']
SELECT `t`.`tour_id`, `t`.`add_ons`, `t`.`category_id`, `t`.`days`, `t`.`description`, `t`.`destination`, `t`.`do_and_dont`, `t`.`location`, `t`.`nights`, `t`.`passport_and_visa`, `t`.`price`, `t`.`stay_and_meals`, `t`.`subcat_id`, `t`.`tour_name`, `t`.`tour_type`, `t`.`weather`, `c`.`category_id`, `c`.`cat_code`, `c`.`cat_image_path`, `c`.`category_name`, `c`.`description`, `c`.`flag`, `c`.`parent_id`, `c`.`status`, `c`.`suitable_for`, `s`.`subcat_id`, `s`.`cat_id`, `s`.`flag`, `s`.`isactive`, `s`.`subcat_image_path`, `s`.`subcat_name`
FROM `tour` AS `t`
LEFT JOIN `category` AS `c` ON `t`.`category_id` = `c`.`category_id`
LEFT JOIN `sub_category_master` AS `s` ON `t`.`subcat_id` = `s`.`subcat_id`
WHERE `t`.`tour_id` = @__tourId_0
LIMIT 1
2026-08-05 20:39:33.854 +05:30 [INF] Microsoft.EntityFrameworkCore.Database.Command Executed DbCommand (1ms) [Parameters=[@__tourId_0='?' (DbType = Int32)], CommandType='"Text"', CommandTimeout='30']
SELECT `i`.`itinerary_id` AS `ItineraryId`, `i`.`day_number` AS `DayNumber`, `i`.`description` AS `Description`, `i`.`location` AS `Location`
FROM `itinerary` AS `i`
WHERE `i`.`tour_id` = @__tourId_0
ORDER BY `i`.`day_number`
2026-08-05 20:39:33.858 +05:30 [INF] Microsoft.EntityFrameworkCore.Database.Command Executed DbCommand (0ms) [Parameters=[@__tourId_0='?' (DbType = Int32), @__today_1='?' (DbType = Date)], CommandType='"Text"', CommandTimeout='30']
SELECT `s`.`schedule_id` AS `ScheduleId`, `s`.`start_date` AS `StartDate`, `s`.`available_seats` AS `AvailableSeats`, `s`.`total_seats` AS `TotalSeats`, `s`.`status` AS `Status`
FROM `schedule` AS `s`
WHERE ((`s`.`tour_id` = @__tourId_0) AND `s`.`start_date` IS NOT NULL) AND (`s`.`start_date` >= @__today_1)
ORDER BY `s`.`start_date`
2026-08-05 20:39:33.860 +05:30 [INF] Microsoft.EntityFrameworkCore.Database.Command Executed DbCommand (0ms) [Parameters=[@__tourId_0='?' (DbType = Int32)], CommandType='"Text"', CommandTimeout='30']
SELECT `c`.`cost_id` AS `CostId`, `c`.`adult_price` AS `AdultPrice`, `c`.`single_person_price` AS `SinglePersonPrice`, `c`.`extra_person_price` AS `ExtraPersonPrice`, `c`.`child_with_bed_price` AS `ChildWithBedPrice`, `c`.`child_without_bed_price` AS `ChildWithoutBedPrice`, `c`.`valid_from` AS `ValidFrom`, `c`.`valid_to` AS `ValidTo`, `c`.`is_active` AS `IsActive`
FROM `cost` AS `c`
WHERE `c`.`tour_id` = @__tourId_0
2026-08-05 20:39:33.863 +05:30 [INF] Microsoft.EntityFrameworkCore.Database.Command Executed DbCommand (0ms) [Parameters=[@__tourId_0='?' (DbType = Int32)], CommandType='"Text"', CommandTimeout='30']
SELECT `t`.`image_id` AS `ImageId`, `t`.`source` AS `Source`, `t`.`image_title` AS `ImageTitle`, `t`.`is_primary` AS `IsPrimary`, `t`.`upload_date` AS `UploadDate`
FROM `tour_images` AS `t`
WHERE `t`.`tour_id` = @__tourId_0
2026-08-05 20:39:33.866 +05:30 [INF] Microsoft.EntityFrameworkCore.Database.Command Executed DbCommand (0ms) [Parameters=[@__tourId_0='?' (DbType = Int32)], CommandType='"Text"', CommandTimeout='30']
SELECT CAST(`r`.`rating` AS double)
FROM `review` AS `r`
WHERE (`r`.`tour_id` = @__tourId_0) AND `r`.`rating` IS NOT NULL
2026-08-05 20:39:33.869 +05:30 [INF] Microsoft.EntityFrameworkCore.Database.Command Executed DbCommand (1ms) [Parameters=[@__tourId_0='?' (DbType = Int32)], CommandType='"Text"', CommandTimeout='30']
SELECT `t`.`tour_id`, `t`.`add_ons`, `t`.`category_id`, `t`.`days`, `t`.`description`, `t`.`destination`, `t`.`do_and_dont`, `t`.`location`, `t`.`nights`, `t`.`passport_and_visa`, `t`.`price`, `t`.`stay_and_meals`, `t`.`subcat_id`, `t`.`tour_name`, `t`.`tour_type`, `t`.`weather`, `c`.`category_id`, `c`.`cat_code`, `c`.`cat_image_path`, `c`.`category_name`, `c`.`description`, `c`.`flag`, `c`.`parent_id`, `c`.`status`, `c`.`suitable_for`, `s`.`subcat_id`, `s`.`cat_id`, `s`.`flag`, `s`.`isactive`, `s`.`subcat_image_path`, `s`.`subcat_name`
FROM `tour` AS `t`
LEFT JOIN `category` AS `c` ON `t`.`category_id` = `c`.`category_id`
LEFT JOIN `sub_category_master` AS `s` ON `t`.`subcat_id` = `s`.`subcat_id`
WHERE `t`.`tour_id` = @__tourId_0
LIMIT 1
2026-08-05 20:39:33.871 +05:30 [INF] Microsoft.EntityFrameworkCore.Database.Command Executed DbCommand (0ms) [Parameters=[@__tourId_0='?' (DbType = Int32)], CommandType='"Text"', CommandTimeout='30']
SELECT `i`.`itinerary_id` AS `ItineraryId`, `i`.`day_number` AS `DayNumber`, `i`.`description` AS `Description`, `i`.`location` AS `Location`
FROM `itinerary` AS `i`
WHERE `i`.`tour_id` = @__tourId_0
ORDER BY `i`.`day_number`
2026-08-05 20:39:33.875 +05:30 [INF] Microsoft.EntityFrameworkCore.Database.Command Executed DbCommand (1ms) [Parameters=[@__tourId_0='?' (DbType = Int32), @__today_1='?' (DbType = Date)], CommandType='"Text"', CommandTimeout='30']
SELECT `s`.`schedule_id` AS `ScheduleId`, `s`.`start_date` AS `StartDate`, `s`.`available_seats` AS `AvailableSeats`, `s`.`total_seats` AS `TotalSeats`, `s`.`status` AS `Status`
FROM `schedule` AS `s`
WHERE ((`s`.`tour_id` = @__tourId_0) AND `s`.`start_date` IS NOT NULL) AND (`s`.`start_date` >= @__today_1)
ORDER BY `s`.`start_date`
2026-08-05 20:39:33.878 +05:30 [INF] Microsoft.EntityFrameworkCore.Database.Command Executed DbCommand (0ms) [Parameters=[@__tourId_0='?' (DbType = Int32)], CommandType='"Text"', CommandTimeout='30']
SELECT `c`.`cost_id` AS `CostId`, `c`.`adult_price` AS `AdultPrice`, `c`.`single_person_price` AS `SinglePersonPrice`, `c`.`extra_person_price` AS `ExtraPersonPrice`, `c`.`child_with_bed_price` AS `ChildWithBedPrice`, `c`.`child_without_bed_price` AS `ChildWithoutBedPrice`, `c`.`valid_from` AS `ValidFrom`, `c`.`valid_to` AS `ValidTo`, `c`.`is_active` AS `IsActive`
FROM `cost` AS `c`
WHERE `c`.`tour_id` = @__tourId_0
2026-08-05 20:39:33.880 +05:30 [INF] Microsoft.EntityFrameworkCore.Database.Command Executed DbCommand (1ms) [Parameters=[@__tourId_0='?' (DbType = Int32)], CommandType='"Text"', CommandTimeout='30']
SELECT `t`.`image_id` AS `ImageId`, `t`.`source` AS `Source`, `t`.`image_title` AS `ImageTitle`, `t`.`is_primary` AS `IsPrimary`, `t`.`upload_date` AS `UploadDate`
FROM `tour_images` AS `t`
WHERE `t`.`tour_id` = @__tourId_0
2026-08-05 20:39:33.883 +05:30 [INF] Microsoft.EntityFrameworkCore.Database.Command Executed DbCommand (0ms) [Parameters=[@__tourId_0='?' (DbType = Int32)], CommandType='"Text"', CommandTimeout='30']
SELECT CAST(`r`.`rating` AS double)
FROM `review` AS `r`
WHERE (`r`.`tour_id` = @__tourId_0) AND `r`.`rating` IS NOT NULL
2026-08-05 20:39:33.886 +05:30 [INF] Microsoft.EntityFrameworkCore.Database.Command Executed DbCommand (0ms) [Parameters=[@__tourId_0='?' (DbType = Int32)], CommandType='"Text"', CommandTimeout='30']
SELECT `t`.`tour_id`, `t`.`add_ons`, `t`.`category_id`, `t`.`days`, `t`.`description`, `t`.`destination`, `t`.`do_and_dont`, `t`.`location`, `t`.`nights`, `t`.`passport_and_visa`, `t`.`price`, `t`.`stay_and_meals`, `t`.`subcat_id`, `t`.`tour_name`, `t`.`tour_type`, `t`.`weather`, `c`.`category_id`, `c`.`cat_code`, `c`.`cat_image_path`, `c`.`category_name`, `c`.`description`, `c`.`flag`, `c`.`parent_id`, `c`.`status`, `c`.`suitable_for`, `s`.`subcat_id`, `s`.`cat_id`, `s`.`flag`, `s`.`isactive`, `s`.`subcat_image_path`, `s`.`subcat_name`
FROM `tour` AS `t`
LEFT JOIN `category` AS `c` ON `t`.`category_id` = `c`.`category_id`
LEFT JOIN `sub_category_master` AS `s` ON `t`.`subcat_id` = `s`.`subcat_id`
WHERE `t`.`tour_id` = @__tourId_0
LIMIT 1
2026-08-05 20:39:33.889 +05:30 [INF] Microsoft.EntityFrameworkCore.Database.Command Executed DbCommand (0ms) [Parameters=[@__tourId_0='?' (DbType = Int32)], CommandType='"Text"', CommandTimeout='30']
SELECT `i`.`itinerary_id` AS `ItineraryId`, `i`.`day_number` AS `DayNumber`, `i`.`description` AS `Description`, `i`.`location` AS `Location`
FROM `itinerary` AS `i`
WHERE `i`.`tour_id` = @__tourId_0
ORDER BY `i`.`day_number`
2026-08-05 20:39:33.891 +05:30 [INF] Microsoft.EntityFrameworkCore.Database.Command Executed DbCommand (0ms) [Parameters=[@__tourId_0='?' (DbType = Int32), @__today_1='?' (DbType = Date)], CommandType='"Text"', CommandTimeout='30']
SELECT `s`.`schedule_id` AS `ScheduleId`, `s`.`start_date` AS `StartDate`, `s`.`available_seats` AS `AvailableSeats`, `s`.`total_seats` AS `TotalSeats`, `s`.`status` AS `Status`
FROM `schedule` AS `s`
WHERE ((`s`.`tour_id` = @__tourId_0) AND `s`.`start_date` IS NOT NULL) AND (`s`.`start_date` >= @__today_1)
ORDER BY `s`.`start_date`
2026-08-05 20:39:33.894 +05:30 [INF] Microsoft.EntityFrameworkCore.Database.Command Executed DbCommand (0ms) [Parameters=[@__tourId_0='?' (DbType = Int32)], CommandType='"Text"', CommandTimeout='30']
SELECT `c`.`cost_id` AS `CostId`, `c`.`adult_price` AS `AdultPrice`, `c`.`single_person_price` AS `SinglePersonPrice`, `c`.`extra_person_price` AS `ExtraPersonPrice`, `c`.`child_with_bed_price` AS `ChildWithBedPrice`, `c`.`child_without_bed_price` AS `ChildWithoutBedPrice`, `c`.`valid_from` AS `ValidFrom`, `c`.`valid_to` AS `ValidTo`, `c`.`is_active` AS `IsActive`
FROM `cost` AS `c`
WHERE `c`.`tour_id` = @__tourId_0
2026-08-05 20:39:33.897 +05:30 [INF] Microsoft.EntityFrameworkCore.Database.Command Executed DbCommand (0ms) [Parameters=[@__tourId_0='?' (DbType = Int32)], CommandType='"Text"', CommandTimeout='30']
SELECT `t`.`image_id` AS `ImageId`, `t`.`source` AS `Source`, `t`.`image_title` AS `ImageTitle`, `t`.`is_primary` AS `IsPrimary`, `t`.`upload_date` AS `UploadDate`
FROM `tour_images` AS `t`
WHERE `t`.`tour_id` = @__tourId_0
2026-08-05 20:39:33.899 +05:30 [INF] Microsoft.EntityFrameworkCore.Database.Command Executed DbCommand (0ms) [Parameters=[@__tourId_0='?' (DbType = Int32)], CommandType='"Text"', CommandTimeout='30']
SELECT CAST(`r`.`rating` AS double)
FROM `review` AS `r`
WHERE (`r`.`tour_id` = @__tourId_0) AND `r`.`rating` IS NOT NULL
2026-08-05 20:39:33.902 +05:30 [INF] Microsoft.EntityFrameworkCore.Database.Command Executed DbCommand (1ms) [Parameters=[@__tourId_0='?' (DbType = Int32)], CommandType='"Text"', CommandTimeout='30']
SELECT `t`.`tour_id`, `t`.`add_ons`, `t`.`category_id`, `t`.`days`, `t`.`description`, `t`.`destination`, `t`.`do_and_dont`, `t`.`location`, `t`.`nights`, `t`.`passport_and_visa`, `t`.`price`, `t`.`stay_and_meals`, `t`.`subcat_id`, `t`.`tour_name`, `t`.`tour_type`, `t`.`weather`, `c`.`category_id`, `c`.`cat_code`, `c`.`cat_image_path`, `c`.`category_name`, `c`.`description`, `c`.`flag`, `c`.`parent_id`, `c`.`status`, `c`.`suitable_for`, `s`.`subcat_id`, `s`.`cat_id`, `s`.`flag`, `s`.`isactive`, `s`.`subcat_image_path`, `s`.`subcat_name`
FROM `tour` AS `t`
LEFT JOIN `category` AS `c` ON `t`.`category_id` = `c`.`category_id`
LEFT JOIN `sub_category_master` AS `s` ON `t`.`subcat_id` = `s`.`subcat_id`
WHERE `t`.`tour_id` = @__tourId_0
LIMIT 1
2026-08-05 20:39:33.905 +05:30 [INF] Microsoft.EntityFrameworkCore.Database.Command Executed DbCommand (0ms) [Parameters=[@__tourId_0='?' (DbType = Int32)], CommandType='"Text"', CommandTimeout='30']
SELECT `i`.`itinerary_id` AS `ItineraryId`, `i`.`day_number` AS `DayNumber`, `i`.`description` AS `Description`, `i`.`location` AS `Location`
FROM `itinerary` AS `i`
WHERE `i`.`tour_id` = @__tourId_0
ORDER BY `i`.`day_number`
2026-08-05 20:39:33.907 +05:30 [INF] Microsoft.EntityFrameworkCore.Database.Command Executed DbCommand (0ms) [Parameters=[@__tourId_0='?' (DbType = Int32), @__today_1='?' (DbType = Date)], CommandType='"Text"', CommandTimeout='30']
SELECT `s`.`schedule_id` AS `ScheduleId`, `s`.`start_date` AS `StartDate`, `s`.`available_seats` AS `AvailableSeats`, `s`.`total_seats` AS `TotalSeats`, `s`.`status` AS `Status`
FROM `schedule` AS `s`
WHERE ((`s`.`tour_id` = @__tourId_0) AND `s`.`start_date` IS NOT NULL) AND (`s`.`start_date` >= @__today_1)
ORDER BY `s`.`start_date`
2026-08-05 20:39:33.910 +05:30 [INF] Microsoft.EntityFrameworkCore.Database.Command Executed DbCommand (0ms) [Parameters=[@__tourId_0='?' (DbType = Int32)], CommandType='"Text"', CommandTimeout='30']
SELECT `c`.`cost_id` AS `CostId`, `c`.`adult_price` AS `AdultPrice`, `c`.`single_person_price` AS `SinglePersonPrice`, `c`.`extra_person_price` AS `ExtraPersonPrice`, `c`.`child_with_bed_price` AS `ChildWithBedPrice`, `c`.`child_without_bed_price` AS `ChildWithoutBedPrice`, `c`.`valid_from` AS `ValidFrom`, `c`.`valid_to` AS `ValidTo`, `c`.`is_active` AS `IsActive`
FROM `cost` AS `c`
WHERE `c`.`tour_id` = @__tourId_0
2026-08-05 20:39:33.913 +05:30 [INF] Microsoft.EntityFrameworkCore.Database.Command Executed DbCommand (0ms) [Parameters=[@__tourId_0='?' (DbType = Int32)], CommandType='"Text"', CommandTimeout='30']
SELECT `t`.`image_id` AS `ImageId`, `t`.`source` AS `Source`, `t`.`image_title` AS `ImageTitle`, `t`.`is_primary` AS `IsPrimary`, `t`.`upload_date` AS `UploadDate`
FROM `tour_images` AS `t`
WHERE `t`.`tour_id` = @__tourId_0
2026-08-05 20:39:33.915 +05:30 [INF] Microsoft.EntityFrameworkCore.Database.Command Executed DbCommand (0ms) [Parameters=[@__tourId_0='?' (DbType = Int32)], CommandType='"Text"', CommandTimeout='30']
SELECT CAST(`r`.`rating` AS double)
FROM `review` AS `r`
WHERE (`r`.`tour_id` = @__tourId_0) AND `r`.`rating` IS NOT NULL
2026-08-05 20:39:33.918 +05:30 [INF] Microsoft.EntityFrameworkCore.Database.Command Executed DbCommand (0ms) [Parameters=[@__tourId_0='?' (DbType = Int32)], CommandType='"Text"', CommandTimeout='30']
SELECT `t`.`tour_id`, `t`.`add_ons`, `t`.`category_id`, `t`.`days`, `t`.`description`, `t`.`destination`, `t`.`do_and_dont`, `t`.`location`, `t`.`nights`, `t`.`passport_and_visa`, `t`.`price`, `t`.`stay_and_meals`, `t`.`subcat_id`, `t`.`tour_name`, `t`.`tour_type`, `t`.`weather`, `c`.`category_id`, `c`.`cat_code`, `c`.`cat_image_path`, `c`.`category_name`, `c`.`description`, `c`.`flag`, `c`.`parent_id`, `c`.`status`, `c`.`suitable_for`, `s`.`subcat_id`, `s`.`cat_id`, `s`.`flag`, `s`.`isactive`, `s`.`subcat_image_path`, `s`.`subcat_name`
FROM `tour` AS `t`
LEFT JOIN `category` AS `c` ON `t`.`category_id` = `c`.`category_id`
LEFT JOIN `sub_category_master` AS `s` ON `t`.`subcat_id` = `s`.`subcat_id`
WHERE `t`.`tour_id` = @__tourId_0
LIMIT 1
2026-08-05 20:39:33.920 +05:30 [INF] Microsoft.EntityFrameworkCore.Database.Command Executed DbCommand (0ms) [Parameters=[@__tourId_0='?' (DbType = Int32)], CommandType='"Text"', CommandTimeout='30']
SELECT `i`.`itinerary_id` AS `ItineraryId`, `i`.`day_number` AS `DayNumber`, `i`.`description` AS `Description`, `i`.`location` AS `Location`
FROM `itinerary` AS `i`
WHERE `i`.`tour_id` = @__tourId_0
ORDER BY `i`.`day_number`
2026-08-05 20:39:33.923 +05:30 [INF] Microsoft.EntityFrameworkCore.Database.Command Executed DbCommand (1ms) [Parameters=[@__tourId_0='?' (DbType = Int32), @__today_1='?' (DbType = Date)], CommandType='"Text"', CommandTimeout='30']
SELECT `s`.`schedule_id` AS `ScheduleId`, `s`.`start_date` AS `StartDate`, `s`.`available_seats` AS `AvailableSeats`, `s`.`total_seats` AS `TotalSeats`, `s`.`status` AS `Status`
FROM `schedule` AS `s`
WHERE ((`s`.`tour_id` = @__tourId_0) AND `s`.`start_date` IS NOT NULL) AND (`s`.`start_date` >= @__today_1)
ORDER BY `s`.`start_date`
2026-08-05 20:39:33.926 +05:30 [INF] Microsoft.EntityFrameworkCore.Database.Command Executed DbCommand (0ms) [Parameters=[@__tourId_0='?' (DbType = Int32)], CommandType='"Text"', CommandTimeout='30']
SELECT `c`.`cost_id` AS `CostId`, `c`.`adult_price` AS `AdultPrice`, `c`.`single_person_price` AS `SinglePersonPrice`, `c`.`extra_person_price` AS `ExtraPersonPrice`, `c`.`child_with_bed_price` AS `ChildWithBedPrice`, `c`.`child_without_bed_price` AS `ChildWithoutBedPrice`, `c`.`valid_from` AS `ValidFrom`, `c`.`valid_to` AS `ValidTo`, `c`.`is_active` AS `IsActive`
FROM `cost` AS `c`
WHERE `c`.`tour_id` = @__tourId_0
2026-08-05 20:39:33.928 +05:30 [INF] Microsoft.EntityFrameworkCore.Database.Command Executed DbCommand (0ms) [Parameters=[@__tourId_0='?' (DbType = Int32)], CommandType='"Text"', CommandTimeout='30']
SELECT `t`.`image_id` AS `ImageId`, `t`.`source` AS `Source`, `t`.`image_title` AS `ImageTitle`, `t`.`is_primary` AS `IsPrimary`, `t`.`upload_date` AS `UploadDate`
FROM `tour_images` AS `t`
WHERE `t`.`tour_id` = @__tourId_0
2026-08-05 20:39:33.931 +05:30 [INF] Microsoft.EntityFrameworkCore.Database.Command Executed DbCommand (0ms) [Parameters=[@__tourId_0='?' (DbType = Int32)], CommandType='"Text"', CommandTimeout='30']
SELECT CAST(`r`.`rating` AS double)
FROM `review` AS `r`
WHERE (`r`.`tour_id` = @__tourId_0) AND `r`.`rating` IS NOT NULL
2026-08-05 20:39:33.933 +05:30 [INF] Microsoft.EntityFrameworkCore.Database.Command Executed DbCommand (0ms) [Parameters=[@__tourId_0='?' (DbType = Int32)], CommandType='"Text"', CommandTimeout='30']
SELECT `t`.`tour_id`, `t`.`add_ons`, `t`.`category_id`, `t`.`days`, `t`.`description`, `t`.`destination`, `t`.`do_and_dont`, `t`.`location`, `t`.`nights`, `t`.`passport_and_visa`, `t`.`price`, `t`.`stay_and_meals`, `t`.`subcat_id`, `t`.`tour_name`, `t`.`tour_type`, `t`.`weather`, `c`.`category_id`, `c`.`cat_code`, `c`.`cat_image_path`, `c`.`category_name`, `c`.`description`, `c`.`flag`, `c`.`parent_id`, `c`.`status`, `c`.`suitable_for`, `s`.`subcat_id`, `s`.`cat_id`, `s`.`flag`, `s`.`isactive`, `s`.`subcat_image_path`, `s`.`subcat_name`
FROM `tour` AS `t`
LEFT JOIN `category` AS `c` ON `t`.`category_id` = `c`.`category_id`
LEFT JOIN `sub_category_master` AS `s` ON `t`.`subcat_id` = `s`.`subcat_id`
WHERE `t`.`tour_id` = @__tourId_0
LIMIT 1
2026-08-05 20:39:33.935 +05:30 [INF] Microsoft.EntityFrameworkCore.Database.Command Executed DbCommand (0ms) [Parameters=[@__tourId_0='?' (DbType = Int32)], CommandType='"Text"', CommandTimeout='30']
SELECT `i`.`itinerary_id` AS `ItineraryId`, `i`.`day_number` AS `DayNumber`, `i`.`description` AS `Description`, `i`.`location` AS `Location`
FROM `itinerary` AS `i`
WHERE `i`.`tour_id` = @__tourId_0
ORDER BY `i`.`day_number`
2026-08-05 20:39:33.938 +05:30 [INF] Microsoft.EntityFrameworkCore.Database.Command Executed DbCommand (0ms) [Parameters=[@__tourId_0='?' (DbType = Int32), @__today_1='?' (DbType = Date)], CommandType='"Text"', CommandTimeout='30']
SELECT `s`.`schedule_id` AS `ScheduleId`, `s`.`start_date` AS `StartDate`, `s`.`available_seats` AS `AvailableSeats`, `s`.`total_seats` AS `TotalSeats`, `s`.`status` AS `Status`
FROM `schedule` AS `s`
WHERE ((`s`.`tour_id` = @__tourId_0) AND `s`.`start_date` IS NOT NULL) AND (`s`.`start_date` >= @__today_1)
ORDER BY `s`.`start_date`
2026-08-05 20:39:33.940 +05:30 [INF] Microsoft.EntityFrameworkCore.Database.Command Executed DbCommand (0ms) [Parameters=[@__tourId_0='?' (DbType = Int32)], CommandType='"Text"', CommandTimeout='30']
SELECT `c`.`cost_id` AS `CostId`, `c`.`adult_price` AS `AdultPrice`, `c`.`single_person_price` AS `SinglePersonPrice`, `c`.`extra_person_price` AS `ExtraPersonPrice`, `c`.`child_with_bed_price` AS `ChildWithBedPrice`, `c`.`child_without_bed_price` AS `ChildWithoutBedPrice`, `c`.`valid_from` AS `ValidFrom`, `c`.`valid_to` AS `ValidTo`, `c`.`is_active` AS `IsActive`
FROM `cost` AS `c`
WHERE `c`.`tour_id` = @__tourId_0
2026-08-05 20:39:33.943 +05:30 [INF] Microsoft.EntityFrameworkCore.Database.Command Executed DbCommand (0ms) [Parameters=[@__tourId_0='?' (DbType = Int32)], CommandType='"Text"', CommandTimeout='30']
SELECT `t`.`image_id` AS `ImageId`, `t`.`source` AS `Source`, `t`.`image_title` AS `ImageTitle`, `t`.`is_primary` AS `IsPrimary`, `t`.`upload_date` AS `UploadDate`
FROM `tour_images` AS `t`
WHERE `t`.`tour_id` = @__tourId_0
2026-08-05 20:39:33.945 +05:30 [INF] Microsoft.EntityFrameworkCore.Database.Command Executed DbCommand (0ms) [Parameters=[@__tourId_0='?' (DbType = Int32)], CommandType='"Text"', CommandTimeout='30']
SELECT CAST(`r`.`rating` AS double)
FROM `review` AS `r`
WHERE (`r`.`tour_id` = @__tourId_0) AND `r`.`rating` IS NOT NULL
2026-08-05 20:39:33.948 +05:30 [INF] Microsoft.EntityFrameworkCore.Database.Command Executed DbCommand (0ms) [Parameters=[@__tourId_0='?' (DbType = Int32)], CommandType='"Text"', CommandTimeout='30']
SELECT `t`.`tour_id`, `t`.`add_ons`, `t`.`category_id`, `t`.`days`, `t`.`description`, `t`.`destination`, `t`.`do_and_dont`, `t`.`location`, `t`.`nights`, `t`.`passport_and_visa`, `t`.`price`, `t`.`stay_and_meals`, `t`.`subcat_id`, `t`.`tour_name`, `t`.`tour_type`, `t`.`weather`, `c`.`category_id`, `c`.`cat_code`, `c`.`cat_image_path`, `c`.`category_name`, `c`.`description`, `c`.`flag`, `c`.`parent_id`, `c`.`status`, `c`.`suitable_for`, `s`.`subcat_id`, `s`.`cat_id`, `s`.`flag`, `s`.`isactive`, `s`.`subcat_image_path`, `s`.`subcat_name`
FROM `tour` AS `t`
LEFT JOIN `category` AS `c` ON `t`.`category_id` = `c`.`category_id`
LEFT JOIN `sub_category_master` AS `s` ON `t`.`subcat_id` = `s`.`subcat_id`
WHERE `t`.`tour_id` = @__tourId_0
LIMIT 1
2026-08-05 20:39:33.950 +05:30 [INF] Microsoft.EntityFrameworkCore.Database.Command Executed DbCommand (0ms) [Parameters=[@__tourId_0='?' (DbType = Int32)], CommandType='"Text"', CommandTimeout='30']
SELECT `i`.`itinerary_id` AS `ItineraryId`, `i`.`day_number` AS `DayNumber`, `i`.`description` AS `Description`, `i`.`location` AS `Location`
FROM `itinerary` AS `i`
WHERE `i`.`tour_id` = @__tourId_0
ORDER BY `i`.`day_number`
2026-08-05 20:39:33.953 +05:30 [INF] Microsoft.EntityFrameworkCore.Database.Command Executed DbCommand (0ms) [Parameters=[@__tourId_0='?' (DbType = Int32), @__today_1='?' (DbType = Date)], CommandType='"Text"', CommandTimeout='30']
SELECT `s`.`schedule_id` AS `ScheduleId`, `s`.`start_date` AS `StartDate`, `s`.`available_seats` AS `AvailableSeats`, `s`.`total_seats` AS `TotalSeats`, `s`.`status` AS `Status`
FROM `schedule` AS `s`
WHERE ((`s`.`tour_id` = @__tourId_0) AND `s`.`start_date` IS NOT NULL) AND (`s`.`start_date` >= @__today_1)
ORDER BY `s`.`start_date`
2026-08-05 20:39:33.955 +05:30 [INF] Microsoft.EntityFrameworkCore.Database.Command Executed DbCommand (0ms) [Parameters=[@__tourId_0='?' (DbType = Int32)], CommandType='"Text"', CommandTimeout='30']
SELECT `c`.`cost_id` AS `CostId`, `c`.`adult_price` AS `AdultPrice`, `c`.`single_person_price` AS `SinglePersonPrice`, `c`.`extra_person_price` AS `ExtraPersonPrice`, `c`.`child_with_bed_price` AS `ChildWithBedPrice`, `c`.`child_without_bed_price` AS `ChildWithoutBedPrice`, `c`.`valid_from` AS `ValidFrom`, `c`.`valid_to` AS `ValidTo`, `c`.`is_active` AS `IsActive`
FROM `cost` AS `c`
WHERE `c`.`tour_id` = @__tourId_0
2026-08-05 20:39:33.958 +05:30 [INF] Microsoft.EntityFrameworkCore.Database.Command Executed DbCommand (1ms) [Parameters=[@__tourId_0='?' (DbType = Int32)], CommandType='"Text"', CommandTimeout='30']
SELECT `t`.`image_id` AS `ImageId`, `t`.`source` AS `Source`, `t`.`image_title` AS `ImageTitle`, `t`.`is_primary` AS `IsPrimary`, `t`.`upload_date` AS `UploadDate`
FROM `tour_images` AS `t`
WHERE `t`.`tour_id` = @__tourId_0
2026-08-05 20:39:33.961 +05:30 [INF] Microsoft.EntityFrameworkCore.Database.Command Executed DbCommand (0ms) [Parameters=[@__tourId_0='?' (DbType = Int32)], CommandType='"Text"', CommandTimeout='30']
SELECT CAST(`r`.`rating` AS double)
FROM `review` AS `r`
WHERE (`r`.`tour_id` = @__tourId_0) AND `r`.`rating` IS NOT NULL
2026-08-05 20:39:33.963 +05:30 [INF] Microsoft.EntityFrameworkCore.Database.Command Executed DbCommand (1ms) [Parameters=[@__tourId_0='?' (DbType = Int32)], CommandType='"Text"', CommandTimeout='30']
SELECT `t`.`tour_id`, `t`.`add_ons`, `t`.`category_id`, `t`.`days`, `t`.`description`, `t`.`destination`, `t`.`do_and_dont`, `t`.`location`, `t`.`nights`, `t`.`passport_and_visa`, `t`.`price`, `t`.`stay_and_meals`, `t`.`subcat_id`, `t`.`tour_name`, `t`.`tour_type`, `t`.`weather`, `c`.`category_id`, `c`.`cat_code`, `c`.`cat_image_path`, `c`.`category_name`, `c`.`description`, `c`.`flag`, `c`.`parent_id`, `c`.`status`, `c`.`suitable_for`, `s`.`subcat_id`, `s`.`cat_id`, `s`.`flag`, `s`.`isactive`, `s`.`subcat_image_path`, `s`.`subcat_name`
FROM `tour` AS `t`
LEFT JOIN `category` AS `c` ON `t`.`category_id` = `c`.`category_id`
LEFT JOIN `sub_category_master` AS `s` ON `t`.`subcat_id` = `s`.`subcat_id`
WHERE `t`.`tour_id` = @__tourId_0
LIMIT 1
2026-08-05 20:39:33.966 +05:30 [INF] Microsoft.EntityFrameworkCore.Database.Command Executed DbCommand (0ms) [Parameters=[@__tourId_0='?' (DbType = Int32)], CommandType='"Text"', CommandTimeout='30']
SELECT `i`.`itinerary_id` AS `ItineraryId`, `i`.`day_number` AS `DayNumber`, `i`.`description` AS `Description`, `i`.`location` AS `Location`
FROM `itinerary` AS `i`
WHERE `i`.`tour_id` = @__tourId_0
ORDER BY `i`.`day_number`
2026-08-05 20:39:33.968 +05:30 [INF] Microsoft.EntityFrameworkCore.Database.Command Executed DbCommand (0ms) [Parameters=[@__tourId_0='?' (DbType = Int32), @__today_1='?' (DbType = Date)], CommandType='"Text"', CommandTimeout='30']
SELECT `s`.`schedule_id` AS `ScheduleId`, `s`.`start_date` AS `StartDate`, `s`.`available_seats` AS `AvailableSeats`, `s`.`total_seats` AS `TotalSeats`, `s`.`status` AS `Status`
FROM `schedule` AS `s`
WHERE ((`s`.`tour_id` = @__tourId_0) AND `s`.`start_date` IS NOT NULL) AND (`s`.`start_date` >= @__today_1)
ORDER BY `s`.`start_date`
2026-08-05 20:39:33.970 +05:30 [INF] Microsoft.EntityFrameworkCore.Database.Command Executed DbCommand (0ms) [Parameters=[@__tourId_0='?' (DbType = Int32)], CommandType='"Text"', CommandTimeout='30']
SELECT `c`.`cost_id` AS `CostId`, `c`.`adult_price` AS `AdultPrice`, `c`.`single_person_price` AS `SinglePersonPrice`, `c`.`extra_person_price` AS `ExtraPersonPrice`, `c`.`child_with_bed_price` AS `ChildWithBedPrice`, `c`.`child_without_bed_price` AS `ChildWithoutBedPrice`, `c`.`valid_from` AS `ValidFrom`, `c`.`valid_to` AS `ValidTo`, `c`.`is_active` AS `IsActive`
FROM `cost` AS `c`
WHERE `c`.`tour_id` = @__tourId_0
2026-08-05 20:39:33.972 +05:30 [INF] Microsoft.EntityFrameworkCore.Database.Command Executed DbCommand (0ms) [Parameters=[@__tourId_0='?' (DbType = Int32)], CommandType='"Text"', CommandTimeout='30']
SELECT `t`.`image_id` AS `ImageId`, `t`.`source` AS `Source`, `t`.`image_title` AS `ImageTitle`, `t`.`is_primary` AS `IsPrimary`, `t`.`upload_date` AS `UploadDate`
FROM `tour_images` AS `t`
WHERE `t`.`tour_id` = @__tourId_0
2026-08-05 20:39:33.974 +05:30 [INF] Microsoft.EntityFrameworkCore.Database.Command Executed DbCommand (0ms) [Parameters=[@__tourId_0='?' (DbType = Int32)], CommandType='"Text"', CommandTimeout='30']
SELECT CAST(`r`.`rating` AS double)
FROM `review` AS `r`
WHERE (`r`.`tour_id` = @__tourId_0) AND `r`.`rating` IS NOT NULL
2026-08-05 20:39:33.976 +05:30 [INF] Microsoft.EntityFrameworkCore.Database.Command Executed DbCommand (0ms) [Parameters=[@__tourId_0='?' (DbType = Int32)], CommandType='"Text"', CommandTimeout='30']
SELECT `t`.`tour_id`, `t`.`add_ons`, `t`.`category_id`, `t`.`days`, `t`.`description`, `t`.`destination`, `t`.`do_and_dont`, `t`.`location`, `t`.`nights`, `t`.`passport_and_visa`, `t`.`price`, `t`.`stay_and_meals`, `t`.`subcat_id`, `t`.`tour_name`, `t`.`tour_type`, `t`.`weather`, `c`.`category_id`, `c`.`cat_code`, `c`.`cat_image_path`, `c`.`category_name`, `c`.`description`, `c`.`flag`, `c`.`parent_id`, `c`.`status`, `c`.`suitable_for`, `s`.`subcat_id`, `s`.`cat_id`, `s`.`flag`, `s`.`isactive`, `s`.`subcat_image_path`, `s`.`subcat_name`
FROM `tour` AS `t`
LEFT JOIN `category` AS `c` ON `t`.`category_id` = `c`.`category_id`
LEFT JOIN `sub_category_master` AS `s` ON `t`.`subcat_id` = `s`.`subcat_id`
WHERE `t`.`tour_id` = @__tourId_0
LIMIT 1
2026-08-05 20:39:33.980 +05:30 [INF] Microsoft.EntityFrameworkCore.Database.Command Executed DbCommand (0ms) [Parameters=[@__tourId_0='?' (DbType = Int32)], CommandType='"Text"', CommandTimeout='30']
SELECT `i`.`itinerary_id` AS `ItineraryId`, `i`.`day_number` AS `DayNumber`, `i`.`description` AS `Description`, `i`.`location` AS `Location`
FROM `itinerary` AS `i`
WHERE `i`.`tour_id` = @__tourId_0
ORDER BY `i`.`day_number`
2026-08-05 20:39:33.983 +05:30 [INF] Microsoft.EntityFrameworkCore.Database.Command Executed DbCommand (0ms) [Parameters=[@__tourId_0='?' (DbType = Int32), @__today_1='?' (DbType = Date)], CommandType='"Text"', CommandTimeout='30']
SELECT `s`.`schedule_id` AS `ScheduleId`, `s`.`start_date` AS `StartDate`, `s`.`available_seats` AS `AvailableSeats`, `s`.`total_seats` AS `TotalSeats`, `s`.`status` AS `Status`
FROM `schedule` AS `s`
WHERE ((`s`.`tour_id` = @__tourId_0) AND `s`.`start_date` IS NOT NULL) AND (`s`.`start_date` >= @__today_1)
ORDER BY `s`.`start_date`
2026-08-05 20:39:33.985 +05:30 [INF] Microsoft.EntityFrameworkCore.Database.Command Executed DbCommand (0ms) [Parameters=[@__tourId_0='?' (DbType = Int32)], CommandType='"Text"', CommandTimeout='30']
SELECT `c`.`cost_id` AS `CostId`, `c`.`adult_price` AS `AdultPrice`, `c`.`single_person_price` AS `SinglePersonPrice`, `c`.`extra_person_price` AS `ExtraPersonPrice`, `c`.`child_with_bed_price` AS `ChildWithBedPrice`, `c`.`child_without_bed_price` AS `ChildWithoutBedPrice`, `c`.`valid_from` AS `ValidFrom`, `c`.`valid_to` AS `ValidTo`, `c`.`is_active` AS `IsActive`
FROM `cost` AS `c`
WHERE `c`.`tour_id` = @__tourId_0
2026-08-05 20:39:33.988 +05:30 [INF] Microsoft.EntityFrameworkCore.Database.Command Executed DbCommand (0ms) [Parameters=[@__tourId_0='?' (DbType = Int32)], CommandType='"Text"', CommandTimeout='30']
SELECT `t`.`image_id` AS `ImageId`, `t`.`source` AS `Source`, `t`.`image_title` AS `ImageTitle`, `t`.`is_primary` AS `IsPrimary`, `t`.`upload_date` AS `UploadDate`
FROM `tour_images` AS `t`
WHERE `t`.`tour_id` = @__tourId_0
2026-08-05 20:39:33.990 +05:30 [INF] Microsoft.EntityFrameworkCore.Database.Command Executed DbCommand (0ms) [Parameters=[@__tourId_0='?' (DbType = Int32)], CommandType='"Text"', CommandTimeout='30']
SELECT CAST(`r`.`rating` AS double)
FROM `review` AS `r`
WHERE (`r`.`tour_id` = @__tourId_0) AND `r`.`rating` IS NOT NULL
2026-08-05 20:39:33.992 +05:30 [INF] Serilog.AspNetCore.RequestLoggingMiddleware GET /api/admin/tours responded 200 in 554.2 ms
2026-08-05 20:44:27.153 +05:30 [INF] Microsoft.EntityFrameworkCore.Database.Command Executed DbCommand (1ms) [Parameters=[], CommandType='"Text"', CommandTimeout='30']
SELECT `t`.`tour_id`
FROM `tour` AS `t`
ORDER BY `t`.`tour_id`
2026-08-05 20:44:27.156 +05:30 [INF] Microsoft.EntityFrameworkCore.Database.Command Executed DbCommand (8ms) [Parameters=[], CommandType='"Text"', CommandTimeout='30']
SELECT `b`.`booking_id`, `b`.`booking_date`, `b`.`booking_status`, `b`.`contact_email`, `b`.`contact_name`, `b`.`contact_phone`, `b`.`schedule_id`, `b`.`total_amount`, `b`.`tour_id`, `b`.`user_id`, `u`.`user_id`, `u`.`address`, `u`.`auth_provider`, `u`.`city`, `u`.`created_at`, `u`.`email`, `u`.`first_name`, `u`.`gender`, `u`.`isactive`, `u`.`last_name`, `u`.`password_hash`, `u`.`phone_number`, `u`.`provider_id`, `u`.`role_id`, `u`.`username`, `t`.`tour_id`, `t`.`add_ons`, `t`.`category_id`, `t`.`days`, `t`.`description`, `t`.`destination`, `t`.`do_and_dont`, `t`.`location`, `t`.`nights`, `t`.`passport_and_visa`, `t`.`price`, `t`.`stay_and_meals`, `t`.`subcat_id`, `t`.`tour_name`, `t`.`tour_type`, `t`.`weather`, `s`.`schedule_id`, `s`.`available_seats`, `s`.`start_date`, `s`.`status`, `s`.`total_seats`, `s`.`tour_id`, `c`.`cancellation_id`, `p`.`pax_id`, `p`.`age`, `p`.`birth_date`, `p`.`booking_id`, `p`.`email`, `p`.`full_name`, `p`.`gender`, `p`.`passport_number`, `p`.`pax_type`, `p0`.`payment_id`, `p0`.`amount`, `p0`.`booking_id`, `p0`.`payment_date`, `p0`.`payment_method`, `p0`.`payment_status`, `c`.`booking_id`, `c`.`cancellation_date`, `c`.`reason`, `c`.`refund_amount`, `c`.`refund_status`, `c`.`remarks`
FROM `booking` AS `b`
LEFT JOIN `users` AS `u` ON `b`.`user_id` = `u`.`user_id`
LEFT JOIN `tour` AS `t` ON `b`.`tour_id` = `t`.`tour_id`
LEFT JOIN `schedule` AS `s` ON `b`.`schedule_id` = `s`.`schedule_id`
LEFT JOIN `cancellation` AS `c` ON `b`.`booking_id` = `c`.`booking_id`
LEFT JOIN `passenger_details` AS `p` ON `b`.`booking_id` = `p`.`booking_id`
LEFT JOIN `payment` AS `p0` ON `b`.`booking_id` = `p0`.`booking_id`
ORDER BY `b`.`booking_date` DESC, `b`.`booking_id` DESC, `u`.`user_id`, `t`.`tour_id`, `s`.`schedule_id`, `c`.`cancellation_id`, `p`.`pax_id`
2026-08-05 20:44:27.166 +05:30 [INF] Microsoft.EntityFrameworkCore.Database.Command Executed DbCommand (18ms) [Parameters=[], CommandType='"Text"', CommandTimeout='30']
SELECT `u`.`user_id`, `u`.`address`, `u`.`auth_provider`, `u`.`city`, `u`.`created_at`, `u`.`email`, `u`.`first_name`, `u`.`gender`, `u`.`isactive`, `u`.`last_name`, `u`.`password_hash`, `u`.`phone_number`, `u`.`provider_id`, `u`.`role_id`, `u`.`username`, `r`.`role_id`, `r`.`description`, `r`.`role_name`
FROM `users` AS `u`
LEFT JOIN `role` AS `r` ON `u`.`role_id` = `r`.`role_id`
ORDER BY `u`.`user_id`
2026-08-05 20:44:27.184 +05:30 [INF] Microsoft.EntityFrameworkCore.Database.Command Executed DbCommand (1ms) [Parameters=[@__tourId_0='?' (DbType = Int32)], CommandType='"Text"', CommandTimeout='30']
SELECT `t`.`tour_id`, `t`.`add_ons`, `t`.`category_id`, `t`.`days`, `t`.`description`, `t`.`destination`, `t`.`do_and_dont`, `t`.`location`, `t`.`nights`, `t`.`passport_and_visa`, `t`.`price`, `t`.`stay_and_meals`, `t`.`subcat_id`, `t`.`tour_name`, `t`.`tour_type`, `t`.`weather`, `c`.`category_id`, `c`.`cat_code`, `c`.`cat_image_path`, `c`.`category_name`, `c`.`description`, `c`.`flag`, `c`.`parent_id`, `c`.`status`, `c`.`suitable_for`, `s`.`subcat_id`, `s`.`cat_id`, `s`.`flag`, `s`.`isactive`, `s`.`subcat_image_path`, `s`.`subcat_name`
FROM `tour` AS `t`
LEFT JOIN `category` AS `c` ON `t`.`category_id` = `c`.`category_id`
LEFT JOIN `sub_category_master` AS `s` ON `t`.`subcat_id` = `s`.`subcat_id`
WHERE `t`.`tour_id` = @__tourId_0
LIMIT 1
2026-08-05 20:44:27.199 +05:30 [INF] Microsoft.EntityFrameworkCore.Database.Command Executed DbCommand (3ms) [Parameters=[], CommandType='"Text"', CommandTimeout='30']
SELECT `b`.`user_id` AS `UserId`, `b`.`booking_status` AS `BookingStatus`, `b`.`total_amount` AS `TotalAmount`
FROM `booking` AS `b`
2026-08-05 20:44:27.189 +05:30 [INF] Serilog.AspNetCore.RequestLoggingMiddleware GET /api/admin/bookings responded 200 in 57.5 ms
2026-08-05 20:44:27.203 +05:30 [INF] Microsoft.EntityFrameworkCore.Database.Command Executed DbCommand (3ms) [Parameters=[@__tourId_0='?' (DbType = Int32)], CommandType='"Text"', CommandTimeout='30']
SELECT `i`.`itinerary_id` AS `ItineraryId`, `i`.`day_number` AS `DayNumber`, `i`.`description` AS `Description`, `i`.`location` AS `Location`
FROM `itinerary` AS `i`
WHERE `i`.`tour_id` = @__tourId_0
ORDER BY `i`.`day_number`
2026-08-05 20:44:27.207 +05:30 [INF] Serilog.AspNetCore.RequestLoggingMiddleware GET /api/admin/users responded 200 in 75.8 ms
2026-08-05 20:44:27.209 +05:30 [INF] Microsoft.EntityFrameworkCore.Database.Command Executed DbCommand (2ms) [Parameters=[], CommandType='"Text"', CommandTimeout='30']
SELECT `b`.`booking_id`, `b`.`booking_date`, `b`.`booking_status`, `b`.`contact_email`, `b`.`contact_name`, `b`.`contact_phone`, `b`.`schedule_id`, `b`.`total_amount`, `b`.`tour_id`, `b`.`user_id`, `u`.`user_id`, `u`.`address`, `u`.`auth_provider`, `u`.`city`, `u`.`created_at`, `u`.`email`, `u`.`first_name`, `u`.`gender`, `u`.`isactive`, `u`.`last_name`, `u`.`password_hash`, `u`.`phone_number`, `u`.`provider_id`, `u`.`role_id`, `u`.`username`, `t`.`tour_id`, `t`.`add_ons`, `t`.`category_id`, `t`.`days`, `t`.`description`, `t`.`destination`, `t`.`do_and_dont`, `t`.`location`, `t`.`nights`, `t`.`passport_and_visa`, `t`.`price`, `t`.`stay_and_meals`, `t`.`subcat_id`, `t`.`tour_name`, `t`.`tour_type`, `t`.`weather`, `s`.`schedule_id`, `s`.`available_seats`, `s`.`start_date`, `s`.`status`, `s`.`total_seats`, `s`.`tour_id`, `c`.`cancellation_id`, `p`.`pax_id`, `p`.`age`, `p`.`birth_date`, `p`.`booking_id`, `p`.`email`, `p`.`full_name`, `p`.`gender`, `p`.`passport_number`, `p`.`pax_type`, `p0`.`payment_id`, `p0`.`amount`, `p0`.`booking_id`, `p0`.`payment_date`, `p0`.`payment_method`, `p0`.`payment_status`, `c`.`booking_id`, `c`.`cancellation_date`, `c`.`reason`, `c`.`refund_amount`, `c`.`refund_status`, `c`.`remarks`
FROM `booking` AS `b`
LEFT JOIN `users` AS `u` ON `b`.`user_id` = `u`.`user_id`
LEFT JOIN `tour` AS `t` ON `b`.`tour_id` = `t`.`tour_id`
LEFT JOIN `schedule` AS `s` ON `b`.`schedule_id` = `s`.`schedule_id`
LEFT JOIN `cancellation` AS `c` ON `b`.`booking_id` = `c`.`booking_id`
LEFT JOIN `passenger_details` AS `p` ON `b`.`booking_id` = `p`.`booking_id`
LEFT JOIN `payment` AS `p0` ON `b`.`booking_id` = `p0`.`booking_id`
ORDER BY `b`.`booking_date` DESC, `b`.`booking_id` DESC, `u`.`user_id`, `t`.`tour_id`, `s`.`schedule_id`, `c`.`cancellation_id`, `p`.`pax_id`
2026-08-05 20:44:27.218 +05:30 [INF] Microsoft.EntityFrameworkCore.Database.Command Executed DbCommand (1ms) [Parameters=[@__tourId_0='?' (DbType = Int32), @__today_1='?' (DbType = Date)], CommandType='"Text"', CommandTimeout='30']
SELECT `s`.`schedule_id` AS `ScheduleId`, `s`.`start_date` AS `StartDate`, `s`.`available_seats` AS `AvailableSeats`, `s`.`total_seats` AS `TotalSeats`, `s`.`status` AS `Status`
FROM `schedule` AS `s`
WHERE ((`s`.`tour_id` = @__tourId_0) AND `s`.`start_date` IS NOT NULL) AND (`s`.`start_date` >= @__today_1)
ORDER BY `s`.`start_date`
2026-08-05 20:44:27.223 +05:30 [INF] Microsoft.EntityFrameworkCore.Database.Command Executed DbCommand (1ms) [Parameters=[], CommandType='"Text"', CommandTimeout='30']
SELECT `u`.`user_id`, `u`.`address`, `u`.`auth_provider`, `u`.`city`, `u`.`created_at`, `u`.`email`, `u`.`first_name`, `u`.`gender`, `u`.`isactive`, `u`.`last_name`, `u`.`password_hash`, `u`.`phone_number`, `u`.`provider_id`, `u`.`role_id`, `u`.`username`, `r`.`role_id`, `r`.`description`, `r`.`role_name`
FROM `users` AS `u`
LEFT JOIN `role` AS `r` ON `u`.`role_id` = `r`.`role_id`
ORDER BY `u`.`user_id`
2026-08-05 20:44:27.226 +05:30 [INF] Serilog.AspNetCore.RequestLoggingMiddleware GET /api/admin/bookings responded 200 in 28.1 ms
2026-08-05 20:44:27.239 +05:30 [INF] Microsoft.EntityFrameworkCore.Database.Command Executed DbCommand (1ms) [Parameters=[@__tourId_0='?' (DbType = Int32)], CommandType='"Text"', CommandTimeout='30']
SELECT `c`.`cost_id` AS `CostId`, `c`.`adult_price` AS `AdultPrice`, `c`.`single_person_price` AS `SinglePersonPrice`, `c`.`extra_person_price` AS `ExtraPersonPrice`, `c`.`child_with_bed_price` AS `ChildWithBedPrice`, `c`.`child_without_bed_price` AS `ChildWithoutBedPrice`, `c`.`valid_from` AS `ValidFrom`, `c`.`valid_to` AS `ValidTo`, `c`.`is_active` AS `IsActive`
FROM `cost` AS `c`
WHERE `c`.`tour_id` = @__tourId_0
2026-08-05 20:44:27.245 +05:30 [INF] Microsoft.EntityFrameworkCore.Database.Command Executed DbCommand (0ms) [Parameters=[], CommandType='"Text"', CommandTimeout='30']
SELECT `b`.`user_id` AS `UserId`, `b`.`booking_status` AS `BookingStatus`, `b`.`total_amount` AS `TotalAmount`
FROM `booking` AS `b`
2026-08-05 20:44:27.253 +05:30 [INF] Microsoft.EntityFrameworkCore.Database.Command Executed DbCommand (1ms) [Parameters=[@__tourId_0='?' (DbType = Int32)], CommandType='"Text"', CommandTimeout='30']
SELECT `t`.`image_id` AS `ImageId`, `t`.`source` AS `Source`, `t`.`image_title` AS `ImageTitle`, `t`.`is_primary` AS `IsPrimary`, `t`.`upload_date` AS `UploadDate`
FROM `tour_images` AS `t`
WHERE `t`.`tour_id` = @__tourId_0
2026-08-05 20:44:27.254 +05:30 [INF] Serilog.AspNetCore.RequestLoggingMiddleware GET /api/admin/users responded 200 in 38.6 ms
2026-08-05 20:44:27.260 +05:30 [INF] Microsoft.EntityFrameworkCore.Database.Command Executed DbCommand (1ms) [Parameters=[@__tourId_0='?' (DbType = Int32)], CommandType='"Text"', CommandTimeout='30']
SELECT CAST(`r`.`rating` AS double)
FROM `review` AS `r`
WHERE (`r`.`tour_id` = @__tourId_0) AND `r`.`rating` IS NOT NULL
2026-08-05 20:44:27.266 +05:30 [INF] Microsoft.EntityFrameworkCore.Database.Command Executed DbCommand (1ms) [Parameters=[@__tourId_0='?' (DbType = Int32)], CommandType='"Text"', CommandTimeout='30']
SELECT `t`.`tour_id`, `t`.`add_ons`, `t`.`category_id`, `t`.`days`, `t`.`description`, `t`.`destination`, `t`.`do_and_dont`, `t`.`location`, `t`.`nights`, `t`.`passport_and_visa`, `t`.`price`, `t`.`stay_and_meals`, `t`.`subcat_id`, `t`.`tour_name`, `t`.`tour_type`, `t`.`weather`, `c`.`category_id`, `c`.`cat_code`, `c`.`cat_image_path`, `c`.`category_name`, `c`.`description`, `c`.`flag`, `c`.`parent_id`, `c`.`status`, `c`.`suitable_for`, `s`.`subcat_id`, `s`.`cat_id`, `s`.`flag`, `s`.`isactive`, `s`.`subcat_image_path`, `s`.`subcat_name`
FROM `tour` AS `t`
LEFT JOIN `category` AS `c` ON `t`.`category_id` = `c`.`category_id`
LEFT JOIN `sub_category_master` AS `s` ON `t`.`subcat_id` = `s`.`subcat_id`
WHERE `t`.`tour_id` = @__tourId_0
LIMIT 1
2026-08-05 20:44:27.272 +05:30 [INF] Microsoft.EntityFrameworkCore.Database.Command Executed DbCommand (1ms) [Parameters=[@__tourId_0='?' (DbType = Int32)], CommandType='"Text"', CommandTimeout='30']
SELECT `i`.`itinerary_id` AS `ItineraryId`, `i`.`day_number` AS `DayNumber`, `i`.`description` AS `Description`, `i`.`location` AS `Location`
FROM `itinerary` AS `i`
WHERE `i`.`tour_id` = @__tourId_0
ORDER BY `i`.`day_number`
2026-08-05 20:44:27.346 +05:30 [INF] Microsoft.EntityFrameworkCore.Database.Command Executed DbCommand (3ms) [Parameters=[@__tourId_0='?' (DbType = Int32), @__today_1='?' (DbType = Date)], CommandType='"Text"', CommandTimeout='30']
SELECT `s`.`schedule_id` AS `ScheduleId`, `s`.`start_date` AS `StartDate`, `s`.`available_seats` AS `AvailableSeats`, `s`.`total_seats` AS `TotalSeats`, `s`.`status` AS `Status`
FROM `schedule` AS `s`
WHERE ((`s`.`tour_id` = @__tourId_0) AND `s`.`start_date` IS NOT NULL) AND (`s`.`start_date` >= @__today_1)
ORDER BY `s`.`start_date`
2026-08-05 20:44:27.383 +05:30 [INF] Microsoft.EntityFrameworkCore.Database.Command Executed DbCommand (1ms) [Parameters=[@__tourId_0='?' (DbType = Int32)], CommandType='"Text"', CommandTimeout='30']
SELECT `c`.`cost_id` AS `CostId`, `c`.`adult_price` AS `AdultPrice`, `c`.`single_person_price` AS `SinglePersonPrice`, `c`.`extra_person_price` AS `ExtraPersonPrice`, `c`.`child_with_bed_price` AS `ChildWithBedPrice`, `c`.`child_without_bed_price` AS `ChildWithoutBedPrice`, `c`.`valid_from` AS `ValidFrom`, `c`.`valid_to` AS `ValidTo`, `c`.`is_active` AS `IsActive`
FROM `cost` AS `c`
WHERE `c`.`tour_id` = @__tourId_0
2026-08-05 20:44:27.401 +05:30 [INF] Microsoft.EntityFrameworkCore.Database.Command Executed DbCommand (1ms) [Parameters=[@__tourId_0='?' (DbType = Int32)], CommandType='"Text"', CommandTimeout='30']
SELECT `t`.`image_id` AS `ImageId`, `t`.`source` AS `Source`, `t`.`image_title` AS `ImageTitle`, `t`.`is_primary` AS `IsPrimary`, `t`.`upload_date` AS `UploadDate`
FROM `tour_images` AS `t`
WHERE `t`.`tour_id` = @__tourId_0
2026-08-05 20:44:27.405 +05:30 [INF] Microsoft.EntityFrameworkCore.Database.Command Executed DbCommand (0ms) [Parameters=[@__tourId_0='?' (DbType = Int32)], CommandType='"Text"', CommandTimeout='30']
SELECT CAST(`r`.`rating` AS double)
FROM `review` AS `r`
WHERE (`r`.`tour_id` = @__tourId_0) AND `r`.`rating` IS NOT NULL
2026-08-05 20:44:27.415 +05:30 [INF] Microsoft.EntityFrameworkCore.Database.Command Executed DbCommand (1ms) [Parameters=[@__tourId_0='?' (DbType = Int32)], CommandType='"Text"', CommandTimeout='30']
SELECT `t`.`tour_id`, `t`.`add_ons`, `t`.`category_id`, `t`.`days`, `t`.`description`, `t`.`destination`, `t`.`do_and_dont`, `t`.`location`, `t`.`nights`, `t`.`passport_and_visa`, `t`.`price`, `t`.`stay_and_meals`, `t`.`subcat_id`, `t`.`tour_name`, `t`.`tour_type`, `t`.`weather`, `c`.`category_id`, `c`.`cat_code`, `c`.`cat_image_path`, `c`.`category_name`, `c`.`description`, `c`.`flag`, `c`.`parent_id`, `c`.`status`, `c`.`suitable_for`, `s`.`subcat_id`, `s`.`cat_id`, `s`.`flag`, `s`.`isactive`, `s`.`subcat_image_path`, `s`.`subcat_name`
FROM `tour` AS `t`
LEFT JOIN `category` AS `c` ON `t`.`category_id` = `c`.`category_id`
LEFT JOIN `sub_category_master` AS `s` ON `t`.`subcat_id` = `s`.`subcat_id`
WHERE `t`.`tour_id` = @__tourId_0
LIMIT 1
2026-08-05 20:44:27.420 +05:30 [INF] Microsoft.EntityFrameworkCore.Database.Command Executed DbCommand (1ms) [Parameters=[@__tourId_0='?' (DbType = Int32)], CommandType='"Text"', CommandTimeout='30']
SELECT `i`.`itinerary_id` AS `ItineraryId`, `i`.`day_number` AS `DayNumber`, `i`.`description` AS `Description`, `i`.`location` AS `Location`
FROM `itinerary` AS `i`
WHERE `i`.`tour_id` = @__tourId_0
ORDER BY `i`.`day_number`
2026-08-05 20:44:27.426 +05:30 [INF] Microsoft.EntityFrameworkCore.Database.Command Executed DbCommand (1ms) [Parameters=[@__tourId_0='?' (DbType = Int32), @__today_1='?' (DbType = Date)], CommandType='"Text"', CommandTimeout='30']
SELECT `s`.`schedule_id` AS `ScheduleId`, `s`.`start_date` AS `StartDate`, `s`.`available_seats` AS `AvailableSeats`, `s`.`total_seats` AS `TotalSeats`, `s`.`status` AS `Status`
FROM `schedule` AS `s`
WHERE ((`s`.`tour_id` = @__tourId_0) AND `s`.`start_date` IS NOT NULL) AND (`s`.`start_date` >= @__today_1)
ORDER BY `s`.`start_date`
2026-08-05 20:44:27.434 +05:30 [INF] Microsoft.EntityFrameworkCore.Database.Command Executed DbCommand (1ms) [Parameters=[@__tourId_0='?' (DbType = Int32)], CommandType='"Text"', CommandTimeout='30']
SELECT `c`.`cost_id` AS `CostId`, `c`.`adult_price` AS `AdultPrice`, `c`.`single_person_price` AS `SinglePersonPrice`, `c`.`extra_person_price` AS `ExtraPersonPrice`, `c`.`child_with_bed_price` AS `ChildWithBedPrice`, `c`.`child_without_bed_price` AS `ChildWithoutBedPrice`, `c`.`valid_from` AS `ValidFrom`, `c`.`valid_to` AS `ValidTo`, `c`.`is_active` AS `IsActive`
FROM `cost` AS `c`
WHERE `c`.`tour_id` = @__tourId_0
2026-08-05 20:44:27.485 +05:30 [INF] Microsoft.EntityFrameworkCore.Database.Command Executed DbCommand (4ms) [Parameters=[@__tourId_0='?' (DbType = Int32)], CommandType='"Text"', CommandTimeout='30']
SELECT `t`.`image_id` AS `ImageId`, `t`.`source` AS `Source`, `t`.`image_title` AS `ImageTitle`, `t`.`is_primary` AS `IsPrimary`, `t`.`upload_date` AS `UploadDate`
FROM `tour_images` AS `t`
WHERE `t`.`tour_id` = @__tourId_0
2026-08-05 20:44:27.509 +05:30 [INF] Microsoft.EntityFrameworkCore.Database.Command Executed DbCommand (1ms) [Parameters=[@__tourId_0='?' (DbType = Int32)], CommandType='"Text"', CommandTimeout='30']
SELECT CAST(`r`.`rating` AS double)
FROM `review` AS `r`
WHERE (`r`.`tour_id` = @__tourId_0) AND `r`.`rating` IS NOT NULL
2026-08-05 20:44:27.517 +05:30 [INF] Microsoft.EntityFrameworkCore.Database.Command Executed DbCommand (1ms) [Parameters=[@__tourId_0='?' (DbType = Int32)], CommandType='"Text"', CommandTimeout='30']
SELECT `t`.`tour_id`, `t`.`add_ons`, `t`.`category_id`, `t`.`days`, `t`.`description`, `t`.`destination`, `t`.`do_and_dont`, `t`.`location`, `t`.`nights`, `t`.`passport_and_visa`, `t`.`price`, `t`.`stay_and_meals`, `t`.`subcat_id`, `t`.`tour_name`, `t`.`tour_type`, `t`.`weather`, `c`.`category_id`, `c`.`cat_code`, `c`.`cat_image_path`, `c`.`category_name`, `c`.`description`, `c`.`flag`, `c`.`parent_id`, `c`.`status`, `c`.`suitable_for`, `s`.`subcat_id`, `s`.`cat_id`, `s`.`flag`, `s`.`isactive`, `s`.`subcat_image_path`, `s`.`subcat_name`
FROM `tour` AS `t`
LEFT JOIN `category` AS `c` ON `t`.`category_id` = `c`.`category_id`
LEFT JOIN `sub_category_master` AS `s` ON `t`.`subcat_id` = `s`.`subcat_id`
WHERE `t`.`tour_id` = @__tourId_0
LIMIT 1
2026-08-05 20:44:27.522 +05:30 [INF] Microsoft.EntityFrameworkCore.Database.Command Executed DbCommand (1ms) [Parameters=[@__tourId_0='?' (DbType = Int32)], CommandType='"Text"', CommandTimeout='30']
SELECT `i`.`itinerary_id` AS `ItineraryId`, `i`.`day_number` AS `DayNumber`, `i`.`description` AS `Description`, `i`.`location` AS `Location`
FROM `itinerary` AS `i`
WHERE `i`.`tour_id` = @__tourId_0
ORDER BY `i`.`day_number`
2026-08-05 20:44:27.526 +05:30 [INF] Microsoft.EntityFrameworkCore.Database.Command Executed DbCommand (1ms) [Parameters=[@__tourId_0='?' (DbType = Int32), @__today_1='?' (DbType = Date)], CommandType='"Text"', CommandTimeout='30']
SELECT `s`.`schedule_id` AS `ScheduleId`, `s`.`start_date` AS `StartDate`, `s`.`available_seats` AS `AvailableSeats`, `s`.`total_seats` AS `TotalSeats`, `s`.`status` AS `Status`
FROM `schedule` AS `s`
WHERE ((`s`.`tour_id` = @__tourId_0) AND `s`.`start_date` IS NOT NULL) AND (`s`.`start_date` >= @__today_1)
ORDER BY `s`.`start_date`
2026-08-05 20:44:27.531 +05:30 [INF] Microsoft.EntityFrameworkCore.Database.Command Executed DbCommand (1ms) [Parameters=[@__tourId_0='?' (DbType = Int32)], CommandType='"Text"', CommandTimeout='30']
SELECT `c`.`cost_id` AS `CostId`, `c`.`adult_price` AS `AdultPrice`, `c`.`single_person_price` AS `SinglePersonPrice`, `c`.`extra_person_price` AS `ExtraPersonPrice`, `c`.`child_with_bed_price` AS `ChildWithBedPrice`, `c`.`child_without_bed_price` AS `ChildWithoutBedPrice`, `c`.`valid_from` AS `ValidFrom`, `c`.`valid_to` AS `ValidTo`, `c`.`is_active` AS `IsActive`
FROM `cost` AS `c`
WHERE `c`.`tour_id` = @__tourId_0
2026-08-05 20:44:27.537 +05:30 [INF] Microsoft.EntityFrameworkCore.Database.Command Executed DbCommand (1ms) [Parameters=[@__tourId_0='?' (DbType = Int32)], CommandType='"Text"', CommandTimeout='30']
SELECT `t`.`image_id` AS `ImageId`, `t`.`source` AS `Source`, `t`.`image_title` AS `ImageTitle`, `t`.`is_primary` AS `IsPrimary`, `t`.`upload_date` AS `UploadDate`
FROM `tour_images` AS `t`
WHERE `t`.`tour_id` = @__tourId_0
2026-08-05 20:44:27.544 +05:30 [INF] Microsoft.EntityFrameworkCore.Database.Command Executed DbCommand (1ms) [Parameters=[@__tourId_0='?' (DbType = Int32)], CommandType='"Text"', CommandTimeout='30']
SELECT CAST(`r`.`rating` AS double)
FROM `review` AS `r`
WHERE (`r`.`tour_id` = @__tourId_0) AND `r`.`rating` IS NOT NULL
2026-08-05 20:44:27.658 +05:30 [INF] Microsoft.EntityFrameworkCore.Database.Command Executed DbCommand (2ms) [Parameters=[@__tourId_0='?' (DbType = Int32)], CommandType='"Text"', CommandTimeout='30']
SELECT `t`.`tour_id`, `t`.`add_ons`, `t`.`category_id`, `t`.`days`, `t`.`description`, `t`.`destination`, `t`.`do_and_dont`, `t`.`location`, `t`.`nights`, `t`.`passport_and_visa`, `t`.`price`, `t`.`stay_and_meals`, `t`.`subcat_id`, `t`.`tour_name`, `t`.`tour_type`, `t`.`weather`, `c`.`category_id`, `c`.`cat_code`, `c`.`cat_image_path`, `c`.`category_name`, `c`.`description`, `c`.`flag`, `c`.`parent_id`, `c`.`status`, `c`.`suitable_for`, `s`.`subcat_id`, `s`.`cat_id`, `s`.`flag`, `s`.`isactive`, `s`.`subcat_image_path`, `s`.`subcat_name`
FROM `tour` AS `t`
LEFT JOIN `category` AS `c` ON `t`.`category_id` = `c`.`category_id`
LEFT JOIN `sub_category_master` AS `s` ON `t`.`subcat_id` = `s`.`subcat_id`
WHERE `t`.`tour_id` = @__tourId_0
LIMIT 1
2026-08-05 20:44:27.668 +05:30 [INF] Microsoft.EntityFrameworkCore.Database.Command Executed DbCommand (1ms) [Parameters=[@__tourId_0='?' (DbType = Int32)], CommandType='"Text"', CommandTimeout='30']
SELECT `i`.`itinerary_id` AS `ItineraryId`, `i`.`day_number` AS `DayNumber`, `i`.`description` AS `Description`, `i`.`location` AS `Location`
FROM `itinerary` AS `i`
WHERE `i`.`tour_id` = @__tourId_0
ORDER BY `i`.`day_number`
2026-08-05 20:44:27.682 +05:30 [INF] Microsoft.EntityFrameworkCore.Database.Command Executed DbCommand (1ms) [Parameters=[@__tourId_0='?' (DbType = Int32), @__today_1='?' (DbType = Date)], CommandType='"Text"', CommandTimeout='30']
SELECT `s`.`schedule_id` AS `ScheduleId`, `s`.`start_date` AS `StartDate`, `s`.`available_seats` AS `AvailableSeats`, `s`.`total_seats` AS `TotalSeats`, `s`.`status` AS `Status`
FROM `schedule` AS `s`
WHERE ((`s`.`tour_id` = @__tourId_0) AND `s`.`start_date` IS NOT NULL) AND (`s`.`start_date` >= @__today_1)
ORDER BY `s`.`start_date`
2026-08-05 20:44:27.696 +05:30 [INF] Microsoft.EntityFrameworkCore.Database.Command Executed DbCommand (1ms) [Parameters=[@__tourId_0='?' (DbType = Int32)], CommandType='"Text"', CommandTimeout='30']
SELECT `c`.`cost_id` AS `CostId`, `c`.`adult_price` AS `AdultPrice`, `c`.`single_person_price` AS `SinglePersonPrice`, `c`.`extra_person_price` AS `ExtraPersonPrice`, `c`.`child_with_bed_price` AS `ChildWithBedPrice`, `c`.`child_without_bed_price` AS `ChildWithoutBedPrice`, `c`.`valid_from` AS `ValidFrom`, `c`.`valid_to` AS `ValidTo`, `c`.`is_active` AS `IsActive`
FROM `cost` AS `c`
WHERE `c`.`tour_id` = @__tourId_0
2026-08-05 20:44:27.711 +05:30 [INF] Microsoft.EntityFrameworkCore.Database.Command Executed DbCommand (1ms) [Parameters=[@__tourId_0='?' (DbType = Int32)], CommandType='"Text"', CommandTimeout='30']
SELECT `t`.`image_id` AS `ImageId`, `t`.`source` AS `Source`, `t`.`image_title` AS `ImageTitle`, `t`.`is_primary` AS `IsPrimary`, `t`.`upload_date` AS `UploadDate`
FROM `tour_images` AS `t`
WHERE `t`.`tour_id` = @__tourId_0
2026-08-05 20:44:27.718 +05:30 [INF] Microsoft.EntityFrameworkCore.Database.Command Executed DbCommand (1ms) [Parameters=[@__tourId_0='?' (DbType = Int32)], CommandType='"Text"', CommandTimeout='30']
SELECT CAST(`r`.`rating` AS double)
FROM `review` AS `r`
WHERE (`r`.`tour_id` = @__tourId_0) AND `r`.`rating` IS NOT NULL
2026-08-05 20:44:27.726 +05:30 [INF] Microsoft.EntityFrameworkCore.Database.Command Executed DbCommand (2ms) [Parameters=[@__tourId_0='?' (DbType = Int32)], CommandType='"Text"', CommandTimeout='30']
SELECT `t`.`tour_id`, `t`.`add_ons`, `t`.`category_id`, `t`.`days`, `t`.`description`, `t`.`destination`, `t`.`do_and_dont`, `t`.`location`, `t`.`nights`, `t`.`passport_and_visa`, `t`.`price`, `t`.`stay_and_meals`, `t`.`subcat_id`, `t`.`tour_name`, `t`.`tour_type`, `t`.`weather`, `c`.`category_id`, `c`.`cat_code`, `c`.`cat_image_path`, `c`.`category_name`, `c`.`description`, `c`.`flag`, `c`.`parent_id`, `c`.`status`, `c`.`suitable_for`, `s`.`subcat_id`, `s`.`cat_id`, `s`.`flag`, `s`.`isactive`, `s`.`subcat_image_path`, `s`.`subcat_name`
FROM `tour` AS `t`
LEFT JOIN `category` AS `c` ON `t`.`category_id` = `c`.`category_id`
LEFT JOIN `sub_category_master` AS `s` ON `t`.`subcat_id` = `s`.`subcat_id`
WHERE `t`.`tour_id` = @__tourId_0
LIMIT 1
2026-08-05 20:44:27.732 +05:30 [INF] Microsoft.EntityFrameworkCore.Database.Command Executed DbCommand (1ms) [Parameters=[@__tourId_0='?' (DbType = Int32)], CommandType='"Text"', CommandTimeout='30']
SELECT `i`.`itinerary_id` AS `ItineraryId`, `i`.`day_number` AS `DayNumber`, `i`.`description` AS `Description`, `i`.`location` AS `Location`
FROM `itinerary` AS `i`
WHERE `i`.`tour_id` = @__tourId_0
ORDER BY `i`.`day_number`
2026-08-05 20:44:27.738 +05:30 [INF] Microsoft.EntityFrameworkCore.Database.Command Executed DbCommand (1ms) [Parameters=[@__tourId_0='?' (DbType = Int32), @__today_1='?' (DbType = Date)], CommandType='"Text"', CommandTimeout='30']
SELECT `s`.`schedule_id` AS `ScheduleId`, `s`.`start_date` AS `StartDate`, `s`.`available_seats` AS `AvailableSeats`, `s`.`total_seats` AS `TotalSeats`, `s`.`status` AS `Status`
FROM `schedule` AS `s`
WHERE ((`s`.`tour_id` = @__tourId_0) AND `s`.`start_date` IS NOT NULL) AND (`s`.`start_date` >= @__today_1)
ORDER BY `s`.`start_date`
2026-08-05 20:44:27.745 +05:30 [INF] Microsoft.EntityFrameworkCore.Database.Command Executed DbCommand (1ms) [Parameters=[@__tourId_0='?' (DbType = Int32)], CommandType='"Text"', CommandTimeout='30']
SELECT `c`.`cost_id` AS `CostId`, `c`.`adult_price` AS `AdultPrice`, `c`.`single_person_price` AS `SinglePersonPrice`, `c`.`extra_person_price` AS `ExtraPersonPrice`, `c`.`child_with_bed_price` AS `ChildWithBedPrice`, `c`.`child_without_bed_price` AS `ChildWithoutBedPrice`, `c`.`valid_from` AS `ValidFrom`, `c`.`valid_to` AS `ValidTo`, `c`.`is_active` AS `IsActive`
FROM `cost` AS `c`
WHERE `c`.`tour_id` = @__tourId_0
2026-08-05 20:44:27.751 +05:30 [INF] Microsoft.EntityFrameworkCore.Database.Command Executed DbCommand (1ms) [Parameters=[@__tourId_0='?' (DbType = Int32)], CommandType='"Text"', CommandTimeout='30']
SELECT `t`.`image_id` AS `ImageId`, `t`.`source` AS `Source`, `t`.`image_title` AS `ImageTitle`, `t`.`is_primary` AS `IsPrimary`, `t`.`upload_date` AS `UploadDate`
FROM `tour_images` AS `t`
WHERE `t`.`tour_id` = @__tourId_0
2026-08-05 20:44:27.756 +05:30 [INF] Microsoft.EntityFrameworkCore.Database.Command Executed DbCommand (1ms) [Parameters=[@__tourId_0='?' (DbType = Int32)], CommandType='"Text"', CommandTimeout='30']
SELECT CAST(`r`.`rating` AS double)
FROM `review` AS `r`
WHERE (`r`.`tour_id` = @__tourId_0) AND `r`.`rating` IS NOT NULL
2026-08-05 20:44:27.762 +05:30 [INF] Microsoft.EntityFrameworkCore.Database.Command Executed DbCommand (1ms) [Parameters=[@__tourId_0='?' (DbType = Int32)], CommandType='"Text"', CommandTimeout='30']
SELECT `t`.`tour_id`, `t`.`add_ons`, `t`.`category_id`, `t`.`days`, `t`.`description`, `t`.`destination`, `t`.`do_and_dont`, `t`.`location`, `t`.`nights`, `t`.`passport_and_visa`, `t`.`price`, `t`.`stay_and_meals`, `t`.`subcat_id`, `t`.`tour_name`, `t`.`tour_type`, `t`.`weather`, `c`.`category_id`, `c`.`cat_code`, `c`.`cat_image_path`, `c`.`category_name`, `c`.`description`, `c`.`flag`, `c`.`parent_id`, `c`.`status`, `c`.`suitable_for`, `s`.`subcat_id`, `s`.`cat_id`, `s`.`flag`, `s`.`isactive`, `s`.`subcat_image_path`, `s`.`subcat_name`
FROM `tour` AS `t`
LEFT JOIN `category` AS `c` ON `t`.`category_id` = `c`.`category_id`
LEFT JOIN `sub_category_master` AS `s` ON `t`.`subcat_id` = `s`.`subcat_id`
WHERE `t`.`tour_id` = @__tourId_0
LIMIT 1
2026-08-05 20:44:27.767 +05:30 [INF] Microsoft.EntityFrameworkCore.Database.Command Executed DbCommand (1ms) [Parameters=[@__tourId_0='?' (DbType = Int32)], CommandType='"Text"', CommandTimeout='30']
SELECT `i`.`itinerary_id` AS `ItineraryId`, `i`.`day_number` AS `DayNumber`, `i`.`description` AS `Description`, `i`.`location` AS `Location`
FROM `itinerary` AS `i`
WHERE `i`.`tour_id` = @__tourId_0
ORDER BY `i`.`day_number`
2026-08-05 20:44:27.772 +05:30 [INF] Microsoft.EntityFrameworkCore.Database.Command Executed DbCommand (1ms) [Parameters=[@__tourId_0='?' (DbType = Int32), @__today_1='?' (DbType = Date)], CommandType='"Text"', CommandTimeout='30']
SELECT `s`.`schedule_id` AS `ScheduleId`, `s`.`start_date` AS `StartDate`, `s`.`available_seats` AS `AvailableSeats`, `s`.`total_seats` AS `TotalSeats`, `s`.`status` AS `Status`
FROM `schedule` AS `s`
WHERE ((`s`.`tour_id` = @__tourId_0) AND `s`.`start_date` IS NOT NULL) AND (`s`.`start_date` >= @__today_1)
ORDER BY `s`.`start_date`
2026-08-05 20:44:27.778 +05:30 [INF] Microsoft.EntityFrameworkCore.Database.Command Executed DbCommand (0ms) [Parameters=[@__tourId_0='?' (DbType = Int32)], CommandType='"Text"', CommandTimeout='30']
SELECT `c`.`cost_id` AS `CostId`, `c`.`adult_price` AS `AdultPrice`, `c`.`single_person_price` AS `SinglePersonPrice`, `c`.`extra_person_price` AS `ExtraPersonPrice`, `c`.`child_with_bed_price` AS `ChildWithBedPrice`, `c`.`child_without_bed_price` AS `ChildWithoutBedPrice`, `c`.`valid_from` AS `ValidFrom`, `c`.`valid_to` AS `ValidTo`, `c`.`is_active` AS `IsActive`
FROM `cost` AS `c`
WHERE `c`.`tour_id` = @__tourId_0
2026-08-05 20:44:27.783 +05:30 [INF] Microsoft.EntityFrameworkCore.Database.Command Executed DbCommand (1ms) [Parameters=[@__tourId_0='?' (DbType = Int32)], CommandType='"Text"', CommandTimeout='30']
SELECT `t`.`image_id` AS `ImageId`, `t`.`source` AS `Source`, `t`.`image_title` AS `ImageTitle`, `t`.`is_primary` AS `IsPrimary`, `t`.`upload_date` AS `UploadDate`
FROM `tour_images` AS `t`
WHERE `t`.`tour_id` = @__tourId_0
2026-08-05 20:44:27.788 +05:30 [INF] Microsoft.EntityFrameworkCore.Database.Command Executed DbCommand (0ms) [Parameters=[@__tourId_0='?' (DbType = Int32)], CommandType='"Text"', CommandTimeout='30']
SELECT CAST(`r`.`rating` AS double)
FROM `review` AS `r`
WHERE (`r`.`tour_id` = @__tourId_0) AND `r`.`rating` IS NOT NULL
2026-08-05 20:44:27.794 +05:30 [INF] Microsoft.EntityFrameworkCore.Database.Command Executed DbCommand (1ms) [Parameters=[@__tourId_0='?' (DbType = Int32)], CommandType='"Text"', CommandTimeout='30']
SELECT `t`.`tour_id`, `t`.`add_ons`, `t`.`category_id`, `t`.`days`, `t`.`description`, `t`.`destination`, `t`.`do_and_dont`, `t`.`location`, `t`.`nights`, `t`.`passport_and_visa`, `t`.`price`, `t`.`stay_and_meals`, `t`.`subcat_id`, `t`.`tour_name`, `t`.`tour_type`, `t`.`weather`, `c`.`category_id`, `c`.`cat_code`, `c`.`cat_image_path`, `c`.`category_name`, `c`.`description`, `c`.`flag`, `c`.`parent_id`, `c`.`status`, `c`.`suitable_for`, `s`.`subcat_id`, `s`.`cat_id`, `s`.`flag`, `s`.`isactive`, `s`.`subcat_image_path`, `s`.`subcat_name`
FROM `tour` AS `t`
LEFT JOIN `category` AS `c` ON `t`.`category_id` = `c`.`category_id`
LEFT JOIN `sub_category_master` AS `s` ON `t`.`subcat_id` = `s`.`subcat_id`
WHERE `t`.`tour_id` = @__tourId_0
LIMIT 1
2026-08-05 20:44:27.800 +05:30 [INF] Microsoft.EntityFrameworkCore.Database.Command Executed DbCommand (1ms) [Parameters=[@__tourId_0='?' (DbType = Int32)], CommandType='"Text"', CommandTimeout='30']
SELECT `i`.`itinerary_id` AS `ItineraryId`, `i`.`day_number` AS `DayNumber`, `i`.`description` AS `Description`, `i`.`location` AS `Location`
FROM `itinerary` AS `i`
WHERE `i`.`tour_id` = @__tourId_0
ORDER BY `i`.`day_number`
2026-08-05 20:44:27.805 +05:30 [INF] Microsoft.EntityFrameworkCore.Database.Command Executed DbCommand (1ms) [Parameters=[@__tourId_0='?' (DbType = Int32), @__today_1='?' (DbType = Date)], CommandType='"Text"', CommandTimeout='30']
SELECT `s`.`schedule_id` AS `ScheduleId`, `s`.`start_date` AS `StartDate`, `s`.`available_seats` AS `AvailableSeats`, `s`.`total_seats` AS `TotalSeats`, `s`.`status` AS `Status`
FROM `schedule` AS `s`
WHERE ((`s`.`tour_id` = @__tourId_0) AND `s`.`start_date` IS NOT NULL) AND (`s`.`start_date` >= @__today_1)
ORDER BY `s`.`start_date`
2026-08-05 20:44:27.812 +05:30 [INF] Microsoft.EntityFrameworkCore.Database.Command Executed DbCommand (1ms) [Parameters=[@__tourId_0='?' (DbType = Int32)], CommandType='"Text"', CommandTimeout='30']
SELECT `c`.`cost_id` AS `CostId`, `c`.`adult_price` AS `AdultPrice`, `c`.`single_person_price` AS `SinglePersonPrice`, `c`.`extra_person_price` AS `ExtraPersonPrice`, `c`.`child_with_bed_price` AS `ChildWithBedPrice`, `c`.`child_without_bed_price` AS `ChildWithoutBedPrice`, `c`.`valid_from` AS `ValidFrom`, `c`.`valid_to` AS `ValidTo`, `c`.`is_active` AS `IsActive`
FROM `cost` AS `c`
WHERE `c`.`tour_id` = @__tourId_0
2026-08-05 20:44:27.819 +05:30 [INF] Microsoft.EntityFrameworkCore.Database.Command Executed DbCommand (1ms) [Parameters=[@__tourId_0='?' (DbType = Int32)], CommandType='"Text"', CommandTimeout='30']
SELECT `t`.`image_id` AS `ImageId`, `t`.`source` AS `Source`, `t`.`image_title` AS `ImageTitle`, `t`.`is_primary` AS `IsPrimary`, `t`.`upload_date` AS `UploadDate`
FROM `tour_images` AS `t`
WHERE `t`.`tour_id` = @__tourId_0
2026-08-05 20:44:27.825 +05:30 [INF] Microsoft.EntityFrameworkCore.Database.Command Executed DbCommand (3ms) [Parameters=[@__tourId_0='?' (DbType = Int32)], CommandType='"Text"', CommandTimeout='30']
SELECT CAST(`r`.`rating` AS double)
FROM `review` AS `r`
WHERE (`r`.`tour_id` = @__tourId_0) AND `r`.`rating` IS NOT NULL
2026-08-05 20:44:27.833 +05:30 [INF] Microsoft.EntityFrameworkCore.Database.Command Executed DbCommand (1ms) [Parameters=[@__tourId_0='?' (DbType = Int32)], CommandType='"Text"', CommandTimeout='30']
SELECT `t`.`tour_id`, `t`.`add_ons`, `t`.`category_id`, `t`.`days`, `t`.`description`, `t`.`destination`, `t`.`do_and_dont`, `t`.`location`, `t`.`nights`, `t`.`passport_and_visa`, `t`.`price`, `t`.`stay_and_meals`, `t`.`subcat_id`, `t`.`tour_name`, `t`.`tour_type`, `t`.`weather`, `c`.`category_id`, `c`.`cat_code`, `c`.`cat_image_path`, `c`.`category_name`, `c`.`description`, `c`.`flag`, `c`.`parent_id`, `c`.`status`, `c`.`suitable_for`, `s`.`subcat_id`, `s`.`cat_id`, `s`.`flag`, `s`.`isactive`, `s`.`subcat_image_path`, `s`.`subcat_name`
FROM `tour` AS `t`
LEFT JOIN `category` AS `c` ON `t`.`category_id` = `c`.`category_id`
LEFT JOIN `sub_category_master` AS `s` ON `t`.`subcat_id` = `s`.`subcat_id`
WHERE `t`.`tour_id` = @__tourId_0
LIMIT 1
2026-08-05 20:44:27.840 +05:30 [INF] Microsoft.EntityFrameworkCore.Database.Command Executed DbCommand (2ms) [Parameters=[@__tourId_0='?' (DbType = Int32)], CommandType='"Text"', CommandTimeout='30']
SELECT `i`.`itinerary_id` AS `ItineraryId`, `i`.`day_number` AS `DayNumber`, `i`.`description` AS `Description`, `i`.`location` AS `Location`
FROM `itinerary` AS `i`
WHERE `i`.`tour_id` = @__tourId_0
ORDER BY `i`.`day_number`
2026-08-05 20:44:27.851 +05:30 [INF] Microsoft.EntityFrameworkCore.Database.Command Executed DbCommand (1ms) [Parameters=[@__tourId_0='?' (DbType = Int32), @__today_1='?' (DbType = Date)], CommandType='"Text"', CommandTimeout='30']
SELECT `s`.`schedule_id` AS `ScheduleId`, `s`.`start_date` AS `StartDate`, `s`.`available_seats` AS `AvailableSeats`, `s`.`total_seats` AS `TotalSeats`, `s`.`status` AS `Status`
FROM `schedule` AS `s`
WHERE ((`s`.`tour_id` = @__tourId_0) AND `s`.`start_date` IS NOT NULL) AND (`s`.`start_date` >= @__today_1)
ORDER BY `s`.`start_date`
2026-08-05 20:44:27.855 +05:30 [INF] Microsoft.EntityFrameworkCore.Database.Command Executed DbCommand (1ms) [Parameters=[@__tourId_0='?' (DbType = Int32)], CommandType='"Text"', CommandTimeout='30']
SELECT `c`.`cost_id` AS `CostId`, `c`.`adult_price` AS `AdultPrice`, `c`.`single_person_price` AS `SinglePersonPrice`, `c`.`extra_person_price` AS `ExtraPersonPrice`, `c`.`child_with_bed_price` AS `ChildWithBedPrice`, `c`.`child_without_bed_price` AS `ChildWithoutBedPrice`, `c`.`valid_from` AS `ValidFrom`, `c`.`valid_to` AS `ValidTo`, `c`.`is_active` AS `IsActive`
FROM `cost` AS `c`
WHERE `c`.`tour_id` = @__tourId_0
2026-08-05 20:44:27.863 +05:30 [INF] Microsoft.EntityFrameworkCore.Database.Command Executed DbCommand (1ms) [Parameters=[@__tourId_0='?' (DbType = Int32)], CommandType='"Text"', CommandTimeout='30']
SELECT `t`.`image_id` AS `ImageId`, `t`.`source` AS `Source`, `t`.`image_title` AS `ImageTitle`, `t`.`is_primary` AS `IsPrimary`, `t`.`upload_date` AS `UploadDate`
FROM `tour_images` AS `t`
WHERE `t`.`tour_id` = @__tourId_0
2026-08-05 20:44:27.873 +05:30 [INF] Microsoft.EntityFrameworkCore.Database.Command Executed DbCommand (1ms) [Parameters=[@__tourId_0='?' (DbType = Int32)], CommandType='"Text"', CommandTimeout='30']
SELECT CAST(`r`.`rating` AS double)
FROM `review` AS `r`
WHERE (`r`.`tour_id` = @__tourId_0) AND `r`.`rating` IS NOT NULL
2026-08-05 20:44:27.882 +05:30 [INF] Microsoft.EntityFrameworkCore.Database.Command Executed DbCommand (1ms) [Parameters=[@__tourId_0='?' (DbType = Int32)], CommandType='"Text"', CommandTimeout='30']
SELECT `t`.`tour_id`, `t`.`add_ons`, `t`.`category_id`, `t`.`days`, `t`.`description`, `t`.`destination`, `t`.`do_and_dont`, `t`.`location`, `t`.`nights`, `t`.`passport_and_visa`, `t`.`price`, `t`.`stay_and_meals`, `t`.`subcat_id`, `t`.`tour_name`, `t`.`tour_type`, `t`.`weather`, `c`.`category_id`, `c`.`cat_code`, `c`.`cat_image_path`, `c`.`category_name`, `c`.`description`, `c`.`flag`, `c`.`parent_id`, `c`.`status`, `c`.`suitable_for`, `s`.`subcat_id`, `s`.`cat_id`, `s`.`flag`, `s`.`isactive`, `s`.`subcat_image_path`, `s`.`subcat_name`
FROM `tour` AS `t`
LEFT JOIN `category` AS `c` ON `t`.`category_id` = `c`.`category_id`
LEFT JOIN `sub_category_master` AS `s` ON `t`.`subcat_id` = `s`.`subcat_id`
WHERE `t`.`tour_id` = @__tourId_0
LIMIT 1
2026-08-05 20:44:27.887 +05:30 [INF] Microsoft.EntityFrameworkCore.Database.Command Executed DbCommand (1ms) [Parameters=[@__tourId_0='?' (DbType = Int32)], CommandType='"Text"', CommandTimeout='30']
SELECT `i`.`itinerary_id` AS `ItineraryId`, `i`.`day_number` AS `DayNumber`, `i`.`description` AS `Description`, `i`.`location` AS `Location`
FROM `itinerary` AS `i`
WHERE `i`.`tour_id` = @__tourId_0
ORDER BY `i`.`day_number`
2026-08-05 20:44:27.895 +05:30 [INF] Microsoft.EntityFrameworkCore.Database.Command Executed DbCommand (2ms) [Parameters=[@__tourId_0='?' (DbType = Int32), @__today_1='?' (DbType = Date)], CommandType='"Text"', CommandTimeout='30']
SELECT `s`.`schedule_id` AS `ScheduleId`, `s`.`start_date` AS `StartDate`, `s`.`available_seats` AS `AvailableSeats`, `s`.`total_seats` AS `TotalSeats`, `s`.`status` AS `Status`
FROM `schedule` AS `s`
WHERE ((`s`.`tour_id` = @__tourId_0) AND `s`.`start_date` IS NOT NULL) AND (`s`.`start_date` >= @__today_1)
ORDER BY `s`.`start_date`
2026-08-05 20:44:27.902 +05:30 [INF] Microsoft.EntityFrameworkCore.Database.Command Executed DbCommand (1ms) [Parameters=[@__tourId_0='?' (DbType = Int32)], CommandType='"Text"', CommandTimeout='30']
SELECT `c`.`cost_id` AS `CostId`, `c`.`adult_price` AS `AdultPrice`, `c`.`single_person_price` AS `SinglePersonPrice`, `c`.`extra_person_price` AS `ExtraPersonPrice`, `c`.`child_with_bed_price` AS `ChildWithBedPrice`, `c`.`child_without_bed_price` AS `ChildWithoutBedPrice`, `c`.`valid_from` AS `ValidFrom`, `c`.`valid_to` AS `ValidTo`, `c`.`is_active` AS `IsActive`
FROM `cost` AS `c`
WHERE `c`.`tour_id` = @__tourId_0
2026-08-05 20:44:27.914 +05:30 [INF] Microsoft.EntityFrameworkCore.Database.Command Executed DbCommand (1ms) [Parameters=[@__tourId_0='?' (DbType = Int32)], CommandType='"Text"', CommandTimeout='30']
SELECT `t`.`image_id` AS `ImageId`, `t`.`source` AS `Source`, `t`.`image_title` AS `ImageTitle`, `t`.`is_primary` AS `IsPrimary`, `t`.`upload_date` AS `UploadDate`
FROM `tour_images` AS `t`
WHERE `t`.`tour_id` = @__tourId_0
2026-08-05 20:44:27.920 +05:30 [INF] Microsoft.EntityFrameworkCore.Database.Command Executed DbCommand (1ms) [Parameters=[@__tourId_0='?' (DbType = Int32)], CommandType='"Text"', CommandTimeout='30']
SELECT CAST(`r`.`rating` AS double)
FROM `review` AS `r`
WHERE (`r`.`tour_id` = @__tourId_0) AND `r`.`rating` IS NOT NULL
2026-08-05 20:44:27.927 +05:30 [INF] Microsoft.EntityFrameworkCore.Database.Command Executed DbCommand (2ms) [Parameters=[@__tourId_0='?' (DbType = Int32)], CommandType='"Text"', CommandTimeout='30']
SELECT `t`.`tour_id`, `t`.`add_ons`, `t`.`category_id`, `t`.`days`, `t`.`description`, `t`.`destination`, `t`.`do_and_dont`, `t`.`location`, `t`.`nights`, `t`.`passport_and_visa`, `t`.`price`, `t`.`stay_and_meals`, `t`.`subcat_id`, `t`.`tour_name`, `t`.`tour_type`, `t`.`weather`, `c`.`category_id`, `c`.`cat_code`, `c`.`cat_image_path`, `c`.`category_name`, `c`.`description`, `c`.`flag`, `c`.`parent_id`, `c`.`status`, `c`.`suitable_for`, `s`.`subcat_id`, `s`.`cat_id`, `s`.`flag`, `s`.`isactive`, `s`.`subcat_image_path`, `s`.`subcat_name`
FROM `tour` AS `t`
LEFT JOIN `category` AS `c` ON `t`.`category_id` = `c`.`category_id`
LEFT JOIN `sub_category_master` AS `s` ON `t`.`subcat_id` = `s`.`subcat_id`
WHERE `t`.`tour_id` = @__tourId_0
LIMIT 1
2026-08-05 20:44:27.933 +05:30 [INF] Microsoft.EntityFrameworkCore.Database.Command Executed DbCommand (1ms) [Parameters=[@__tourId_0='?' (DbType = Int32)], CommandType='"Text"', CommandTimeout='30']
SELECT `i`.`itinerary_id` AS `ItineraryId`, `i`.`day_number` AS `DayNumber`, `i`.`description` AS `Description`, `i`.`location` AS `Location`
FROM `itinerary` AS `i`
WHERE `i`.`tour_id` = @__tourId_0
ORDER BY `i`.`day_number`
2026-08-05 20:44:27.939 +05:30 [INF] Microsoft.EntityFrameworkCore.Database.Command Executed DbCommand (1ms) [Parameters=[@__tourId_0='?' (DbType = Int32), @__today_1='?' (DbType = Date)], CommandType='"Text"', CommandTimeout='30']
SELECT `s`.`schedule_id` AS `ScheduleId`, `s`.`start_date` AS `StartDate`, `s`.`available_seats` AS `AvailableSeats`, `s`.`total_seats` AS `TotalSeats`, `s`.`status` AS `Status`
FROM `schedule` AS `s`
WHERE ((`s`.`tour_id` = @__tourId_0) AND `s`.`start_date` IS NOT NULL) AND (`s`.`start_date` >= @__today_1)
ORDER BY `s`.`start_date`
2026-08-05 20:44:27.945 +05:30 [INF] Microsoft.EntityFrameworkCore.Database.Command Executed DbCommand (1ms) [Parameters=[@__tourId_0='?' (DbType = Int32)], CommandType='"Text"', CommandTimeout='30']
SELECT `c`.`cost_id` AS `CostId`, `c`.`adult_price` AS `AdultPrice`, `c`.`single_person_price` AS `SinglePersonPrice`, `c`.`extra_person_price` AS `ExtraPersonPrice`, `c`.`child_with_bed_price` AS `ChildWithBedPrice`, `c`.`child_without_bed_price` AS `ChildWithoutBedPrice`, `c`.`valid_from` AS `ValidFrom`, `c`.`valid_to` AS `ValidTo`, `c`.`is_active` AS `IsActive`
FROM `cost` AS `c`
WHERE `c`.`tour_id` = @__tourId_0
2026-08-05 20:44:27.950 +05:30 [INF] Microsoft.EntityFrameworkCore.Database.Command Executed DbCommand (1ms) [Parameters=[@__tourId_0='?' (DbType = Int32)], CommandType='"Text"', CommandTimeout='30']
SELECT `t`.`image_id` AS `ImageId`, `t`.`source` AS `Source`, `t`.`image_title` AS `ImageTitle`, `t`.`is_primary` AS `IsPrimary`, `t`.`upload_date` AS `UploadDate`
FROM `tour_images` AS `t`
WHERE `t`.`tour_id` = @__tourId_0
2026-08-05 20:44:27.954 +05:30 [INF] Microsoft.EntityFrameworkCore.Database.Command Executed DbCommand (1ms) [Parameters=[@__tourId_0='?' (DbType = Int32)], CommandType='"Text"', CommandTimeout='30']
SELECT CAST(`r`.`rating` AS double)
FROM `review` AS `r`
WHERE (`r`.`tour_id` = @__tourId_0) AND `r`.`rating` IS NOT NULL
2026-08-05 20:44:27.961 +05:30 [INF] Microsoft.EntityFrameworkCore.Database.Command Executed DbCommand (1ms) [Parameters=[@__tourId_0='?' (DbType = Int32)], CommandType='"Text"', CommandTimeout='30']
SELECT `t`.`tour_id`, `t`.`add_ons`, `t`.`category_id`, `t`.`days`, `t`.`description`, `t`.`destination`, `t`.`do_and_dont`, `t`.`location`, `t`.`nights`, `t`.`passport_and_visa`, `t`.`price`, `t`.`stay_and_meals`, `t`.`subcat_id`, `t`.`tour_name`, `t`.`tour_type`, `t`.`weather`, `c`.`category_id`, `c`.`cat_code`, `c`.`cat_image_path`, `c`.`category_name`, `c`.`description`, `c`.`flag`, `c`.`parent_id`, `c`.`status`, `c`.`suitable_for`, `s`.`subcat_id`, `s`.`cat_id`, `s`.`flag`, `s`.`isactive`, `s`.`subcat_image_path`, `s`.`subcat_name`
FROM `tour` AS `t`
LEFT JOIN `category` AS `c` ON `t`.`category_id` = `c`.`category_id`
LEFT JOIN `sub_category_master` AS `s` ON `t`.`subcat_id` = `s`.`subcat_id`
WHERE `t`.`tour_id` = @__tourId_0
LIMIT 1
2026-08-05 20:44:27.966 +05:30 [INF] Microsoft.EntityFrameworkCore.Database.Command Executed DbCommand (1ms) [Parameters=[@__tourId_0='?' (DbType = Int32)], CommandType='"Text"', CommandTimeout='30']
SELECT `i`.`itinerary_id` AS `ItineraryId`, `i`.`day_number` AS `DayNumber`, `i`.`description` AS `Description`, `i`.`location` AS `Location`
FROM `itinerary` AS `i`
WHERE `i`.`tour_id` = @__tourId_0
ORDER BY `i`.`day_number`
2026-08-05 20:44:27.970 +05:30 [INF] Microsoft.EntityFrameworkCore.Database.Command Executed DbCommand (1ms) [Parameters=[@__tourId_0='?' (DbType = Int32), @__today_1='?' (DbType = Date)], CommandType='"Text"', CommandTimeout='30']
SELECT `s`.`schedule_id` AS `ScheduleId`, `s`.`start_date` AS `StartDate`, `s`.`available_seats` AS `AvailableSeats`, `s`.`total_seats` AS `TotalSeats`, `s`.`status` AS `Status`
FROM `schedule` AS `s`
WHERE ((`s`.`tour_id` = @__tourId_0) AND `s`.`start_date` IS NOT NULL) AND (`s`.`start_date` >= @__today_1)
ORDER BY `s`.`start_date`
2026-08-05 20:44:27.974 +05:30 [INF] Microsoft.EntityFrameworkCore.Database.Command Executed DbCommand (0ms) [Parameters=[@__tourId_0='?' (DbType = Int32)], CommandType='"Text"', CommandTimeout='30']
SELECT `c`.`cost_id` AS `CostId`, `c`.`adult_price` AS `AdultPrice`, `c`.`single_person_price` AS `SinglePersonPrice`, `c`.`extra_person_price` AS `ExtraPersonPrice`, `c`.`child_with_bed_price` AS `ChildWithBedPrice`, `c`.`child_without_bed_price` AS `ChildWithoutBedPrice`, `c`.`valid_from` AS `ValidFrom`, `c`.`valid_to` AS `ValidTo`, `c`.`is_active` AS `IsActive`
FROM `cost` AS `c`
WHERE `c`.`tour_id` = @__tourId_0
2026-08-05 20:44:27.978 +05:30 [INF] Microsoft.EntityFrameworkCore.Database.Command Executed DbCommand (1ms) [Parameters=[@__tourId_0='?' (DbType = Int32)], CommandType='"Text"', CommandTimeout='30']
SELECT `t`.`image_id` AS `ImageId`, `t`.`source` AS `Source`, `t`.`image_title` AS `ImageTitle`, `t`.`is_primary` AS `IsPrimary`, `t`.`upload_date` AS `UploadDate`
FROM `tour_images` AS `t`
WHERE `t`.`tour_id` = @__tourId_0
2026-08-05 20:44:27.982 +05:30 [INF] Microsoft.EntityFrameworkCore.Database.Command Executed DbCommand (0ms) [Parameters=[@__tourId_0='?' (DbType = Int32)], CommandType='"Text"', CommandTimeout='30']
SELECT CAST(`r`.`rating` AS double)
FROM `review` AS `r`
WHERE (`r`.`tour_id` = @__tourId_0) AND `r`.`rating` IS NOT NULL
2026-08-05 20:44:27.987 +05:30 [INF] Microsoft.EntityFrameworkCore.Database.Command Executed DbCommand (1ms) [Parameters=[@__tourId_0='?' (DbType = Int32)], CommandType='"Text"', CommandTimeout='30']
SELECT `t`.`tour_id`, `t`.`add_ons`, `t`.`category_id`, `t`.`days`, `t`.`description`, `t`.`destination`, `t`.`do_and_dont`, `t`.`location`, `t`.`nights`, `t`.`passport_and_visa`, `t`.`price`, `t`.`stay_and_meals`, `t`.`subcat_id`, `t`.`tour_name`, `t`.`tour_type`, `t`.`weather`, `c`.`category_id`, `c`.`cat_code`, `c`.`cat_image_path`, `c`.`category_name`, `c`.`description`, `c`.`flag`, `c`.`parent_id`, `c`.`status`, `c`.`suitable_for`, `s`.`subcat_id`, `s`.`cat_id`, `s`.`flag`, `s`.`isactive`, `s`.`subcat_image_path`, `s`.`subcat_name`
FROM `tour` AS `t`
LEFT JOIN `category` AS `c` ON `t`.`category_id` = `c`.`category_id`
LEFT JOIN `sub_category_master` AS `s` ON `t`.`subcat_id` = `s`.`subcat_id`
WHERE `t`.`tour_id` = @__tourId_0
LIMIT 1
2026-08-05 20:44:27.992 +05:30 [INF] Microsoft.EntityFrameworkCore.Database.Command Executed DbCommand (0ms) [Parameters=[@__tourId_0='?' (DbType = Int32)], CommandType='"Text"', CommandTimeout='30']
SELECT `i`.`itinerary_id` AS `ItineraryId`, `i`.`day_number` AS `DayNumber`, `i`.`description` AS `Description`, `i`.`location` AS `Location`
FROM `itinerary` AS `i`
WHERE `i`.`tour_id` = @__tourId_0
ORDER BY `i`.`day_number`
2026-08-05 20:44:27.996 +05:30 [INF] Microsoft.EntityFrameworkCore.Database.Command Executed DbCommand (1ms) [Parameters=[@__tourId_0='?' (DbType = Int32), @__today_1='?' (DbType = Date)], CommandType='"Text"', CommandTimeout='30']
SELECT `s`.`schedule_id` AS `ScheduleId`, `s`.`start_date` AS `StartDate`, `s`.`available_seats` AS `AvailableSeats`, `s`.`total_seats` AS `TotalSeats`, `s`.`status` AS `Status`
FROM `schedule` AS `s`
WHERE ((`s`.`tour_id` = @__tourId_0) AND `s`.`start_date` IS NOT NULL) AND (`s`.`start_date` >= @__today_1)
ORDER BY `s`.`start_date`
2026-08-05 20:44:28.001 +05:30 [INF] Microsoft.EntityFrameworkCore.Database.Command Executed DbCommand (0ms) [Parameters=[@__tourId_0='?' (DbType = Int32)], CommandType='"Text"', CommandTimeout='30']
SELECT `c`.`cost_id` AS `CostId`, `c`.`adult_price` AS `AdultPrice`, `c`.`single_person_price` AS `SinglePersonPrice`, `c`.`extra_person_price` AS `ExtraPersonPrice`, `c`.`child_with_bed_price` AS `ChildWithBedPrice`, `c`.`child_without_bed_price` AS `ChildWithoutBedPrice`, `c`.`valid_from` AS `ValidFrom`, `c`.`valid_to` AS `ValidTo`, `c`.`is_active` AS `IsActive`
FROM `cost` AS `c`
WHERE `c`.`tour_id` = @__tourId_0
2026-08-05 20:44:28.007 +05:30 [INF] Microsoft.EntityFrameworkCore.Database.Command Executed DbCommand (1ms) [Parameters=[@__tourId_0='?' (DbType = Int32)], CommandType='"Text"', CommandTimeout='30']
SELECT `t`.`image_id` AS `ImageId`, `t`.`source` AS `Source`, `t`.`image_title` AS `ImageTitle`, `t`.`is_primary` AS `IsPrimary`, `t`.`upload_date` AS `UploadDate`
FROM `tour_images` AS `t`
WHERE `t`.`tour_id` = @__tourId_0
2026-08-05 20:44:28.013 +05:30 [INF] Microsoft.EntityFrameworkCore.Database.Command Executed DbCommand (1ms) [Parameters=[@__tourId_0='?' (DbType = Int32)], CommandType='"Text"', CommandTimeout='30']
SELECT CAST(`r`.`rating` AS double)
FROM `review` AS `r`
WHERE (`r`.`tour_id` = @__tourId_0) AND `r`.`rating` IS NOT NULL
2026-08-05 20:44:28.017 +05:30 [INF] Microsoft.EntityFrameworkCore.Database.Command Executed DbCommand (0ms) [Parameters=[@__tourId_0='?' (DbType = Int32)], CommandType='"Text"', CommandTimeout='30']
SELECT `t`.`tour_id`, `t`.`add_ons`, `t`.`category_id`, `t`.`days`, `t`.`description`, `t`.`destination`, `t`.`do_and_dont`, `t`.`location`, `t`.`nights`, `t`.`passport_and_visa`, `t`.`price`, `t`.`stay_and_meals`, `t`.`subcat_id`, `t`.`tour_name`, `t`.`tour_type`, `t`.`weather`, `c`.`category_id`, `c`.`cat_code`, `c`.`cat_image_path`, `c`.`category_name`, `c`.`description`, `c`.`flag`, `c`.`parent_id`, `c`.`status`, `c`.`suitable_for`, `s`.`subcat_id`, `s`.`cat_id`, `s`.`flag`, `s`.`isactive`, `s`.`subcat_image_path`, `s`.`subcat_name`
FROM `tour` AS `t`
LEFT JOIN `category` AS `c` ON `t`.`category_id` = `c`.`category_id`
LEFT JOIN `sub_category_master` AS `s` ON `t`.`subcat_id` = `s`.`subcat_id`
WHERE `t`.`tour_id` = @__tourId_0
LIMIT 1
2026-08-05 20:44:28.021 +05:30 [INF] Microsoft.EntityFrameworkCore.Database.Command Executed DbCommand (0ms) [Parameters=[@__tourId_0='?' (DbType = Int32)], CommandType='"Text"', CommandTimeout='30']
SELECT `i`.`itinerary_id` AS `ItineraryId`, `i`.`day_number` AS `DayNumber`, `i`.`description` AS `Description`, `i`.`location` AS `Location`
FROM `itinerary` AS `i`
WHERE `i`.`tour_id` = @__tourId_0
ORDER BY `i`.`day_number`
2026-08-05 20:44:28.025 +05:30 [INF] Microsoft.EntityFrameworkCore.Database.Command Executed DbCommand (1ms) [Parameters=[@__tourId_0='?' (DbType = Int32), @__today_1='?' (DbType = Date)], CommandType='"Text"', CommandTimeout='30']
SELECT `s`.`schedule_id` AS `ScheduleId`, `s`.`start_date` AS `StartDate`, `s`.`available_seats` AS `AvailableSeats`, `s`.`total_seats` AS `TotalSeats`, `s`.`status` AS `Status`
FROM `schedule` AS `s`
WHERE ((`s`.`tour_id` = @__tourId_0) AND `s`.`start_date` IS NOT NULL) AND (`s`.`start_date` >= @__today_1)
ORDER BY `s`.`start_date`
2026-08-05 20:44:28.028 +05:30 [INF] Microsoft.EntityFrameworkCore.Database.Command Executed DbCommand (0ms) [Parameters=[@__tourId_0='?' (DbType = Int32)], CommandType='"Text"', CommandTimeout='30']
SELECT `c`.`cost_id` AS `CostId`, `c`.`adult_price` AS `AdultPrice`, `c`.`single_person_price` AS `SinglePersonPrice`, `c`.`extra_person_price` AS `ExtraPersonPrice`, `c`.`child_with_bed_price` AS `ChildWithBedPrice`, `c`.`child_without_bed_price` AS `ChildWithoutBedPrice`, `c`.`valid_from` AS `ValidFrom`, `c`.`valid_to` AS `ValidTo`, `c`.`is_active` AS `IsActive`
FROM `cost` AS `c`
WHERE `c`.`tour_id` = @__tourId_0
2026-08-05 20:44:28.032 +05:30 [INF] Microsoft.EntityFrameworkCore.Database.Command Executed DbCommand (1ms) [Parameters=[@__tourId_0='?' (DbType = Int32)], CommandType='"Text"', CommandTimeout='30']
SELECT `t`.`image_id` AS `ImageId`, `t`.`source` AS `Source`, `t`.`image_title` AS `ImageTitle`, `t`.`is_primary` AS `IsPrimary`, `t`.`upload_date` AS `UploadDate`
FROM `tour_images` AS `t`
WHERE `t`.`tour_id` = @__tourId_0
2026-08-05 20:44:28.036 +05:30 [INF] Microsoft.EntityFrameworkCore.Database.Command Executed DbCommand (0ms) [Parameters=[@__tourId_0='?' (DbType = Int32)], CommandType='"Text"', CommandTimeout='30']
SELECT CAST(`r`.`rating` AS double)
FROM `review` AS `r`
WHERE (`r`.`tour_id` = @__tourId_0) AND `r`.`rating` IS NOT NULL
2026-08-05 20:44:28.039 +05:30 [INF] Microsoft.EntityFrameworkCore.Database.Command Executed DbCommand (1ms) [Parameters=[@__tourId_0='?' (DbType = Int32)], CommandType='"Text"', CommandTimeout='30']
SELECT `t`.`tour_id`, `t`.`add_ons`, `t`.`category_id`, `t`.`days`, `t`.`description`, `t`.`destination`, `t`.`do_and_dont`, `t`.`location`, `t`.`nights`, `t`.`passport_and_visa`, `t`.`price`, `t`.`stay_and_meals`, `t`.`subcat_id`, `t`.`tour_name`, `t`.`tour_type`, `t`.`weather`, `c`.`category_id`, `c`.`cat_code`, `c`.`cat_image_path`, `c`.`category_name`, `c`.`description`, `c`.`flag`, `c`.`parent_id`, `c`.`status`, `c`.`suitable_for`, `s`.`subcat_id`, `s`.`cat_id`, `s`.`flag`, `s`.`isactive`, `s`.`subcat_image_path`, `s`.`subcat_name`
FROM `tour` AS `t`
LEFT JOIN `category` AS `c` ON `t`.`category_id` = `c`.`category_id`
LEFT JOIN `sub_category_master` AS `s` ON `t`.`subcat_id` = `s`.`subcat_id`
WHERE `t`.`tour_id` = @__tourId_0
LIMIT 1
2026-08-05 20:44:28.043 +05:30 [INF] Microsoft.EntityFrameworkCore.Database.Command Executed DbCommand (0ms) [Parameters=[@__tourId_0='?' (DbType = Int32)], CommandType='"Text"', CommandTimeout='30']
SELECT `i`.`itinerary_id` AS `ItineraryId`, `i`.`day_number` AS `DayNumber`, `i`.`description` AS `Description`, `i`.`location` AS `Location`
FROM `itinerary` AS `i`
WHERE `i`.`tour_id` = @__tourId_0
ORDER BY `i`.`day_number`
2026-08-05 20:44:28.047 +05:30 [INF] Microsoft.EntityFrameworkCore.Database.Command Executed DbCommand (0ms) [Parameters=[@__tourId_0='?' (DbType = Int32), @__today_1='?' (DbType = Date)], CommandType='"Text"', CommandTimeout='30']
SELECT `s`.`schedule_id` AS `ScheduleId`, `s`.`start_date` AS `StartDate`, `s`.`available_seats` AS `AvailableSeats`, `s`.`total_seats` AS `TotalSeats`, `s`.`status` AS `Status`
FROM `schedule` AS `s`
WHERE ((`s`.`tour_id` = @__tourId_0) AND `s`.`start_date` IS NOT NULL) AND (`s`.`start_date` >= @__today_1)
ORDER BY `s`.`start_date`
2026-08-05 20:44:28.051 +05:30 [INF] Microsoft.EntityFrameworkCore.Database.Command Executed DbCommand (0ms) [Parameters=[@__tourId_0='?' (DbType = Int32)], CommandType='"Text"', CommandTimeout='30']
SELECT `c`.`cost_id` AS `CostId`, `c`.`adult_price` AS `AdultPrice`, `c`.`single_person_price` AS `SinglePersonPrice`, `c`.`extra_person_price` AS `ExtraPersonPrice`, `c`.`child_with_bed_price` AS `ChildWithBedPrice`, `c`.`child_without_bed_price` AS `ChildWithoutBedPrice`, `c`.`valid_from` AS `ValidFrom`, `c`.`valid_to` AS `ValidTo`, `c`.`is_active` AS `IsActive`
FROM `cost` AS `c`
WHERE `c`.`tour_id` = @__tourId_0
2026-08-05 20:44:28.055 +05:30 [INF] Microsoft.EntityFrameworkCore.Database.Command Executed DbCommand (1ms) [Parameters=[@__tourId_0='?' (DbType = Int32)], CommandType='"Text"', CommandTimeout='30']
SELECT `t`.`image_id` AS `ImageId`, `t`.`source` AS `Source`, `t`.`image_title` AS `ImageTitle`, `t`.`is_primary` AS `IsPrimary`, `t`.`upload_date` AS `UploadDate`
FROM `tour_images` AS `t`
WHERE `t`.`tour_id` = @__tourId_0
2026-08-05 20:44:28.058 +05:30 [INF] Microsoft.EntityFrameworkCore.Database.Command Executed DbCommand (0ms) [Parameters=[@__tourId_0='?' (DbType = Int32)], CommandType='"Text"', CommandTimeout='30']
SELECT CAST(`r`.`rating` AS double)
FROM `review` AS `r`
WHERE (`r`.`tour_id` = @__tourId_0) AND `r`.`rating` IS NOT NULL
2026-08-05 20:44:28.062 +05:30 [INF] Microsoft.EntityFrameworkCore.Database.Command Executed DbCommand (1ms) [Parameters=[@__tourId_0='?' (DbType = Int32)], CommandType='"Text"', CommandTimeout='30']
SELECT `t`.`tour_id`, `t`.`add_ons`, `t`.`category_id`, `t`.`days`, `t`.`description`, `t`.`destination`, `t`.`do_and_dont`, `t`.`location`, `t`.`nights`, `t`.`passport_and_visa`, `t`.`price`, `t`.`stay_and_meals`, `t`.`subcat_id`, `t`.`tour_name`, `t`.`tour_type`, `t`.`weather`, `c`.`category_id`, `c`.`cat_code`, `c`.`cat_image_path`, `c`.`category_name`, `c`.`description`, `c`.`flag`, `c`.`parent_id`, `c`.`status`, `c`.`suitable_for`, `s`.`subcat_id`, `s`.`cat_id`, `s`.`flag`, `s`.`isactive`, `s`.`subcat_image_path`, `s`.`subcat_name`
FROM `tour` AS `t`
LEFT JOIN `category` AS `c` ON `t`.`category_id` = `c`.`category_id`
LEFT JOIN `sub_category_master` AS `s` ON `t`.`subcat_id` = `s`.`subcat_id`
WHERE `t`.`tour_id` = @__tourId_0
LIMIT 1
2026-08-05 20:44:28.066 +05:30 [INF] Microsoft.EntityFrameworkCore.Database.Command Executed DbCommand (1ms) [Parameters=[@__tourId_0='?' (DbType = Int32)], CommandType='"Text"', CommandTimeout='30']
SELECT `i`.`itinerary_id` AS `ItineraryId`, `i`.`day_number` AS `DayNumber`, `i`.`description` AS `Description`, `i`.`location` AS `Location`
FROM `itinerary` AS `i`
WHERE `i`.`tour_id` = @__tourId_0
ORDER BY `i`.`day_number`
2026-08-05 20:44:28.072 +05:30 [INF] Microsoft.EntityFrameworkCore.Database.Command Executed DbCommand (3ms) [Parameters=[@__tourId_0='?' (DbType = Int32), @__today_1='?' (DbType = Date)], CommandType='"Text"', CommandTimeout='30']
SELECT `s`.`schedule_id` AS `ScheduleId`, `s`.`start_date` AS `StartDate`, `s`.`available_seats` AS `AvailableSeats`, `s`.`total_seats` AS `TotalSeats`, `s`.`status` AS `Status`
FROM `schedule` AS `s`
WHERE ((`s`.`tour_id` = @__tourId_0) AND `s`.`start_date` IS NOT NULL) AND (`s`.`start_date` >= @__today_1)
ORDER BY `s`.`start_date`
2026-08-05 20:44:28.076 +05:30 [INF] Microsoft.EntityFrameworkCore.Database.Command Executed DbCommand (0ms) [Parameters=[@__tourId_0='?' (DbType = Int32)], CommandType='"Text"', CommandTimeout='30']
SELECT `c`.`cost_id` AS `CostId`, `c`.`adult_price` AS `AdultPrice`, `c`.`single_person_price` AS `SinglePersonPrice`, `c`.`extra_person_price` AS `ExtraPersonPrice`, `c`.`child_with_bed_price` AS `ChildWithBedPrice`, `c`.`child_without_bed_price` AS `ChildWithoutBedPrice`, `c`.`valid_from` AS `ValidFrom`, `c`.`valid_to` AS `ValidTo`, `c`.`is_active` AS `IsActive`
FROM `cost` AS `c`
WHERE `c`.`tour_id` = @__tourId_0
2026-08-05 20:44:28.079 +05:30 [INF] Microsoft.EntityFrameworkCore.Database.Command Executed DbCommand (0ms) [Parameters=[@__tourId_0='?' (DbType = Int32)], CommandType='"Text"', CommandTimeout='30']
SELECT `t`.`image_id` AS `ImageId`, `t`.`source` AS `Source`, `t`.`image_title` AS `ImageTitle`, `t`.`is_primary` AS `IsPrimary`, `t`.`upload_date` AS `UploadDate`
FROM `tour_images` AS `t`
WHERE `t`.`tour_id` = @__tourId_0
2026-08-05 20:44:28.084 +05:30 [INF] Microsoft.EntityFrameworkCore.Database.Command Executed DbCommand (1ms) [Parameters=[@__tourId_0='?' (DbType = Int32)], CommandType='"Text"', CommandTimeout='30']
SELECT CAST(`r`.`rating` AS double)
FROM `review` AS `r`
WHERE (`r`.`tour_id` = @__tourId_0) AND `r`.`rating` IS NOT NULL
2026-08-05 20:44:28.088 +05:30 [INF] Microsoft.EntityFrameworkCore.Database.Command Executed DbCommand (1ms) [Parameters=[@__tourId_0='?' (DbType = Int32)], CommandType='"Text"', CommandTimeout='30']
SELECT `t`.`tour_id`, `t`.`add_ons`, `t`.`category_id`, `t`.`days`, `t`.`description`, `t`.`destination`, `t`.`do_and_dont`, `t`.`location`, `t`.`nights`, `t`.`passport_and_visa`, `t`.`price`, `t`.`stay_and_meals`, `t`.`subcat_id`, `t`.`tour_name`, `t`.`tour_type`, `t`.`weather`, `c`.`category_id`, `c`.`cat_code`, `c`.`cat_image_path`, `c`.`category_name`, `c`.`description`, `c`.`flag`, `c`.`parent_id`, `c`.`status`, `c`.`suitable_for`, `s`.`subcat_id`, `s`.`cat_id`, `s`.`flag`, `s`.`isactive`, `s`.`subcat_image_path`, `s`.`subcat_name`
FROM `tour` AS `t`
LEFT JOIN `category` AS `c` ON `t`.`category_id` = `c`.`category_id`
LEFT JOIN `sub_category_master` AS `s` ON `t`.`subcat_id` = `s`.`subcat_id`
WHERE `t`.`tour_id` = @__tourId_0
LIMIT 1
2026-08-05 20:44:28.091 +05:30 [INF] Microsoft.EntityFrameworkCore.Database.Command Executed DbCommand (0ms) [Parameters=[@__tourId_0='?' (DbType = Int32)], CommandType='"Text"', CommandTimeout='30']
SELECT `i`.`itinerary_id` AS `ItineraryId`, `i`.`day_number` AS `DayNumber`, `i`.`description` AS `Description`, `i`.`location` AS `Location`
FROM `itinerary` AS `i`
WHERE `i`.`tour_id` = @__tourId_0
ORDER BY `i`.`day_number`
2026-08-05 20:44:28.095 +05:30 [INF] Microsoft.EntityFrameworkCore.Database.Command Executed DbCommand (1ms) [Parameters=[@__tourId_0='?' (DbType = Int32), @__today_1='?' (DbType = Date)], CommandType='"Text"', CommandTimeout='30']
SELECT `s`.`schedule_id` AS `ScheduleId`, `s`.`start_date` AS `StartDate`, `s`.`available_seats` AS `AvailableSeats`, `s`.`total_seats` AS `TotalSeats`, `s`.`status` AS `Status`
FROM `schedule` AS `s`
WHERE ((`s`.`tour_id` = @__tourId_0) AND `s`.`start_date` IS NOT NULL) AND (`s`.`start_date` >= @__today_1)
ORDER BY `s`.`start_date`
2026-08-05 20:44:28.099 +05:30 [INF] Microsoft.EntityFrameworkCore.Database.Command Executed DbCommand (0ms) [Parameters=[@__tourId_0='?' (DbType = Int32)], CommandType='"Text"', CommandTimeout='30']
SELECT `c`.`cost_id` AS `CostId`, `c`.`adult_price` AS `AdultPrice`, `c`.`single_person_price` AS `SinglePersonPrice`, `c`.`extra_person_price` AS `ExtraPersonPrice`, `c`.`child_with_bed_price` AS `ChildWithBedPrice`, `c`.`child_without_bed_price` AS `ChildWithoutBedPrice`, `c`.`valid_from` AS `ValidFrom`, `c`.`valid_to` AS `ValidTo`, `c`.`is_active` AS `IsActive`
FROM `cost` AS `c`
WHERE `c`.`tour_id` = @__tourId_0
2026-08-05 20:44:28.103 +05:30 [INF] Microsoft.EntityFrameworkCore.Database.Command Executed DbCommand (0ms) [Parameters=[@__tourId_0='?' (DbType = Int32)], CommandType='"Text"', CommandTimeout='30']
SELECT `t`.`image_id` AS `ImageId`, `t`.`source` AS `Source`, `t`.`image_title` AS `ImageTitle`, `t`.`is_primary` AS `IsPrimary`, `t`.`upload_date` AS `UploadDate`
FROM `tour_images` AS `t`
WHERE `t`.`tour_id` = @__tourId_0
2026-08-05 20:44:28.106 +05:30 [INF] Microsoft.EntityFrameworkCore.Database.Command Executed DbCommand (0ms) [Parameters=[@__tourId_0='?' (DbType = Int32)], CommandType='"Text"', CommandTimeout='30']
SELECT CAST(`r`.`rating` AS double)
FROM `review` AS `r`
WHERE (`r`.`tour_id` = @__tourId_0) AND `r`.`rating` IS NOT NULL
2026-08-05 20:44:28.110 +05:30 [INF] Microsoft.EntityFrameworkCore.Database.Command Executed DbCommand (1ms) [Parameters=[@__tourId_0='?' (DbType = Int32)], CommandType='"Text"', CommandTimeout='30']
SELECT `t`.`tour_id`, `t`.`add_ons`, `t`.`category_id`, `t`.`days`, `t`.`description`, `t`.`destination`, `t`.`do_and_dont`, `t`.`location`, `t`.`nights`, `t`.`passport_and_visa`, `t`.`price`, `t`.`stay_and_meals`, `t`.`subcat_id`, `t`.`tour_name`, `t`.`tour_type`, `t`.`weather`, `c`.`category_id`, `c`.`cat_code`, `c`.`cat_image_path`, `c`.`category_name`, `c`.`description`, `c`.`flag`, `c`.`parent_id`, `c`.`status`, `c`.`suitable_for`, `s`.`subcat_id`, `s`.`cat_id`, `s`.`flag`, `s`.`isactive`, `s`.`subcat_image_path`, `s`.`subcat_name`
FROM `tour` AS `t`
LEFT JOIN `category` AS `c` ON `t`.`category_id` = `c`.`category_id`
LEFT JOIN `sub_category_master` AS `s` ON `t`.`subcat_id` = `s`.`subcat_id`
WHERE `t`.`tour_id` = @__tourId_0
LIMIT 1
2026-08-05 20:44:28.116 +05:30 [INF] Microsoft.EntityFrameworkCore.Database.Command Executed DbCommand (1ms) [Parameters=[@__tourId_0='?' (DbType = Int32)], CommandType='"Text"', CommandTimeout='30']
SELECT `i`.`itinerary_id` AS `ItineraryId`, `i`.`day_number` AS `DayNumber`, `i`.`description` AS `Description`, `i`.`location` AS `Location`
FROM `itinerary` AS `i`
WHERE `i`.`tour_id` = @__tourId_0
ORDER BY `i`.`day_number`
2026-08-05 20:44:28.120 +05:30 [INF] Microsoft.EntityFrameworkCore.Database.Command Executed DbCommand (0ms) [Parameters=[@__tourId_0='?' (DbType = Int32), @__today_1='?' (DbType = Date)], CommandType='"Text"', CommandTimeout='30']
SELECT `s`.`schedule_id` AS `ScheduleId`, `s`.`start_date` AS `StartDate`, `s`.`available_seats` AS `AvailableSeats`, `s`.`total_seats` AS `TotalSeats`, `s`.`status` AS `Status`
FROM `schedule` AS `s`
WHERE ((`s`.`tour_id` = @__tourId_0) AND `s`.`start_date` IS NOT NULL) AND (`s`.`start_date` >= @__today_1)
ORDER BY `s`.`start_date`
2026-08-05 20:44:28.124 +05:30 [INF] Microsoft.EntityFrameworkCore.Database.Command Executed DbCommand (1ms) [Parameters=[@__tourId_0='?' (DbType = Int32)], CommandType='"Text"', CommandTimeout='30']
SELECT `c`.`cost_id` AS `CostId`, `c`.`adult_price` AS `AdultPrice`, `c`.`single_person_price` AS `SinglePersonPrice`, `c`.`extra_person_price` AS `ExtraPersonPrice`, `c`.`child_with_bed_price` AS `ChildWithBedPrice`, `c`.`child_without_bed_price` AS `ChildWithoutBedPrice`, `c`.`valid_from` AS `ValidFrom`, `c`.`valid_to` AS `ValidTo`, `c`.`is_active` AS `IsActive`
FROM `cost` AS `c`
WHERE `c`.`tour_id` = @__tourId_0
2026-08-05 20:44:28.127 +05:30 [INF] Microsoft.EntityFrameworkCore.Database.Command Executed DbCommand (0ms) [Parameters=[@__tourId_0='?' (DbType = Int32)], CommandType='"Text"', CommandTimeout='30']
SELECT `t`.`image_id` AS `ImageId`, `t`.`source` AS `Source`, `t`.`image_title` AS `ImageTitle`, `t`.`is_primary` AS `IsPrimary`, `t`.`upload_date` AS `UploadDate`
FROM `tour_images` AS `t`
WHERE `t`.`tour_id` = @__tourId_0
2026-08-05 20:44:28.131 +05:30 [INF] Microsoft.EntityFrameworkCore.Database.Command Executed DbCommand (1ms) [Parameters=[@__tourId_0='?' (DbType = Int32)], CommandType='"Text"', CommandTimeout='30']
SELECT CAST(`r`.`rating` AS double)
FROM `review` AS `r`
WHERE (`r`.`tour_id` = @__tourId_0) AND `r`.`rating` IS NOT NULL
2026-08-05 20:44:28.135 +05:30 [INF] Microsoft.EntityFrameworkCore.Database.Command Executed DbCommand (0ms) [Parameters=[@__tourId_0='?' (DbType = Int32)], CommandType='"Text"', CommandTimeout='30']
SELECT `t`.`tour_id`, `t`.`add_ons`, `t`.`category_id`, `t`.`days`, `t`.`description`, `t`.`destination`, `t`.`do_and_dont`, `t`.`location`, `t`.`nights`, `t`.`passport_and_visa`, `t`.`price`, `t`.`stay_and_meals`, `t`.`subcat_id`, `t`.`tour_name`, `t`.`tour_type`, `t`.`weather`, `c`.`category_id`, `c`.`cat_code`, `c`.`cat_image_path`, `c`.`category_name`, `c`.`description`, `c`.`flag`, `c`.`parent_id`, `c`.`status`, `c`.`suitable_for`, `s`.`subcat_id`, `s`.`cat_id`, `s`.`flag`, `s`.`isactive`, `s`.`subcat_image_path`, `s`.`subcat_name`
FROM `tour` AS `t`
LEFT JOIN `category` AS `c` ON `t`.`category_id` = `c`.`category_id`
LEFT JOIN `sub_category_master` AS `s` ON `t`.`subcat_id` = `s`.`subcat_id`
WHERE `t`.`tour_id` = @__tourId_0
LIMIT 1
2026-08-05 20:44:28.139 +05:30 [INF] Microsoft.EntityFrameworkCore.Database.Command Executed DbCommand (0ms) [Parameters=[@__tourId_0='?' (DbType = Int32)], CommandType='"Text"', CommandTimeout='30']
SELECT `i`.`itinerary_id` AS `ItineraryId`, `i`.`day_number` AS `DayNumber`, `i`.`description` AS `Description`, `i`.`location` AS `Location`
FROM `itinerary` AS `i`
WHERE `i`.`tour_id` = @__tourId_0
ORDER BY `i`.`day_number`
2026-08-05 20:44:28.144 +05:30 [INF] Microsoft.EntityFrameworkCore.Database.Command Executed DbCommand (1ms) [Parameters=[@__tourId_0='?' (DbType = Int32), @__today_1='?' (DbType = Date)], CommandType='"Text"', CommandTimeout='30']
SELECT `s`.`schedule_id` AS `ScheduleId`, `s`.`start_date` AS `StartDate`, `s`.`available_seats` AS `AvailableSeats`, `s`.`total_seats` AS `TotalSeats`, `s`.`status` AS `Status`
FROM `schedule` AS `s`
WHERE ((`s`.`tour_id` = @__tourId_0) AND `s`.`start_date` IS NOT NULL) AND (`s`.`start_date` >= @__today_1)
ORDER BY `s`.`start_date`
2026-08-05 20:44:28.150 +05:30 [INF] Microsoft.EntityFrameworkCore.Database.Command Executed DbCommand (1ms) [Parameters=[@__tourId_0='?' (DbType = Int32)], CommandType='"Text"', CommandTimeout='30']
SELECT `c`.`cost_id` AS `CostId`, `c`.`adult_price` AS `AdultPrice`, `c`.`single_person_price` AS `SinglePersonPrice`, `c`.`extra_person_price` AS `ExtraPersonPrice`, `c`.`child_with_bed_price` AS `ChildWithBedPrice`, `c`.`child_without_bed_price` AS `ChildWithoutBedPrice`, `c`.`valid_from` AS `ValidFrom`, `c`.`valid_to` AS `ValidTo`, `c`.`is_active` AS `IsActive`
FROM `cost` AS `c`
WHERE `c`.`tour_id` = @__tourId_0
2026-08-05 20:44:28.155 +05:30 [INF] Microsoft.EntityFrameworkCore.Database.Command Executed DbCommand (1ms) [Parameters=[@__tourId_0='?' (DbType = Int32)], CommandType='"Text"', CommandTimeout='30']
SELECT `t`.`image_id` AS `ImageId`, `t`.`source` AS `Source`, `t`.`image_title` AS `ImageTitle`, `t`.`is_primary` AS `IsPrimary`, `t`.`upload_date` AS `UploadDate`
FROM `tour_images` AS `t`
WHERE `t`.`tour_id` = @__tourId_0
2026-08-05 20:44:28.160 +05:30 [INF] Microsoft.EntityFrameworkCore.Database.Command Executed DbCommand (1ms) [Parameters=[@__tourId_0='?' (DbType = Int32)], CommandType='"Text"', CommandTimeout='30']
SELECT CAST(`r`.`rating` AS double)
FROM `review` AS `r`
WHERE (`r`.`tour_id` = @__tourId_0) AND `r`.`rating` IS NOT NULL
2026-08-05 20:44:28.294 +05:30 [INF] Microsoft.EntityFrameworkCore.Database.Command Executed DbCommand (2ms) [Parameters=[@__tourId_0='?' (DbType = Int32)], CommandType='"Text"', CommandTimeout='30']
SELECT `t`.`tour_id`, `t`.`add_ons`, `t`.`category_id`, `t`.`days`, `t`.`description`, `t`.`destination`, `t`.`do_and_dont`, `t`.`location`, `t`.`nights`, `t`.`passport_and_visa`, `t`.`price`, `t`.`stay_and_meals`, `t`.`subcat_id`, `t`.`tour_name`, `t`.`tour_type`, `t`.`weather`, `c`.`category_id`, `c`.`cat_code`, `c`.`cat_image_path`, `c`.`category_name`, `c`.`description`, `c`.`flag`, `c`.`parent_id`, `c`.`status`, `c`.`suitable_for`, `s`.`subcat_id`, `s`.`cat_id`, `s`.`flag`, `s`.`isactive`, `s`.`subcat_image_path`, `s`.`subcat_name`
FROM `tour` AS `t`
LEFT JOIN `category` AS `c` ON `t`.`category_id` = `c`.`category_id`
LEFT JOIN `sub_category_master` AS `s` ON `t`.`subcat_id` = `s`.`subcat_id`
WHERE `t`.`tour_id` = @__tourId_0
LIMIT 1
2026-08-05 20:44:28.299 +05:30 [INF] Microsoft.EntityFrameworkCore.Database.Command Executed DbCommand (1ms) [Parameters=[@__tourId_0='?' (DbType = Int32)], CommandType='"Text"', CommandTimeout='30']
SELECT `i`.`itinerary_id` AS `ItineraryId`, `i`.`day_number` AS `DayNumber`, `i`.`description` AS `Description`, `i`.`location` AS `Location`
FROM `itinerary` AS `i`
WHERE `i`.`tour_id` = @__tourId_0
ORDER BY `i`.`day_number`
2026-08-05 20:44:28.306 +05:30 [INF] Microsoft.EntityFrameworkCore.Database.Command Executed DbCommand (1ms) [Parameters=[@__tourId_0='?' (DbType = Int32), @__today_1='?' (DbType = Date)], CommandType='"Text"', CommandTimeout='30']
SELECT `s`.`schedule_id` AS `ScheduleId`, `s`.`start_date` AS `StartDate`, `s`.`available_seats` AS `AvailableSeats`, `s`.`total_seats` AS `TotalSeats`, `s`.`status` AS `Status`
FROM `schedule` AS `s`
WHERE ((`s`.`tour_id` = @__tourId_0) AND `s`.`start_date` IS NOT NULL) AND (`s`.`start_date` >= @__today_1)
ORDER BY `s`.`start_date`
2026-08-05 20:44:28.311 +05:30 [INF] Microsoft.EntityFrameworkCore.Database.Command Executed DbCommand (0ms) [Parameters=[@__tourId_0='?' (DbType = Int32)], CommandType='"Text"', CommandTimeout='30']
SELECT `c`.`cost_id` AS `CostId`, `c`.`adult_price` AS `AdultPrice`, `c`.`single_person_price` AS `SinglePersonPrice`, `c`.`extra_person_price` AS `ExtraPersonPrice`, `c`.`child_with_bed_price` AS `ChildWithBedPrice`, `c`.`child_without_bed_price` AS `ChildWithoutBedPrice`, `c`.`valid_from` AS `ValidFrom`, `c`.`valid_to` AS `ValidTo`, `c`.`is_active` AS `IsActive`
FROM `cost` AS `c`
WHERE `c`.`tour_id` = @__tourId_0
2026-08-05 20:44:28.337 +05:30 [INF] Microsoft.EntityFrameworkCore.Database.Command Executed DbCommand (0ms) [Parameters=[@__tourId_0='?' (DbType = Int32)], CommandType='"Text"', CommandTimeout='30']
SELECT `t`.`image_id` AS `ImageId`, `t`.`source` AS `Source`, `t`.`image_title` AS `ImageTitle`, `t`.`is_primary` AS `IsPrimary`, `t`.`upload_date` AS `UploadDate`
FROM `tour_images` AS `t`
WHERE `t`.`tour_id` = @__tourId_0
2026-08-05 20:44:28.340 +05:30 [INF] Microsoft.EntityFrameworkCore.Database.Command Executed DbCommand (0ms) [Parameters=[@__tourId_0='?' (DbType = Int32)], CommandType='"Text"', CommandTimeout='30']
SELECT CAST(`r`.`rating` AS double)
FROM `review` AS `r`
WHERE (`r`.`tour_id` = @__tourId_0) AND `r`.`rating` IS NOT NULL
2026-08-05 20:44:28.342 +05:30 [INF] Microsoft.EntityFrameworkCore.Database.Command Executed DbCommand (0ms) [Parameters=[@__tourId_0='?' (DbType = Int32)], CommandType='"Text"', CommandTimeout='30']
SELECT `t`.`tour_id`, `t`.`add_ons`, `t`.`category_id`, `t`.`days`, `t`.`description`, `t`.`destination`, `t`.`do_and_dont`, `t`.`location`, `t`.`nights`, `t`.`passport_and_visa`, `t`.`price`, `t`.`stay_and_meals`, `t`.`subcat_id`, `t`.`tour_name`, `t`.`tour_type`, `t`.`weather`, `c`.`category_id`, `c`.`cat_code`, `c`.`cat_image_path`, `c`.`category_name`, `c`.`description`, `c`.`flag`, `c`.`parent_id`, `c`.`status`, `c`.`suitable_for`, `s`.`subcat_id`, `s`.`cat_id`, `s`.`flag`, `s`.`isactive`, `s`.`subcat_image_path`, `s`.`subcat_name`
FROM `tour` AS `t`
LEFT JOIN `category` AS `c` ON `t`.`category_id` = `c`.`category_id`
LEFT JOIN `sub_category_master` AS `s` ON `t`.`subcat_id` = `s`.`subcat_id`
WHERE `t`.`tour_id` = @__tourId_0
LIMIT 1
2026-08-05 20:44:28.346 +05:30 [INF] Microsoft.EntityFrameworkCore.Database.Command Executed DbCommand (0ms) [Parameters=[@__tourId_0='?' (DbType = Int32)], CommandType='"Text"', CommandTimeout='30']
SELECT `i`.`itinerary_id` AS `ItineraryId`, `i`.`day_number` AS `DayNumber`, `i`.`description` AS `Description`, `i`.`location` AS `Location`
FROM `itinerary` AS `i`
WHERE `i`.`tour_id` = @__tourId_0
ORDER BY `i`.`day_number`
2026-08-05 20:44:28.349 +05:30 [INF] Microsoft.EntityFrameworkCore.Database.Command Executed DbCommand (0ms) [Parameters=[@__tourId_0='?' (DbType = Int32), @__today_1='?' (DbType = Date)], CommandType='"Text"', CommandTimeout='30']
SELECT `s`.`schedule_id` AS `ScheduleId`, `s`.`start_date` AS `StartDate`, `s`.`available_seats` AS `AvailableSeats`, `s`.`total_seats` AS `TotalSeats`, `s`.`status` AS `Status`
FROM `schedule` AS `s`
WHERE ((`s`.`tour_id` = @__tourId_0) AND `s`.`start_date` IS NOT NULL) AND (`s`.`start_date` >= @__today_1)
ORDER BY `s`.`start_date`
2026-08-05 20:44:28.352 +05:30 [INF] Microsoft.EntityFrameworkCore.Database.Command Executed DbCommand (0ms) [Parameters=[@__tourId_0='?' (DbType = Int32)], CommandType='"Text"', CommandTimeout='30']
SELECT `c`.`cost_id` AS `CostId`, `c`.`adult_price` AS `AdultPrice`, `c`.`single_person_price` AS `SinglePersonPrice`, `c`.`extra_person_price` AS `ExtraPersonPrice`, `c`.`child_with_bed_price` AS `ChildWithBedPrice`, `c`.`child_without_bed_price` AS `ChildWithoutBedPrice`, `c`.`valid_from` AS `ValidFrom`, `c`.`valid_to` AS `ValidTo`, `c`.`is_active` AS `IsActive`
FROM `cost` AS `c`
WHERE `c`.`tour_id` = @__tourId_0
2026-08-05 20:44:28.356 +05:30 [INF] Microsoft.EntityFrameworkCore.Database.Command Executed DbCommand (0ms) [Parameters=[@__tourId_0='?' (DbType = Int32)], CommandType='"Text"', CommandTimeout='30']
SELECT `t`.`image_id` AS `ImageId`, `t`.`source` AS `Source`, `t`.`image_title` AS `ImageTitle`, `t`.`is_primary` AS `IsPrimary`, `t`.`upload_date` AS `UploadDate`
FROM `tour_images` AS `t`
WHERE `t`.`tour_id` = @__tourId_0
2026-08-05 20:44:28.358 +05:30 [INF] Microsoft.EntityFrameworkCore.Database.Command Executed DbCommand (0ms) [Parameters=[@__tourId_0='?' (DbType = Int32)], CommandType='"Text"', CommandTimeout='30']
SELECT CAST(`r`.`rating` AS double)
FROM `review` AS `r`
WHERE (`r`.`tour_id` = @__tourId_0) AND `r`.`rating` IS NOT NULL
2026-08-05 20:44:28.363 +05:30 [INF] Microsoft.EntityFrameworkCore.Database.Command Executed DbCommand (0ms) [Parameters=[@__tourId_0='?' (DbType = Int32)], CommandType='"Text"', CommandTimeout='30']
SELECT `t`.`tour_id`, `t`.`add_ons`, `t`.`category_id`, `t`.`days`, `t`.`description`, `t`.`destination`, `t`.`do_and_dont`, `t`.`location`, `t`.`nights`, `t`.`passport_and_visa`, `t`.`price`, `t`.`stay_and_meals`, `t`.`subcat_id`, `t`.`tour_name`, `t`.`tour_type`, `t`.`weather`, `c`.`category_id`, `c`.`cat_code`, `c`.`cat_image_path`, `c`.`category_name`, `c`.`description`, `c`.`flag`, `c`.`parent_id`, `c`.`status`, `c`.`suitable_for`, `s`.`subcat_id`, `s`.`cat_id`, `s`.`flag`, `s`.`isactive`, `s`.`subcat_image_path`, `s`.`subcat_name`
FROM `tour` AS `t`
LEFT JOIN `category` AS `c` ON `t`.`category_id` = `c`.`category_id`
LEFT JOIN `sub_category_master` AS `s` ON `t`.`subcat_id` = `s`.`subcat_id`
WHERE `t`.`tour_id` = @__tourId_0
LIMIT 1
2026-08-05 20:44:28.368 +05:30 [INF] Microsoft.EntityFrameworkCore.Database.Command Executed DbCommand (0ms) [Parameters=[@__tourId_0='?' (DbType = Int32)], CommandType='"Text"', CommandTimeout='30']
SELECT `i`.`itinerary_id` AS `ItineraryId`, `i`.`day_number` AS `DayNumber`, `i`.`description` AS `Description`, `i`.`location` AS `Location`
FROM `itinerary` AS `i`
WHERE `i`.`tour_id` = @__tourId_0
ORDER BY `i`.`day_number`
2026-08-05 20:44:28.371 +05:30 [INF] Microsoft.EntityFrameworkCore.Database.Command Executed DbCommand (1ms) [Parameters=[@__tourId_0='?' (DbType = Int32), @__today_1='?' (DbType = Date)], CommandType='"Text"', CommandTimeout='30']
SELECT `s`.`schedule_id` AS `ScheduleId`, `s`.`start_date` AS `StartDate`, `s`.`available_seats` AS `AvailableSeats`, `s`.`total_seats` AS `TotalSeats`, `s`.`status` AS `Status`
FROM `schedule` AS `s`
WHERE ((`s`.`tour_id` = @__tourId_0) AND `s`.`start_date` IS NOT NULL) AND (`s`.`start_date` >= @__today_1)
ORDER BY `s`.`start_date`
2026-08-05 20:44:28.376 +05:30 [INF] Microsoft.EntityFrameworkCore.Database.Command Executed DbCommand (1ms) [Parameters=[@__tourId_0='?' (DbType = Int32)], CommandType='"Text"', CommandTimeout='30']
SELECT `c`.`cost_id` AS `CostId`, `c`.`adult_price` AS `AdultPrice`, `c`.`single_person_price` AS `SinglePersonPrice`, `c`.`extra_person_price` AS `ExtraPersonPrice`, `c`.`child_with_bed_price` AS `ChildWithBedPrice`, `c`.`child_without_bed_price` AS `ChildWithoutBedPrice`, `c`.`valid_from` AS `ValidFrom`, `c`.`valid_to` AS `ValidTo`, `c`.`is_active` AS `IsActive`
FROM `cost` AS `c`
WHERE `c`.`tour_id` = @__tourId_0
2026-08-05 20:44:28.380 +05:30 [INF] Microsoft.EntityFrameworkCore.Database.Command Executed DbCommand (1ms) [Parameters=[@__tourId_0='?' (DbType = Int32)], CommandType='"Text"', CommandTimeout='30']
SELECT `t`.`image_id` AS `ImageId`, `t`.`source` AS `Source`, `t`.`image_title` AS `ImageTitle`, `t`.`is_primary` AS `IsPrimary`, `t`.`upload_date` AS `UploadDate`
FROM `tour_images` AS `t`
WHERE `t`.`tour_id` = @__tourId_0
2026-08-05 20:44:28.384 +05:30 [INF] Microsoft.EntityFrameworkCore.Database.Command Executed DbCommand (0ms) [Parameters=[@__tourId_0='?' (DbType = Int32)], CommandType='"Text"', CommandTimeout='30']
SELECT CAST(`r`.`rating` AS double)
FROM `review` AS `r`
WHERE (`r`.`tour_id` = @__tourId_0) AND `r`.`rating` IS NOT NULL
2026-08-05 20:44:28.388 +05:30 [INF] Microsoft.EntityFrameworkCore.Database.Command Executed DbCommand (1ms) [Parameters=[@__tourId_0='?' (DbType = Int32)], CommandType='"Text"', CommandTimeout='30']
SELECT `t`.`tour_id`, `t`.`add_ons`, `t`.`category_id`, `t`.`days`, `t`.`description`, `t`.`destination`, `t`.`do_and_dont`, `t`.`location`, `t`.`nights`, `t`.`passport_and_visa`, `t`.`price`, `t`.`stay_and_meals`, `t`.`subcat_id`, `t`.`tour_name`, `t`.`tour_type`, `t`.`weather`, `c`.`category_id`, `c`.`cat_code`, `c`.`cat_image_path`, `c`.`category_name`, `c`.`description`, `c`.`flag`, `c`.`parent_id`, `c`.`status`, `c`.`suitable_for`, `s`.`subcat_id`, `s`.`cat_id`, `s`.`flag`, `s`.`isactive`, `s`.`subcat_image_path`, `s`.`subcat_name`
FROM `tour` AS `t`
LEFT JOIN `category` AS `c` ON `t`.`category_id` = `c`.`category_id`
LEFT JOIN `sub_category_master` AS `s` ON `t`.`subcat_id` = `s`.`subcat_id`
WHERE `t`.`tour_id` = @__tourId_0
LIMIT 1
2026-08-05 20:44:28.392 +05:30 [INF] Microsoft.EntityFrameworkCore.Database.Command Executed DbCommand (1ms) [Parameters=[@__tourId_0='?' (DbType = Int32)], CommandType='"Text"', CommandTimeout='30']
SELECT `i`.`itinerary_id` AS `ItineraryId`, `i`.`day_number` AS `DayNumber`, `i`.`description` AS `Description`, `i`.`location` AS `Location`
FROM `itinerary` AS `i`
WHERE `i`.`tour_id` = @__tourId_0
ORDER BY `i`.`day_number`
2026-08-05 20:44:28.398 +05:30 [INF] Microsoft.EntityFrameworkCore.Database.Command Executed DbCommand (1ms) [Parameters=[@__tourId_0='?' (DbType = Int32), @__today_1='?' (DbType = Date)], CommandType='"Text"', CommandTimeout='30']
SELECT `s`.`schedule_id` AS `ScheduleId`, `s`.`start_date` AS `StartDate`, `s`.`available_seats` AS `AvailableSeats`, `s`.`total_seats` AS `TotalSeats`, `s`.`status` AS `Status`
FROM `schedule` AS `s`
WHERE ((`s`.`tour_id` = @__tourId_0) AND `s`.`start_date` IS NOT NULL) AND (`s`.`start_date` >= @__today_1)
ORDER BY `s`.`start_date`
2026-08-05 20:44:28.403 +05:30 [INF] Microsoft.EntityFrameworkCore.Database.Command Executed DbCommand (0ms) [Parameters=[@__tourId_0='?' (DbType = Int32)], CommandType='"Text"', CommandTimeout='30']
SELECT `c`.`cost_id` AS `CostId`, `c`.`adult_price` AS `AdultPrice`, `c`.`single_person_price` AS `SinglePersonPrice`, `c`.`extra_person_price` AS `ExtraPersonPrice`, `c`.`child_with_bed_price` AS `ChildWithBedPrice`, `c`.`child_without_bed_price` AS `ChildWithoutBedPrice`, `c`.`valid_from` AS `ValidFrom`, `c`.`valid_to` AS `ValidTo`, `c`.`is_active` AS `IsActive`
FROM `cost` AS `c`
WHERE `c`.`tour_id` = @__tourId_0
2026-08-05 20:44:28.407 +05:30 [INF] Microsoft.EntityFrameworkCore.Database.Command Executed DbCommand (1ms) [Parameters=[@__tourId_0='?' (DbType = Int32)], CommandType='"Text"', CommandTimeout='30']
SELECT `t`.`image_id` AS `ImageId`, `t`.`source` AS `Source`, `t`.`image_title` AS `ImageTitle`, `t`.`is_primary` AS `IsPrimary`, `t`.`upload_date` AS `UploadDate`
FROM `tour_images` AS `t`
WHERE `t`.`tour_id` = @__tourId_0
2026-08-05 20:44:28.412 +05:30 [INF] Microsoft.EntityFrameworkCore.Database.Command Executed DbCommand (0ms) [Parameters=[@__tourId_0='?' (DbType = Int32)], CommandType='"Text"', CommandTimeout='30']
SELECT CAST(`r`.`rating` AS double)
FROM `review` AS `r`
WHERE (`r`.`tour_id` = @__tourId_0) AND `r`.`rating` IS NOT NULL
2026-08-05 20:44:28.417 +05:30 [INF] Microsoft.EntityFrameworkCore.Database.Command Executed DbCommand (1ms) [Parameters=[@__tourId_0='?' (DbType = Int32)], CommandType='"Text"', CommandTimeout='30']
SELECT `t`.`tour_id`, `t`.`add_ons`, `t`.`category_id`, `t`.`days`, `t`.`description`, `t`.`destination`, `t`.`do_and_dont`, `t`.`location`, `t`.`nights`, `t`.`passport_and_visa`, `t`.`price`, `t`.`stay_and_meals`, `t`.`subcat_id`, `t`.`tour_name`, `t`.`tour_type`, `t`.`weather`, `c`.`category_id`, `c`.`cat_code`, `c`.`cat_image_path`, `c`.`category_name`, `c`.`description`, `c`.`flag`, `c`.`parent_id`, `c`.`status`, `c`.`suitable_for`, `s`.`subcat_id`, `s`.`cat_id`, `s`.`flag`, `s`.`isactive`, `s`.`subcat_image_path`, `s`.`subcat_name`
FROM `tour` AS `t`
LEFT JOIN `category` AS `c` ON `t`.`category_id` = `c`.`category_id`
LEFT JOIN `sub_category_master` AS `s` ON `t`.`subcat_id` = `s`.`subcat_id`
WHERE `t`.`tour_id` = @__tourId_0
LIMIT 1
2026-08-05 20:44:28.421 +05:30 [INF] Microsoft.EntityFrameworkCore.Database.Command Executed DbCommand (1ms) [Parameters=[@__tourId_0='?' (DbType = Int32)], CommandType='"Text"', CommandTimeout='30']
SELECT `i`.`itinerary_id` AS `ItineraryId`, `i`.`day_number` AS `DayNumber`, `i`.`description` AS `Description`, `i`.`location` AS `Location`
FROM `itinerary` AS `i`
WHERE `i`.`tour_id` = @__tourId_0
ORDER BY `i`.`day_number`
2026-08-05 20:44:28.426 +05:30 [INF] Microsoft.EntityFrameworkCore.Database.Command Executed DbCommand (1ms) [Parameters=[@__tourId_0='?' (DbType = Int32), @__today_1='?' (DbType = Date)], CommandType='"Text"', CommandTimeout='30']
SELECT `s`.`schedule_id` AS `ScheduleId`, `s`.`start_date` AS `StartDate`, `s`.`available_seats` AS `AvailableSeats`, `s`.`total_seats` AS `TotalSeats`, `s`.`status` AS `Status`
FROM `schedule` AS `s`
WHERE ((`s`.`tour_id` = @__tourId_0) AND `s`.`start_date` IS NOT NULL) AND (`s`.`start_date` >= @__today_1)
ORDER BY `s`.`start_date`
2026-08-05 20:44:28.431 +05:30 [INF] Microsoft.EntityFrameworkCore.Database.Command Executed DbCommand (0ms) [Parameters=[@__tourId_0='?' (DbType = Int32)], CommandType='"Text"', CommandTimeout='30']
SELECT `c`.`cost_id` AS `CostId`, `c`.`adult_price` AS `AdultPrice`, `c`.`single_person_price` AS `SinglePersonPrice`, `c`.`extra_person_price` AS `ExtraPersonPrice`, `c`.`child_with_bed_price` AS `ChildWithBedPrice`, `c`.`child_without_bed_price` AS `ChildWithoutBedPrice`, `c`.`valid_from` AS `ValidFrom`, `c`.`valid_to` AS `ValidTo`, `c`.`is_active` AS `IsActive`
FROM `cost` AS `c`
WHERE `c`.`tour_id` = @__tourId_0
2026-08-05 20:44:28.435 +05:30 [INF] Microsoft.EntityFrameworkCore.Database.Command Executed DbCommand (1ms) [Parameters=[@__tourId_0='?' (DbType = Int32)], CommandType='"Text"', CommandTimeout='30']
SELECT `t`.`image_id` AS `ImageId`, `t`.`source` AS `Source`, `t`.`image_title` AS `ImageTitle`, `t`.`is_primary` AS `IsPrimary`, `t`.`upload_date` AS `UploadDate`
FROM `tour_images` AS `t`
WHERE `t`.`tour_id` = @__tourId_0
2026-08-05 20:44:28.441 +05:30 [INF] Microsoft.EntityFrameworkCore.Database.Command Executed DbCommand (1ms) [Parameters=[@__tourId_0='?' (DbType = Int32)], CommandType='"Text"', CommandTimeout='30']
SELECT CAST(`r`.`rating` AS double)
FROM `review` AS `r`
WHERE (`r`.`tour_id` = @__tourId_0) AND `r`.`rating` IS NOT NULL
2026-08-05 20:44:28.446 +05:30 [INF] Microsoft.EntityFrameworkCore.Database.Command Executed DbCommand (1ms) [Parameters=[@__tourId_0='?' (DbType = Int32)], CommandType='"Text"', CommandTimeout='30']
SELECT `t`.`tour_id`, `t`.`add_ons`, `t`.`category_id`, `t`.`days`, `t`.`description`, `t`.`destination`, `t`.`do_and_dont`, `t`.`location`, `t`.`nights`, `t`.`passport_and_visa`, `t`.`price`, `t`.`stay_and_meals`, `t`.`subcat_id`, `t`.`tour_name`, `t`.`tour_type`, `t`.`weather`, `c`.`category_id`, `c`.`cat_code`, `c`.`cat_image_path`, `c`.`category_name`, `c`.`description`, `c`.`flag`, `c`.`parent_id`, `c`.`status`, `c`.`suitable_for`, `s`.`subcat_id`, `s`.`cat_id`, `s`.`flag`, `s`.`isactive`, `s`.`subcat_image_path`, `s`.`subcat_name`
FROM `tour` AS `t`
LEFT JOIN `category` AS `c` ON `t`.`category_id` = `c`.`category_id`
LEFT JOIN `sub_category_master` AS `s` ON `t`.`subcat_id` = `s`.`subcat_id`
WHERE `t`.`tour_id` = @__tourId_0
LIMIT 1
2026-08-05 20:44:28.451 +05:30 [INF] Microsoft.EntityFrameworkCore.Database.Command Executed DbCommand (1ms) [Parameters=[@__tourId_0='?' (DbType = Int32)], CommandType='"Text"', CommandTimeout='30']
SELECT `i`.`itinerary_id` AS `ItineraryId`, `i`.`day_number` AS `DayNumber`, `i`.`description` AS `Description`, `i`.`location` AS `Location`
FROM `itinerary` AS `i`
WHERE `i`.`tour_id` = @__tourId_0
ORDER BY `i`.`day_number`
2026-08-05 20:44:28.456 +05:30 [INF] Microsoft.EntityFrameworkCore.Database.Command Executed DbCommand (1ms) [Parameters=[@__tourId_0='?' (DbType = Int32), @__today_1='?' (DbType = Date)], CommandType='"Text"', CommandTimeout='30']
SELECT `s`.`schedule_id` AS `ScheduleId`, `s`.`start_date` AS `StartDate`, `s`.`available_seats` AS `AvailableSeats`, `s`.`total_seats` AS `TotalSeats`, `s`.`status` AS `Status`
FROM `schedule` AS `s`
WHERE ((`s`.`tour_id` = @__tourId_0) AND `s`.`start_date` IS NOT NULL) AND (`s`.`start_date` >= @__today_1)
ORDER BY `s`.`start_date`
2026-08-05 20:44:28.460 +05:30 [INF] Microsoft.EntityFrameworkCore.Database.Command Executed DbCommand (0ms) [Parameters=[@__tourId_0='?' (DbType = Int32)], CommandType='"Text"', CommandTimeout='30']
SELECT `c`.`cost_id` AS `CostId`, `c`.`adult_price` AS `AdultPrice`, `c`.`single_person_price` AS `SinglePersonPrice`, `c`.`extra_person_price` AS `ExtraPersonPrice`, `c`.`child_with_bed_price` AS `ChildWithBedPrice`, `c`.`child_without_bed_price` AS `ChildWithoutBedPrice`, `c`.`valid_from` AS `ValidFrom`, `c`.`valid_to` AS `ValidTo`, `c`.`is_active` AS `IsActive`
FROM `cost` AS `c`
WHERE `c`.`tour_id` = @__tourId_0
2026-08-05 20:44:28.465 +05:30 [INF] Microsoft.EntityFrameworkCore.Database.Command Executed DbCommand (1ms) [Parameters=[@__tourId_0='?' (DbType = Int32)], CommandType='"Text"', CommandTimeout='30']
SELECT `t`.`image_id` AS `ImageId`, `t`.`source` AS `Source`, `t`.`image_title` AS `ImageTitle`, `t`.`is_primary` AS `IsPrimary`, `t`.`upload_date` AS `UploadDate`
FROM `tour_images` AS `t`
WHERE `t`.`tour_id` = @__tourId_0
2026-08-05 20:44:28.468 +05:30 [INF] Microsoft.EntityFrameworkCore.Database.Command Executed DbCommand (1ms) [Parameters=[@__tourId_0='?' (DbType = Int32)], CommandType='"Text"', CommandTimeout='30']
SELECT CAST(`r`.`rating` AS double)
FROM `review` AS `r`
WHERE (`r`.`tour_id` = @__tourId_0) AND `r`.`rating` IS NOT NULL
2026-08-05 20:44:28.473 +05:30 [INF] Microsoft.EntityFrameworkCore.Database.Command Executed DbCommand (0ms) [Parameters=[@__tourId_0='?' (DbType = Int32)], CommandType='"Text"', CommandTimeout='30']
SELECT `t`.`tour_id`, `t`.`add_ons`, `t`.`category_id`, `t`.`days`, `t`.`description`, `t`.`destination`, `t`.`do_and_dont`, `t`.`location`, `t`.`nights`, `t`.`passport_and_visa`, `t`.`price`, `t`.`stay_and_meals`, `t`.`subcat_id`, `t`.`tour_name`, `t`.`tour_type`, `t`.`weather`, `c`.`category_id`, `c`.`cat_code`, `c`.`cat_image_path`, `c`.`category_name`, `c`.`description`, `c`.`flag`, `c`.`parent_id`, `c`.`status`, `c`.`suitable_for`, `s`.`subcat_id`, `s`.`cat_id`, `s`.`flag`, `s`.`isactive`, `s`.`subcat_image_path`, `s`.`subcat_name`
FROM `tour` AS `t`
LEFT JOIN `category` AS `c` ON `t`.`category_id` = `c`.`category_id`
LEFT JOIN `sub_category_master` AS `s` ON `t`.`subcat_id` = `s`.`subcat_id`
WHERE `t`.`tour_id` = @__tourId_0
LIMIT 1
2026-08-05 20:44:28.476 +05:30 [INF] Microsoft.EntityFrameworkCore.Database.Command Executed DbCommand (1ms) [Parameters=[@__tourId_0='?' (DbType = Int32)], CommandType='"Text"', CommandTimeout='30']
SELECT `i`.`itinerary_id` AS `ItineraryId`, `i`.`day_number` AS `DayNumber`, `i`.`description` AS `Description`, `i`.`location` AS `Location`
FROM `itinerary` AS `i`
WHERE `i`.`tour_id` = @__tourId_0
ORDER BY `i`.`day_number`
2026-08-05 20:44:28.480 +05:30 [INF] Microsoft.EntityFrameworkCore.Database.Command Executed DbCommand (0ms) [Parameters=[@__tourId_0='?' (DbType = Int32), @__today_1='?' (DbType = Date)], CommandType='"Text"', CommandTimeout='30']
SELECT `s`.`schedule_id` AS `ScheduleId`, `s`.`start_date` AS `StartDate`, `s`.`available_seats` AS `AvailableSeats`, `s`.`total_seats` AS `TotalSeats`, `s`.`status` AS `Status`
FROM `schedule` AS `s`
WHERE ((`s`.`tour_id` = @__tourId_0) AND `s`.`start_date` IS NOT NULL) AND (`s`.`start_date` >= @__today_1)
ORDER BY `s`.`start_date`
2026-08-05 20:44:28.484 +05:30 [INF] Microsoft.EntityFrameworkCore.Database.Command Executed DbCommand (1ms) [Parameters=[@__tourId_0='?' (DbType = Int32)], CommandType='"Text"', CommandTimeout='30']
SELECT `c`.`cost_id` AS `CostId`, `c`.`adult_price` AS `AdultPrice`, `c`.`single_person_price` AS `SinglePersonPrice`, `c`.`extra_person_price` AS `ExtraPersonPrice`, `c`.`child_with_bed_price` AS `ChildWithBedPrice`, `c`.`child_without_bed_price` AS `ChildWithoutBedPrice`, `c`.`valid_from` AS `ValidFrom`, `c`.`valid_to` AS `ValidTo`, `c`.`is_active` AS `IsActive`
FROM `cost` AS `c`
WHERE `c`.`tour_id` = @__tourId_0
2026-08-05 20:44:28.488 +05:30 [INF] Microsoft.EntityFrameworkCore.Database.Command Executed DbCommand (0ms) [Parameters=[@__tourId_0='?' (DbType = Int32)], CommandType='"Text"', CommandTimeout='30']
SELECT `t`.`image_id` AS `ImageId`, `t`.`source` AS `Source`, `t`.`image_title` AS `ImageTitle`, `t`.`is_primary` AS `IsPrimary`, `t`.`upload_date` AS `UploadDate`
FROM `tour_images` AS `t`
WHERE `t`.`tour_id` = @__tourId_0
2026-08-05 20:44:28.492 +05:30 [INF] Microsoft.EntityFrameworkCore.Database.Command Executed DbCommand (1ms) [Parameters=[@__tourId_0='?' (DbType = Int32)], CommandType='"Text"', CommandTimeout='30']
SELECT CAST(`r`.`rating` AS double)
FROM `review` AS `r`
WHERE (`r`.`tour_id` = @__tourId_0) AND `r`.`rating` IS NOT NULL
2026-08-05 20:44:28.495 +05:30 [INF] Microsoft.EntityFrameworkCore.Database.Command Executed DbCommand (0ms) [Parameters=[@__tourId_0='?' (DbType = Int32)], CommandType='"Text"', CommandTimeout='30']
SELECT `t`.`tour_id`, `t`.`add_ons`, `t`.`category_id`, `t`.`days`, `t`.`description`, `t`.`destination`, `t`.`do_and_dont`, `t`.`location`, `t`.`nights`, `t`.`passport_and_visa`, `t`.`price`, `t`.`stay_and_meals`, `t`.`subcat_id`, `t`.`tour_name`, `t`.`tour_type`, `t`.`weather`, `c`.`category_id`, `c`.`cat_code`, `c`.`cat_image_path`, `c`.`category_name`, `c`.`description`, `c`.`flag`, `c`.`parent_id`, `c`.`status`, `c`.`suitable_for`, `s`.`subcat_id`, `s`.`cat_id`, `s`.`flag`, `s`.`isactive`, `s`.`subcat_image_path`, `s`.`subcat_name`
FROM `tour` AS `t`
LEFT JOIN `category` AS `c` ON `t`.`category_id` = `c`.`category_id`
LEFT JOIN `sub_category_master` AS `s` ON `t`.`subcat_id` = `s`.`subcat_id`
WHERE `t`.`tour_id` = @__tourId_0
LIMIT 1
2026-08-05 20:44:28.499 +05:30 [INF] Microsoft.EntityFrameworkCore.Database.Command Executed DbCommand (1ms) [Parameters=[@__tourId_0='?' (DbType = Int32)], CommandType='"Text"', CommandTimeout='30']
SELECT `i`.`itinerary_id` AS `ItineraryId`, `i`.`day_number` AS `DayNumber`, `i`.`description` AS `Description`, `i`.`location` AS `Location`
FROM `itinerary` AS `i`
WHERE `i`.`tour_id` = @__tourId_0
ORDER BY `i`.`day_number`
2026-08-05 20:44:28.502 +05:30 [INF] Microsoft.EntityFrameworkCore.Database.Command Executed DbCommand (0ms) [Parameters=[@__tourId_0='?' (DbType = Int32), @__today_1='?' (DbType = Date)], CommandType='"Text"', CommandTimeout='30']
SELECT `s`.`schedule_id` AS `ScheduleId`, `s`.`start_date` AS `StartDate`, `s`.`available_seats` AS `AvailableSeats`, `s`.`total_seats` AS `TotalSeats`, `s`.`status` AS `Status`
FROM `schedule` AS `s`
WHERE ((`s`.`tour_id` = @__tourId_0) AND `s`.`start_date` IS NOT NULL) AND (`s`.`start_date` >= @__today_1)
ORDER BY `s`.`start_date`
2026-08-05 20:44:28.506 +05:30 [INF] Microsoft.EntityFrameworkCore.Database.Command Executed DbCommand (1ms) [Parameters=[@__tourId_0='?' (DbType = Int32)], CommandType='"Text"', CommandTimeout='30']
SELECT `c`.`cost_id` AS `CostId`, `c`.`adult_price` AS `AdultPrice`, `c`.`single_person_price` AS `SinglePersonPrice`, `c`.`extra_person_price` AS `ExtraPersonPrice`, `c`.`child_with_bed_price` AS `ChildWithBedPrice`, `c`.`child_without_bed_price` AS `ChildWithoutBedPrice`, `c`.`valid_from` AS `ValidFrom`, `c`.`valid_to` AS `ValidTo`, `c`.`is_active` AS `IsActive`
FROM `cost` AS `c`
WHERE `c`.`tour_id` = @__tourId_0
2026-08-05 20:44:28.509 +05:30 [INF] Microsoft.EntityFrameworkCore.Database.Command Executed DbCommand (0ms) [Parameters=[@__tourId_0='?' (DbType = Int32)], CommandType='"Text"', CommandTimeout='30']
SELECT `t`.`image_id` AS `ImageId`, `t`.`source` AS `Source`, `t`.`image_title` AS `ImageTitle`, `t`.`is_primary` AS `IsPrimary`, `t`.`upload_date` AS `UploadDate`
FROM `tour_images` AS `t`
WHERE `t`.`tour_id` = @__tourId_0
2026-08-05 20:44:28.512 +05:30 [INF] Microsoft.EntityFrameworkCore.Database.Command Executed DbCommand (1ms) [Parameters=[@__tourId_0='?' (DbType = Int32)], CommandType='"Text"', CommandTimeout='30']
SELECT CAST(`r`.`rating` AS double)
FROM `review` AS `r`
WHERE (`r`.`tour_id` = @__tourId_0) AND `r`.`rating` IS NOT NULL
2026-08-05 20:44:28.516 +05:30 [INF] Microsoft.EntityFrameworkCore.Database.Command Executed DbCommand (0ms) [Parameters=[@__tourId_0='?' (DbType = Int32)], CommandType='"Text"', CommandTimeout='30']
SELECT `t`.`tour_id`, `t`.`add_ons`, `t`.`category_id`, `t`.`days`, `t`.`description`, `t`.`destination`, `t`.`do_and_dont`, `t`.`location`, `t`.`nights`, `t`.`passport_and_visa`, `t`.`price`, `t`.`stay_and_meals`, `t`.`subcat_id`, `t`.`tour_name`, `t`.`tour_type`, `t`.`weather`, `c`.`category_id`, `c`.`cat_code`, `c`.`cat_image_path`, `c`.`category_name`, `c`.`description`, `c`.`flag`, `c`.`parent_id`, `c`.`status`, `c`.`suitable_for`, `s`.`subcat_id`, `s`.`cat_id`, `s`.`flag`, `s`.`isactive`, `s`.`subcat_image_path`, `s`.`subcat_name`
FROM `tour` AS `t`
LEFT JOIN `category` AS `c` ON `t`.`category_id` = `c`.`category_id`
LEFT JOIN `sub_category_master` AS `s` ON `t`.`subcat_id` = `s`.`subcat_id`
WHERE `t`.`tour_id` = @__tourId_0
LIMIT 1
2026-08-05 20:44:28.520 +05:30 [INF] Microsoft.EntityFrameworkCore.Database.Command Executed DbCommand (1ms) [Parameters=[@__tourId_0='?' (DbType = Int32)], CommandType='"Text"', CommandTimeout='30']
SELECT `i`.`itinerary_id` AS `ItineraryId`, `i`.`day_number` AS `DayNumber`, `i`.`description` AS `Description`, `i`.`location` AS `Location`
FROM `itinerary` AS `i`
WHERE `i`.`tour_id` = @__tourId_0
ORDER BY `i`.`day_number`
2026-08-05 20:44:28.523 +05:30 [INF] Microsoft.EntityFrameworkCore.Database.Command Executed DbCommand (0ms) [Parameters=[@__tourId_0='?' (DbType = Int32), @__today_1='?' (DbType = Date)], CommandType='"Text"', CommandTimeout='30']
SELECT `s`.`schedule_id` AS `ScheduleId`, `s`.`start_date` AS `StartDate`, `s`.`available_seats` AS `AvailableSeats`, `s`.`total_seats` AS `TotalSeats`, `s`.`status` AS `Status`
FROM `schedule` AS `s`
WHERE ((`s`.`tour_id` = @__tourId_0) AND `s`.`start_date` IS NOT NULL) AND (`s`.`start_date` >= @__today_1)
ORDER BY `s`.`start_date`
2026-08-05 20:44:28.526 +05:30 [INF] Microsoft.EntityFrameworkCore.Database.Command Executed DbCommand (1ms) [Parameters=[@__tourId_0='?' (DbType = Int32)], CommandType='"Text"', CommandTimeout='30']
SELECT `c`.`cost_id` AS `CostId`, `c`.`adult_price` AS `AdultPrice`, `c`.`single_person_price` AS `SinglePersonPrice`, `c`.`extra_person_price` AS `ExtraPersonPrice`, `c`.`child_with_bed_price` AS `ChildWithBedPrice`, `c`.`child_without_bed_price` AS `ChildWithoutBedPrice`, `c`.`valid_from` AS `ValidFrom`, `c`.`valid_to` AS `ValidTo`, `c`.`is_active` AS `IsActive`
FROM `cost` AS `c`
WHERE `c`.`tour_id` = @__tourId_0
2026-08-05 20:44:28.531 +05:30 [INF] Microsoft.EntityFrameworkCore.Database.Command Executed DbCommand (1ms) [Parameters=[@__tourId_0='?' (DbType = Int32)], CommandType='"Text"', CommandTimeout='30']
SELECT `t`.`image_id` AS `ImageId`, `t`.`source` AS `Source`, `t`.`image_title` AS `ImageTitle`, `t`.`is_primary` AS `IsPrimary`, `t`.`upload_date` AS `UploadDate`
FROM `tour_images` AS `t`
WHERE `t`.`tour_id` = @__tourId_0
2026-08-05 20:44:28.535 +05:30 [INF] Microsoft.EntityFrameworkCore.Database.Command Executed DbCommand (0ms) [Parameters=[@__tourId_0='?' (DbType = Int32)], CommandType='"Text"', CommandTimeout='30']
SELECT CAST(`r`.`rating` AS double)
FROM `review` AS `r`
WHERE (`r`.`tour_id` = @__tourId_0) AND `r`.`rating` IS NOT NULL
2026-08-05 20:44:28.539 +05:30 [INF] Microsoft.EntityFrameworkCore.Database.Command Executed DbCommand (1ms) [Parameters=[@__tourId_0='?' (DbType = Int32)], CommandType='"Text"', CommandTimeout='30']
SELECT `t`.`tour_id`, `t`.`add_ons`, `t`.`category_id`, `t`.`days`, `t`.`description`, `t`.`destination`, `t`.`do_and_dont`, `t`.`location`, `t`.`nights`, `t`.`passport_and_visa`, `t`.`price`, `t`.`stay_and_meals`, `t`.`subcat_id`, `t`.`tour_name`, `t`.`tour_type`, `t`.`weather`, `c`.`category_id`, `c`.`cat_code`, `c`.`cat_image_path`, `c`.`category_name`, `c`.`description`, `c`.`flag`, `c`.`parent_id`, `c`.`status`, `c`.`suitable_for`, `s`.`subcat_id`, `s`.`cat_id`, `s`.`flag`, `s`.`isactive`, `s`.`subcat_image_path`, `s`.`subcat_name`
FROM `tour` AS `t`
LEFT JOIN `category` AS `c` ON `t`.`category_id` = `c`.`category_id`
LEFT JOIN `sub_category_master` AS `s` ON `t`.`subcat_id` = `s`.`subcat_id`
WHERE `t`.`tour_id` = @__tourId_0
LIMIT 1
2026-08-05 20:44:28.543 +05:30 [INF] Microsoft.EntityFrameworkCore.Database.Command Executed DbCommand (0ms) [Parameters=[@__tourId_0='?' (DbType = Int32)], CommandType='"Text"', CommandTimeout='30']
SELECT `i`.`itinerary_id` AS `ItineraryId`, `i`.`day_number` AS `DayNumber`, `i`.`description` AS `Description`, `i`.`location` AS `Location`
FROM `itinerary` AS `i`
WHERE `i`.`tour_id` = @__tourId_0
ORDER BY `i`.`day_number`
2026-08-05 20:44:28.547 +05:30 [INF] Microsoft.EntityFrameworkCore.Database.Command Executed DbCommand (0ms) [Parameters=[@__tourId_0='?' (DbType = Int32), @__today_1='?' (DbType = Date)], CommandType='"Text"', CommandTimeout='30']
SELECT `s`.`schedule_id` AS `ScheduleId`, `s`.`start_date` AS `StartDate`, `s`.`available_seats` AS `AvailableSeats`, `s`.`total_seats` AS `TotalSeats`, `s`.`status` AS `Status`
FROM `schedule` AS `s`
WHERE ((`s`.`tour_id` = @__tourId_0) AND `s`.`start_date` IS NOT NULL) AND (`s`.`start_date` >= @__today_1)
ORDER BY `s`.`start_date`
2026-08-05 20:44:28.550 +05:30 [INF] Microsoft.EntityFrameworkCore.Database.Command Executed DbCommand (0ms) [Parameters=[@__tourId_0='?' (DbType = Int32)], CommandType='"Text"', CommandTimeout='30']
SELECT `c`.`cost_id` AS `CostId`, `c`.`adult_price` AS `AdultPrice`, `c`.`single_person_price` AS `SinglePersonPrice`, `c`.`extra_person_price` AS `ExtraPersonPrice`, `c`.`child_with_bed_price` AS `ChildWithBedPrice`, `c`.`child_without_bed_price` AS `ChildWithoutBedPrice`, `c`.`valid_from` AS `ValidFrom`, `c`.`valid_to` AS `ValidTo`, `c`.`is_active` AS `IsActive`
FROM `cost` AS `c`
WHERE `c`.`tour_id` = @__tourId_0
2026-08-05 20:44:28.554 +05:30 [INF] Microsoft.EntityFrameworkCore.Database.Command Executed DbCommand (1ms) [Parameters=[@__tourId_0='?' (DbType = Int32)], CommandType='"Text"', CommandTimeout='30']
SELECT `t`.`image_id` AS `ImageId`, `t`.`source` AS `Source`, `t`.`image_title` AS `ImageTitle`, `t`.`is_primary` AS `IsPrimary`, `t`.`upload_date` AS `UploadDate`
FROM `tour_images` AS `t`
WHERE `t`.`tour_id` = @__tourId_0
2026-08-05 20:44:28.557 +05:30 [INF] Microsoft.EntityFrameworkCore.Database.Command Executed DbCommand (0ms) [Parameters=[@__tourId_0='?' (DbType = Int32)], CommandType='"Text"', CommandTimeout='30']
SELECT CAST(`r`.`rating` AS double)
FROM `review` AS `r`
WHERE (`r`.`tour_id` = @__tourId_0) AND `r`.`rating` IS NOT NULL
2026-08-05 20:44:28.561 +05:30 [INF] Microsoft.EntityFrameworkCore.Database.Command Executed DbCommand (1ms) [Parameters=[@__tourId_0='?' (DbType = Int32)], CommandType='"Text"', CommandTimeout='30']
SELECT `t`.`tour_id`, `t`.`add_ons`, `t`.`category_id`, `t`.`days`, `t`.`description`, `t`.`destination`, `t`.`do_and_dont`, `t`.`location`, `t`.`nights`, `t`.`passport_and_visa`, `t`.`price`, `t`.`stay_and_meals`, `t`.`subcat_id`, `t`.`tour_name`, `t`.`tour_type`, `t`.`weather`, `c`.`category_id`, `c`.`cat_code`, `c`.`cat_image_path`, `c`.`category_name`, `c`.`description`, `c`.`flag`, `c`.`parent_id`, `c`.`status`, `c`.`suitable_for`, `s`.`subcat_id`, `s`.`cat_id`, `s`.`flag`, `s`.`isactive`, `s`.`subcat_image_path`, `s`.`subcat_name`
FROM `tour` AS `t`
LEFT JOIN `category` AS `c` ON `t`.`category_id` = `c`.`category_id`
LEFT JOIN `sub_category_master` AS `s` ON `t`.`subcat_id` = `s`.`subcat_id`
WHERE `t`.`tour_id` = @__tourId_0
LIMIT 1
2026-08-05 20:44:28.565 +05:30 [INF] Microsoft.EntityFrameworkCore.Database.Command Executed DbCommand (1ms) [Parameters=[@__tourId_0='?' (DbType = Int32)], CommandType='"Text"', CommandTimeout='30']
SELECT `i`.`itinerary_id` AS `ItineraryId`, `i`.`day_number` AS `DayNumber`, `i`.`description` AS `Description`, `i`.`location` AS `Location`
FROM `itinerary` AS `i`
WHERE `i`.`tour_id` = @__tourId_0
ORDER BY `i`.`day_number`
2026-08-05 20:44:28.570 +05:30 [INF] Microsoft.EntityFrameworkCore.Database.Command Executed DbCommand (1ms) [Parameters=[@__tourId_0='?' (DbType = Int32), @__today_1='?' (DbType = Date)], CommandType='"Text"', CommandTimeout='30']
SELECT `s`.`schedule_id` AS `ScheduleId`, `s`.`start_date` AS `StartDate`, `s`.`available_seats` AS `AvailableSeats`, `s`.`total_seats` AS `TotalSeats`, `s`.`status` AS `Status`
FROM `schedule` AS `s`
WHERE ((`s`.`tour_id` = @__tourId_0) AND `s`.`start_date` IS NOT NULL) AND (`s`.`start_date` >= @__today_1)
ORDER BY `s`.`start_date`
2026-08-05 20:44:28.573 +05:30 [INF] Microsoft.EntityFrameworkCore.Database.Command Executed DbCommand (1ms) [Parameters=[@__tourId_0='?' (DbType = Int32)], CommandType='"Text"', CommandTimeout='30']
SELECT `c`.`cost_id` AS `CostId`, `c`.`adult_price` AS `AdultPrice`, `c`.`single_person_price` AS `SinglePersonPrice`, `c`.`extra_person_price` AS `ExtraPersonPrice`, `c`.`child_with_bed_price` AS `ChildWithBedPrice`, `c`.`child_without_bed_price` AS `ChildWithoutBedPrice`, `c`.`valid_from` AS `ValidFrom`, `c`.`valid_to` AS `ValidTo`, `c`.`is_active` AS `IsActive`
FROM `cost` AS `c`
WHERE `c`.`tour_id` = @__tourId_0
2026-08-05 20:44:28.577 +05:30 [INF] Microsoft.EntityFrameworkCore.Database.Command Executed DbCommand (0ms) [Parameters=[@__tourId_0='?' (DbType = Int32)], CommandType='"Text"', CommandTimeout='30']
SELECT `t`.`image_id` AS `ImageId`, `t`.`source` AS `Source`, `t`.`image_title` AS `ImageTitle`, `t`.`is_primary` AS `IsPrimary`, `t`.`upload_date` AS `UploadDate`
FROM `tour_images` AS `t`
WHERE `t`.`tour_id` = @__tourId_0
2026-08-05 20:44:28.580 +05:30 [INF] Microsoft.EntityFrameworkCore.Database.Command Executed DbCommand (1ms) [Parameters=[@__tourId_0='?' (DbType = Int32)], CommandType='"Text"', CommandTimeout='30']
SELECT CAST(`r`.`rating` AS double)
FROM `review` AS `r`
WHERE (`r`.`tour_id` = @__tourId_0) AND `r`.`rating` IS NOT NULL
2026-08-05 20:44:28.584 +05:30 [INF] Microsoft.EntityFrameworkCore.Database.Command Executed DbCommand (0ms) [Parameters=[@__tourId_0='?' (DbType = Int32)], CommandType='"Text"', CommandTimeout='30']
SELECT `t`.`tour_id`, `t`.`add_ons`, `t`.`category_id`, `t`.`days`, `t`.`description`, `t`.`destination`, `t`.`do_and_dont`, `t`.`location`, `t`.`nights`, `t`.`passport_and_visa`, `t`.`price`, `t`.`stay_and_meals`, `t`.`subcat_id`, `t`.`tour_name`, `t`.`tour_type`, `t`.`weather`, `c`.`category_id`, `c`.`cat_code`, `c`.`cat_image_path`, `c`.`category_name`, `c`.`description`, `c`.`flag`, `c`.`parent_id`, `c`.`status`, `c`.`suitable_for`, `s`.`subcat_id`, `s`.`cat_id`, `s`.`flag`, `s`.`isactive`, `s`.`subcat_image_path`, `s`.`subcat_name`
FROM `tour` AS `t`
LEFT JOIN `category` AS `c` ON `t`.`category_id` = `c`.`category_id`
LEFT JOIN `sub_category_master` AS `s` ON `t`.`subcat_id` = `s`.`subcat_id`
WHERE `t`.`tour_id` = @__tourId_0
LIMIT 1
2026-08-05 20:44:28.588 +05:30 [INF] Microsoft.EntityFrameworkCore.Database.Command Executed DbCommand (0ms) [Parameters=[@__tourId_0='?' (DbType = Int32)], CommandType='"Text"', CommandTimeout='30']
SELECT `i`.`itinerary_id` AS `ItineraryId`, `i`.`day_number` AS `DayNumber`, `i`.`description` AS `Description`, `i`.`location` AS `Location`
FROM `itinerary` AS `i`
WHERE `i`.`tour_id` = @__tourId_0
ORDER BY `i`.`day_number`
2026-08-05 20:44:28.592 +05:30 [INF] Microsoft.EntityFrameworkCore.Database.Command Executed DbCommand (0ms) [Parameters=[@__tourId_0='?' (DbType = Int32), @__today_1='?' (DbType = Date)], CommandType='"Text"', CommandTimeout='30']
SELECT `s`.`schedule_id` AS `ScheduleId`, `s`.`start_date` AS `StartDate`, `s`.`available_seats` AS `AvailableSeats`, `s`.`total_seats` AS `TotalSeats`, `s`.`status` AS `Status`
FROM `schedule` AS `s`
WHERE ((`s`.`tour_id` = @__tourId_0) AND `s`.`start_date` IS NOT NULL) AND (`s`.`start_date` >= @__today_1)
ORDER BY `s`.`start_date`
2026-08-05 20:44:28.597 +05:30 [INF] Microsoft.EntityFrameworkCore.Database.Command Executed DbCommand (1ms) [Parameters=[@__tourId_0='?' (DbType = Int32)], CommandType='"Text"', CommandTimeout='30']
SELECT `c`.`cost_id` AS `CostId`, `c`.`adult_price` AS `AdultPrice`, `c`.`single_person_price` AS `SinglePersonPrice`, `c`.`extra_person_price` AS `ExtraPersonPrice`, `c`.`child_with_bed_price` AS `ChildWithBedPrice`, `c`.`child_without_bed_price` AS `ChildWithoutBedPrice`, `c`.`valid_from` AS `ValidFrom`, `c`.`valid_to` AS `ValidTo`, `c`.`is_active` AS `IsActive`
FROM `cost` AS `c`
WHERE `c`.`tour_id` = @__tourId_0
2026-08-05 20:44:28.600 +05:30 [INF] Microsoft.EntityFrameworkCore.Database.Command Executed DbCommand (0ms) [Parameters=[@__tourId_0='?' (DbType = Int32)], CommandType='"Text"', CommandTimeout='30']
SELECT `t`.`image_id` AS `ImageId`, `t`.`source` AS `Source`, `t`.`image_title` AS `ImageTitle`, `t`.`is_primary` AS `IsPrimary`, `t`.`upload_date` AS `UploadDate`
FROM `tour_images` AS `t`
WHERE `t`.`tour_id` = @__tourId_0
2026-08-05 20:44:28.605 +05:30 [INF] Microsoft.EntityFrameworkCore.Database.Command Executed DbCommand (0ms) [Parameters=[@__tourId_0='?' (DbType = Int32)], CommandType='"Text"', CommandTimeout='30']
SELECT CAST(`r`.`rating` AS double)
FROM `review` AS `r`
WHERE (`r`.`tour_id` = @__tourId_0) AND `r`.`rating` IS NOT NULL
2026-08-05 20:44:28.608 +05:30 [INF] Serilog.AspNetCore.RequestLoggingMiddleware GET /api/admin/tours responded 200 in 1477.1 ms
2026-08-05 20:44:28.620 +05:30 [INF] Microsoft.EntityFrameworkCore.Database.Command Executed DbCommand (0ms) [Parameters=[], CommandType='"Text"', CommandTimeout='30']
SELECT `t`.`tour_id`
FROM `tour` AS `t`
ORDER BY `t`.`tour_id`
2026-08-05 20:44:28.626 +05:30 [INF] Microsoft.EntityFrameworkCore.Database.Command Executed DbCommand (1ms) [Parameters=[@__tourId_0='?' (DbType = Int32)], CommandType='"Text"', CommandTimeout='30']
SELECT `t`.`tour_id`, `t`.`add_ons`, `t`.`category_id`, `t`.`days`, `t`.`description`, `t`.`destination`, `t`.`do_and_dont`, `t`.`location`, `t`.`nights`, `t`.`passport_and_visa`, `t`.`price`, `t`.`stay_and_meals`, `t`.`subcat_id`, `t`.`tour_name`, `t`.`tour_type`, `t`.`weather`, `c`.`category_id`, `c`.`cat_code`, `c`.`cat_image_path`, `c`.`category_name`, `c`.`description`, `c`.`flag`, `c`.`parent_id`, `c`.`status`, `c`.`suitable_for`, `s`.`subcat_id`, `s`.`cat_id`, `s`.`flag`, `s`.`isactive`, `s`.`subcat_image_path`, `s`.`subcat_name`
FROM `tour` AS `t`
LEFT JOIN `category` AS `c` ON `t`.`category_id` = `c`.`category_id`
LEFT JOIN `sub_category_master` AS `s` ON `t`.`subcat_id` = `s`.`subcat_id`
WHERE `t`.`tour_id` = @__tourId_0
LIMIT 1
2026-08-05 20:44:28.631 +05:30 [INF] Microsoft.EntityFrameworkCore.Database.Command Executed DbCommand (1ms) [Parameters=[@__tourId_0='?' (DbType = Int32)], CommandType='"Text"', CommandTimeout='30']
SELECT `i`.`itinerary_id` AS `ItineraryId`, `i`.`day_number` AS `DayNumber`, `i`.`description` AS `Description`, `i`.`location` AS `Location`
FROM `itinerary` AS `i`
WHERE `i`.`tour_id` = @__tourId_0
ORDER BY `i`.`day_number`
2026-08-05 20:44:28.635 +05:30 [INF] Microsoft.EntityFrameworkCore.Database.Command Executed DbCommand (1ms) [Parameters=[@__tourId_0='?' (DbType = Int32), @__today_1='?' (DbType = Date)], CommandType='"Text"', CommandTimeout='30']
SELECT `s`.`schedule_id` AS `ScheduleId`, `s`.`start_date` AS `StartDate`, `s`.`available_seats` AS `AvailableSeats`, `s`.`total_seats` AS `TotalSeats`, `s`.`status` AS `Status`
FROM `schedule` AS `s`
WHERE ((`s`.`tour_id` = @__tourId_0) AND `s`.`start_date` IS NOT NULL) AND (`s`.`start_date` >= @__today_1)
ORDER BY `s`.`start_date`
2026-08-05 20:44:28.640 +05:30 [INF] Microsoft.EntityFrameworkCore.Database.Command Executed DbCommand (0ms) [Parameters=[@__tourId_0='?' (DbType = Int32)], CommandType='"Text"', CommandTimeout='30']
SELECT `c`.`cost_id` AS `CostId`, `c`.`adult_price` AS `AdultPrice`, `c`.`single_person_price` AS `SinglePersonPrice`, `c`.`extra_person_price` AS `ExtraPersonPrice`, `c`.`child_with_bed_price` AS `ChildWithBedPrice`, `c`.`child_without_bed_price` AS `ChildWithoutBedPrice`, `c`.`valid_from` AS `ValidFrom`, `c`.`valid_to` AS `ValidTo`, `c`.`is_active` AS `IsActive`
FROM `cost` AS `c`
WHERE `c`.`tour_id` = @__tourId_0
2026-08-05 20:44:28.644 +05:30 [INF] Microsoft.EntityFrameworkCore.Database.Command Executed DbCommand (1ms) [Parameters=[@__tourId_0='?' (DbType = Int32)], CommandType='"Text"', CommandTimeout='30']
SELECT `t`.`image_id` AS `ImageId`, `t`.`source` AS `Source`, `t`.`image_title` AS `ImageTitle`, `t`.`is_primary` AS `IsPrimary`, `t`.`upload_date` AS `UploadDate`
FROM `tour_images` AS `t`
WHERE `t`.`tour_id` = @__tourId_0
2026-08-05 20:44:28.648 +05:30 [INF] Microsoft.EntityFrameworkCore.Database.Command Executed DbCommand (1ms) [Parameters=[@__tourId_0='?' (DbType = Int32)], CommandType='"Text"', CommandTimeout='30']
SELECT CAST(`r`.`rating` AS double)
FROM `review` AS `r`
WHERE (`r`.`tour_id` = @__tourId_0) AND `r`.`rating` IS NOT NULL
2026-08-05 20:44:28.652 +05:30 [INF] Microsoft.EntityFrameworkCore.Database.Command Executed DbCommand (1ms) [Parameters=[@__tourId_0='?' (DbType = Int32)], CommandType='"Text"', CommandTimeout='30']
SELECT `t`.`tour_id`, `t`.`add_ons`, `t`.`category_id`, `t`.`days`, `t`.`description`, `t`.`destination`, `t`.`do_and_dont`, `t`.`location`, `t`.`nights`, `t`.`passport_and_visa`, `t`.`price`, `t`.`stay_and_meals`, `t`.`subcat_id`, `t`.`tour_name`, `t`.`tour_type`, `t`.`weather`, `c`.`category_id`, `c`.`cat_code`, `c`.`cat_image_path`, `c`.`category_name`, `c`.`description`, `c`.`flag`, `c`.`parent_id`, `c`.`status`, `c`.`suitable_for`, `s`.`subcat_id`, `s`.`cat_id`, `s`.`flag`, `s`.`isactive`, `s`.`subcat_image_path`, `s`.`subcat_name`
FROM `tour` AS `t`
LEFT JOIN `category` AS `c` ON `t`.`category_id` = `c`.`category_id`
LEFT JOIN `sub_category_master` AS `s` ON `t`.`subcat_id` = `s`.`subcat_id`
WHERE `t`.`tour_id` = @__tourId_0
LIMIT 1
2026-08-05 20:44:28.656 +05:30 [INF] Microsoft.EntityFrameworkCore.Database.Command Executed DbCommand (1ms) [Parameters=[@__tourId_0='?' (DbType = Int32)], CommandType='"Text"', CommandTimeout='30']
SELECT `i`.`itinerary_id` AS `ItineraryId`, `i`.`day_number` AS `DayNumber`, `i`.`description` AS `Description`, `i`.`location` AS `Location`
FROM `itinerary` AS `i`
WHERE `i`.`tour_id` = @__tourId_0
ORDER BY `i`.`day_number`
2026-08-05 20:44:28.660 +05:30 [INF] Microsoft.EntityFrameworkCore.Database.Command Executed DbCommand (0ms) [Parameters=[@__tourId_0='?' (DbType = Int32), @__today_1='?' (DbType = Date)], CommandType='"Text"', CommandTimeout='30']
SELECT `s`.`schedule_id` AS `ScheduleId`, `s`.`start_date` AS `StartDate`, `s`.`available_seats` AS `AvailableSeats`, `s`.`total_seats` AS `TotalSeats`, `s`.`status` AS `Status`
FROM `schedule` AS `s`
WHERE ((`s`.`tour_id` = @__tourId_0) AND `s`.`start_date` IS NOT NULL) AND (`s`.`start_date` >= @__today_1)
ORDER BY `s`.`start_date`
2026-08-05 20:44:28.664 +05:30 [INF] Microsoft.EntityFrameworkCore.Database.Command Executed DbCommand (0ms) [Parameters=[@__tourId_0='?' (DbType = Int32)], CommandType='"Text"', CommandTimeout='30']
SELECT `c`.`cost_id` AS `CostId`, `c`.`adult_price` AS `AdultPrice`, `c`.`single_person_price` AS `SinglePersonPrice`, `c`.`extra_person_price` AS `ExtraPersonPrice`, `c`.`child_with_bed_price` AS `ChildWithBedPrice`, `c`.`child_without_bed_price` AS `ChildWithoutBedPrice`, `c`.`valid_from` AS `ValidFrom`, `c`.`valid_to` AS `ValidTo`, `c`.`is_active` AS `IsActive`
FROM `cost` AS `c`
WHERE `c`.`tour_id` = @__tourId_0
2026-08-05 20:44:28.668 +05:30 [INF] Microsoft.EntityFrameworkCore.Database.Command Executed DbCommand (0ms) [Parameters=[@__tourId_0='?' (DbType = Int32)], CommandType='"Text"', CommandTimeout='30']
SELECT `t`.`image_id` AS `ImageId`, `t`.`source` AS `Source`, `t`.`image_title` AS `ImageTitle`, `t`.`is_primary` AS `IsPrimary`, `t`.`upload_date` AS `UploadDate`
FROM `tour_images` AS `t`
WHERE `t`.`tour_id` = @__tourId_0
2026-08-05 20:44:28.673 +05:30 [INF] Microsoft.EntityFrameworkCore.Database.Command Executed DbCommand (1ms) [Parameters=[@__tourId_0='?' (DbType = Int32)], CommandType='"Text"', CommandTimeout='30']
SELECT CAST(`r`.`rating` AS double)
FROM `review` AS `r`
WHERE (`r`.`tour_id` = @__tourId_0) AND `r`.`rating` IS NOT NULL
2026-08-05 20:44:28.676 +05:30 [INF] Microsoft.EntityFrameworkCore.Database.Command Executed DbCommand (1ms) [Parameters=[@__tourId_0='?' (DbType = Int32)], CommandType='"Text"', CommandTimeout='30']
SELECT `t`.`tour_id`, `t`.`add_ons`, `t`.`category_id`, `t`.`days`, `t`.`description`, `t`.`destination`, `t`.`do_and_dont`, `t`.`location`, `t`.`nights`, `t`.`passport_and_visa`, `t`.`price`, `t`.`stay_and_meals`, `t`.`subcat_id`, `t`.`tour_name`, `t`.`tour_type`, `t`.`weather`, `c`.`category_id`, `c`.`cat_code`, `c`.`cat_image_path`, `c`.`category_name`, `c`.`description`, `c`.`flag`, `c`.`parent_id`, `c`.`status`, `c`.`suitable_for`, `s`.`subcat_id`, `s`.`cat_id`, `s`.`flag`, `s`.`isactive`, `s`.`subcat_image_path`, `s`.`subcat_name`
FROM `tour` AS `t`
LEFT JOIN `category` AS `c` ON `t`.`category_id` = `c`.`category_id`
LEFT JOIN `sub_category_master` AS `s` ON `t`.`subcat_id` = `s`.`subcat_id`
WHERE `t`.`tour_id` = @__tourId_0
LIMIT 1
2026-08-05 20:44:28.681 +05:30 [INF] Microsoft.EntityFrameworkCore.Database.Command Executed DbCommand (1ms) [Parameters=[@__tourId_0='?' (DbType = Int32)], CommandType='"Text"', CommandTimeout='30']
SELECT `i`.`itinerary_id` AS `ItineraryId`, `i`.`day_number` AS `DayNumber`, `i`.`description` AS `Description`, `i`.`location` AS `Location`
FROM `itinerary` AS `i`
WHERE `i`.`tour_id` = @__tourId_0
ORDER BY `i`.`day_number`
2026-08-05 20:44:28.688 +05:30 [INF] Microsoft.EntityFrameworkCore.Database.Command Executed DbCommand (1ms) [Parameters=[@__tourId_0='?' (DbType = Int32), @__today_1='?' (DbType = Date)], CommandType='"Text"', CommandTimeout='30']
SELECT `s`.`schedule_id` AS `ScheduleId`, `s`.`start_date` AS `StartDate`, `s`.`available_seats` AS `AvailableSeats`, `s`.`total_seats` AS `TotalSeats`, `s`.`status` AS `Status`
FROM `schedule` AS `s`
WHERE ((`s`.`tour_id` = @__tourId_0) AND `s`.`start_date` IS NOT NULL) AND (`s`.`start_date` >= @__today_1)
ORDER BY `s`.`start_date`
2026-08-05 20:44:28.692 +05:30 [INF] Microsoft.EntityFrameworkCore.Database.Command Executed DbCommand (0ms) [Parameters=[@__tourId_0='?' (DbType = Int32)], CommandType='"Text"', CommandTimeout='30']
SELECT `c`.`cost_id` AS `CostId`, `c`.`adult_price` AS `AdultPrice`, `c`.`single_person_price` AS `SinglePersonPrice`, `c`.`extra_person_price` AS `ExtraPersonPrice`, `c`.`child_with_bed_price` AS `ChildWithBedPrice`, `c`.`child_without_bed_price` AS `ChildWithoutBedPrice`, `c`.`valid_from` AS `ValidFrom`, `c`.`valid_to` AS `ValidTo`, `c`.`is_active` AS `IsActive`
FROM `cost` AS `c`
WHERE `c`.`tour_id` = @__tourId_0
2026-08-05 20:44:28.696 +05:30 [INF] Microsoft.EntityFrameworkCore.Database.Command Executed DbCommand (0ms) [Parameters=[@__tourId_0='?' (DbType = Int32)], CommandType='"Text"', CommandTimeout='30']
SELECT `t`.`image_id` AS `ImageId`, `t`.`source` AS `Source`, `t`.`image_title` AS `ImageTitle`, `t`.`is_primary` AS `IsPrimary`, `t`.`upload_date` AS `UploadDate`
FROM `tour_images` AS `t`
WHERE `t`.`tour_id` = @__tourId_0
2026-08-05 20:44:28.701 +05:30 [INF] Microsoft.EntityFrameworkCore.Database.Command Executed DbCommand (1ms) [Parameters=[@__tourId_0='?' (DbType = Int32)], CommandType='"Text"', CommandTimeout='30']
SELECT CAST(`r`.`rating` AS double)
FROM `review` AS `r`
WHERE (`r`.`tour_id` = @__tourId_0) AND `r`.`rating` IS NOT NULL
2026-08-05 20:44:28.705 +05:30 [INF] Microsoft.EntityFrameworkCore.Database.Command Executed DbCommand (1ms) [Parameters=[@__tourId_0='?' (DbType = Int32)], CommandType='"Text"', CommandTimeout='30']
SELECT `t`.`tour_id`, `t`.`add_ons`, `t`.`category_id`, `t`.`days`, `t`.`description`, `t`.`destination`, `t`.`do_and_dont`, `t`.`location`, `t`.`nights`, `t`.`passport_and_visa`, `t`.`price`, `t`.`stay_and_meals`, `t`.`subcat_id`, `t`.`tour_name`, `t`.`tour_type`, `t`.`weather`, `c`.`category_id`, `c`.`cat_code`, `c`.`cat_image_path`, `c`.`category_name`, `c`.`description`, `c`.`flag`, `c`.`parent_id`, `c`.`status`, `c`.`suitable_for`, `s`.`subcat_id`, `s`.`cat_id`, `s`.`flag`, `s`.`isactive`, `s`.`subcat_image_path`, `s`.`subcat_name`
FROM `tour` AS `t`
LEFT JOIN `category` AS `c` ON `t`.`category_id` = `c`.`category_id`
LEFT JOIN `sub_category_master` AS `s` ON `t`.`subcat_id` = `s`.`subcat_id`
WHERE `t`.`tour_id` = @__tourId_0
LIMIT 1
2026-08-05 20:44:28.709 +05:30 [INF] Microsoft.EntityFrameworkCore.Database.Command Executed DbCommand (0ms) [Parameters=[@__tourId_0='?' (DbType = Int32)], CommandType='"Text"', CommandTimeout='30']
SELECT `i`.`itinerary_id` AS `ItineraryId`, `i`.`day_number` AS `DayNumber`, `i`.`description` AS `Description`, `i`.`location` AS `Location`
FROM `itinerary` AS `i`
WHERE `i`.`tour_id` = @__tourId_0
ORDER BY `i`.`day_number`
2026-08-05 20:44:28.712 +05:30 [INF] Microsoft.EntityFrameworkCore.Database.Command Executed DbCommand (1ms) [Parameters=[@__tourId_0='?' (DbType = Int32), @__today_1='?' (DbType = Date)], CommandType='"Text"', CommandTimeout='30']
SELECT `s`.`schedule_id` AS `ScheduleId`, `s`.`start_date` AS `StartDate`, `s`.`available_seats` AS `AvailableSeats`, `s`.`total_seats` AS `TotalSeats`, `s`.`status` AS `Status`
FROM `schedule` AS `s`
WHERE ((`s`.`tour_id` = @__tourId_0) AND `s`.`start_date` IS NOT NULL) AND (`s`.`start_date` >= @__today_1)
ORDER BY `s`.`start_date`
2026-08-05 20:44:28.716 +05:30 [INF] Microsoft.EntityFrameworkCore.Database.Command Executed DbCommand (0ms) [Parameters=[@__tourId_0='?' (DbType = Int32)], CommandType='"Text"', CommandTimeout='30']
SELECT `c`.`cost_id` AS `CostId`, `c`.`adult_price` AS `AdultPrice`, `c`.`single_person_price` AS `SinglePersonPrice`, `c`.`extra_person_price` AS `ExtraPersonPrice`, `c`.`child_with_bed_price` AS `ChildWithBedPrice`, `c`.`child_without_bed_price` AS `ChildWithoutBedPrice`, `c`.`valid_from` AS `ValidFrom`, `c`.`valid_to` AS `ValidTo`, `c`.`is_active` AS `IsActive`
FROM `cost` AS `c`
WHERE `c`.`tour_id` = @__tourId_0
2026-08-05 20:44:28.719 +05:30 [INF] Microsoft.EntityFrameworkCore.Database.Command Executed DbCommand (1ms) [Parameters=[@__tourId_0='?' (DbType = Int32)], CommandType='"Text"', CommandTimeout='30']
SELECT `t`.`image_id` AS `ImageId`, `t`.`source` AS `Source`, `t`.`image_title` AS `ImageTitle`, `t`.`is_primary` AS `IsPrimary`, `t`.`upload_date` AS `UploadDate`
FROM `tour_images` AS `t`
WHERE `t`.`tour_id` = @__tourId_0
2026-08-05 20:44:28.723 +05:30 [INF] Microsoft.EntityFrameworkCore.Database.Command Executed DbCommand (0ms) [Parameters=[@__tourId_0='?' (DbType = Int32)], CommandType='"Text"', CommandTimeout='30']
SELECT CAST(`r`.`rating` AS double)
FROM `review` AS `r`
WHERE (`r`.`tour_id` = @__tourId_0) AND `r`.`rating` IS NOT NULL
2026-08-05 20:44:28.726 +05:30 [INF] Microsoft.EntityFrameworkCore.Database.Command Executed DbCommand (0ms) [Parameters=[@__tourId_0='?' (DbType = Int32)], CommandType='"Text"', CommandTimeout='30']
SELECT `t`.`tour_id`, `t`.`add_ons`, `t`.`category_id`, `t`.`days`, `t`.`description`, `t`.`destination`, `t`.`do_and_dont`, `t`.`location`, `t`.`nights`, `t`.`passport_and_visa`, `t`.`price`, `t`.`stay_and_meals`, `t`.`subcat_id`, `t`.`tour_name`, `t`.`tour_type`, `t`.`weather`, `c`.`category_id`, `c`.`cat_code`, `c`.`cat_image_path`, `c`.`category_name`, `c`.`description`, `c`.`flag`, `c`.`parent_id`, `c`.`status`, `c`.`suitable_for`, `s`.`subcat_id`, `s`.`cat_id`, `s`.`flag`, `s`.`isactive`, `s`.`subcat_image_path`, `s`.`subcat_name`
FROM `tour` AS `t`
LEFT JOIN `category` AS `c` ON `t`.`category_id` = `c`.`category_id`
LEFT JOIN `sub_category_master` AS `s` ON `t`.`subcat_id` = `s`.`subcat_id`
WHERE `t`.`tour_id` = @__tourId_0
LIMIT 1
2026-08-05 20:44:28.730 +05:30 [INF] Microsoft.EntityFrameworkCore.Database.Command Executed DbCommand (0ms) [Parameters=[@__tourId_0='?' (DbType = Int32)], CommandType='"Text"', CommandTimeout='30']
SELECT `i`.`itinerary_id` AS `ItineraryId`, `i`.`day_number` AS `DayNumber`, `i`.`description` AS `Description`, `i`.`location` AS `Location`
FROM `itinerary` AS `i`
WHERE `i`.`tour_id` = @__tourId_0
ORDER BY `i`.`day_number`
2026-08-05 20:44:28.734 +05:30 [INF] Microsoft.EntityFrameworkCore.Database.Command Executed DbCommand (0ms) [Parameters=[@__tourId_0='?' (DbType = Int32), @__today_1='?' (DbType = Date)], CommandType='"Text"', CommandTimeout='30']
SELECT `s`.`schedule_id` AS `ScheduleId`, `s`.`start_date` AS `StartDate`, `s`.`available_seats` AS `AvailableSeats`, `s`.`total_seats` AS `TotalSeats`, `s`.`status` AS `Status`
FROM `schedule` AS `s`
WHERE ((`s`.`tour_id` = @__tourId_0) AND `s`.`start_date` IS NOT NULL) AND (`s`.`start_date` >= @__today_1)
ORDER BY `s`.`start_date`
2026-08-05 20:44:28.738 +05:30 [INF] Microsoft.EntityFrameworkCore.Database.Command Executed DbCommand (0ms) [Parameters=[@__tourId_0='?' (DbType = Int32)], CommandType='"Text"', CommandTimeout='30']
SELECT `c`.`cost_id` AS `CostId`, `c`.`adult_price` AS `AdultPrice`, `c`.`single_person_price` AS `SinglePersonPrice`, `c`.`extra_person_price` AS `ExtraPersonPrice`, `c`.`child_with_bed_price` AS `ChildWithBedPrice`, `c`.`child_without_bed_price` AS `ChildWithoutBedPrice`, `c`.`valid_from` AS `ValidFrom`, `c`.`valid_to` AS `ValidTo`, `c`.`is_active` AS `IsActive`
FROM `cost` AS `c`
WHERE `c`.`tour_id` = @__tourId_0
2026-08-05 20:44:28.742 +05:30 [INF] Microsoft.EntityFrameworkCore.Database.Command Executed DbCommand (1ms) [Parameters=[@__tourId_0='?' (DbType = Int32)], CommandType='"Text"', CommandTimeout='30']
SELECT `t`.`image_id` AS `ImageId`, `t`.`source` AS `Source`, `t`.`image_title` AS `ImageTitle`, `t`.`is_primary` AS `IsPrimary`, `t`.`upload_date` AS `UploadDate`
FROM `tour_images` AS `t`
WHERE `t`.`tour_id` = @__tourId_0
2026-08-05 20:44:28.745 +05:30 [INF] Microsoft.EntityFrameworkCore.Database.Command Executed DbCommand (0ms) [Parameters=[@__tourId_0='?' (DbType = Int32)], CommandType='"Text"', CommandTimeout='30']
SELECT CAST(`r`.`rating` AS double)
FROM `review` AS `r`
WHERE (`r`.`tour_id` = @__tourId_0) AND `r`.`rating` IS NOT NULL
2026-08-05 20:44:28.749 +05:30 [INF] Microsoft.EntityFrameworkCore.Database.Command Executed DbCommand (1ms) [Parameters=[@__tourId_0='?' (DbType = Int32)], CommandType='"Text"', CommandTimeout='30']
SELECT `t`.`tour_id`, `t`.`add_ons`, `t`.`category_id`, `t`.`days`, `t`.`description`, `t`.`destination`, `t`.`do_and_dont`, `t`.`location`, `t`.`nights`, `t`.`passport_and_visa`, `t`.`price`, `t`.`stay_and_meals`, `t`.`subcat_id`, `t`.`tour_name`, `t`.`tour_type`, `t`.`weather`, `c`.`category_id`, `c`.`cat_code`, `c`.`cat_image_path`, `c`.`category_name`, `c`.`description`, `c`.`flag`, `c`.`parent_id`, `c`.`status`, `c`.`suitable_for`, `s`.`subcat_id`, `s`.`cat_id`, `s`.`flag`, `s`.`isactive`, `s`.`subcat_image_path`, `s`.`subcat_name`
FROM `tour` AS `t`
LEFT JOIN `category` AS `c` ON `t`.`category_id` = `c`.`category_id`
LEFT JOIN `sub_category_master` AS `s` ON `t`.`subcat_id` = `s`.`subcat_id`
WHERE `t`.`tour_id` = @__tourId_0
LIMIT 1
2026-08-05 20:44:28.752 +05:30 [INF] Microsoft.EntityFrameworkCore.Database.Command Executed DbCommand (0ms) [Parameters=[@__tourId_0='?' (DbType = Int32)], CommandType='"Text"', CommandTimeout='30']
SELECT `i`.`itinerary_id` AS `ItineraryId`, `i`.`day_number` AS `DayNumber`, `i`.`description` AS `Description`, `i`.`location` AS `Location`
FROM `itinerary` AS `i`
WHERE `i`.`tour_id` = @__tourId_0
ORDER BY `i`.`day_number`
2026-08-05 20:44:28.756 +05:30 [INF] Microsoft.EntityFrameworkCore.Database.Command Executed DbCommand (1ms) [Parameters=[@__tourId_0='?' (DbType = Int32), @__today_1='?' (DbType = Date)], CommandType='"Text"', CommandTimeout='30']
SELECT `s`.`schedule_id` AS `ScheduleId`, `s`.`start_date` AS `StartDate`, `s`.`available_seats` AS `AvailableSeats`, `s`.`total_seats` AS `TotalSeats`, `s`.`status` AS `Status`
FROM `schedule` AS `s`
WHERE ((`s`.`tour_id` = @__tourId_0) AND `s`.`start_date` IS NOT NULL) AND (`s`.`start_date` >= @__today_1)
ORDER BY `s`.`start_date`
2026-08-05 20:44:28.759 +05:30 [INF] Microsoft.EntityFrameworkCore.Database.Command Executed DbCommand (0ms) [Parameters=[@__tourId_0='?' (DbType = Int32)], CommandType='"Text"', CommandTimeout='30']
SELECT `c`.`cost_id` AS `CostId`, `c`.`adult_price` AS `AdultPrice`, `c`.`single_person_price` AS `SinglePersonPrice`, `c`.`extra_person_price` AS `ExtraPersonPrice`, `c`.`child_with_bed_price` AS `ChildWithBedPrice`, `c`.`child_without_bed_price` AS `ChildWithoutBedPrice`, `c`.`valid_from` AS `ValidFrom`, `c`.`valid_to` AS `ValidTo`, `c`.`is_active` AS `IsActive`
FROM `cost` AS `c`
WHERE `c`.`tour_id` = @__tourId_0
2026-08-05 20:44:28.763 +05:30 [INF] Microsoft.EntityFrameworkCore.Database.Command Executed DbCommand (1ms) [Parameters=[@__tourId_0='?' (DbType = Int32)], CommandType='"Text"', CommandTimeout='30']
SELECT `t`.`image_id` AS `ImageId`, `t`.`source` AS `Source`, `t`.`image_title` AS `ImageTitle`, `t`.`is_primary` AS `IsPrimary`, `t`.`upload_date` AS `UploadDate`
FROM `tour_images` AS `t`
WHERE `t`.`tour_id` = @__tourId_0
2026-08-05 20:44:28.767 +05:30 [INF] Microsoft.EntityFrameworkCore.Database.Command Executed DbCommand (1ms) [Parameters=[@__tourId_0='?' (DbType = Int32)], CommandType='"Text"', CommandTimeout='30']
SELECT CAST(`r`.`rating` AS double)
FROM `review` AS `r`
WHERE (`r`.`tour_id` = @__tourId_0) AND `r`.`rating` IS NOT NULL
2026-08-05 20:44:28.772 +05:30 [INF] Microsoft.EntityFrameworkCore.Database.Command Executed DbCommand (1ms) [Parameters=[@__tourId_0='?' (DbType = Int32)], CommandType='"Text"', CommandTimeout='30']
SELECT `t`.`tour_id`, `t`.`add_ons`, `t`.`category_id`, `t`.`days`, `t`.`description`, `t`.`destination`, `t`.`do_and_dont`, `t`.`location`, `t`.`nights`, `t`.`passport_and_visa`, `t`.`price`, `t`.`stay_and_meals`, `t`.`subcat_id`, `t`.`tour_name`, `t`.`tour_type`, `t`.`weather`, `c`.`category_id`, `c`.`cat_code`, `c`.`cat_image_path`, `c`.`category_name`, `c`.`description`, `c`.`flag`, `c`.`parent_id`, `c`.`status`, `c`.`suitable_for`, `s`.`subcat_id`, `s`.`cat_id`, `s`.`flag`, `s`.`isactive`, `s`.`subcat_image_path`, `s`.`subcat_name`
FROM `tour` AS `t`
LEFT JOIN `category` AS `c` ON `t`.`category_id` = `c`.`category_id`
LEFT JOIN `sub_category_master` AS `s` ON `t`.`subcat_id` = `s`.`subcat_id`
WHERE `t`.`tour_id` = @__tourId_0
LIMIT 1
2026-08-05 20:44:28.777 +05:30 [INF] Microsoft.EntityFrameworkCore.Database.Command Executed DbCommand (1ms) [Parameters=[@__tourId_0='?' (DbType = Int32)], CommandType='"Text"', CommandTimeout='30']
SELECT `i`.`itinerary_id` AS `ItineraryId`, `i`.`day_number` AS `DayNumber`, `i`.`description` AS `Description`, `i`.`location` AS `Location`
FROM `itinerary` AS `i`
WHERE `i`.`tour_id` = @__tourId_0
ORDER BY `i`.`day_number`
2026-08-05 20:44:28.780 +05:30 [INF] Microsoft.EntityFrameworkCore.Database.Command Executed DbCommand (0ms) [Parameters=[@__tourId_0='?' (DbType = Int32), @__today_1='?' (DbType = Date)], CommandType='"Text"', CommandTimeout='30']
SELECT `s`.`schedule_id` AS `ScheduleId`, `s`.`start_date` AS `StartDate`, `s`.`available_seats` AS `AvailableSeats`, `s`.`total_seats` AS `TotalSeats`, `s`.`status` AS `Status`
FROM `schedule` AS `s`
WHERE ((`s`.`tour_id` = @__tourId_0) AND `s`.`start_date` IS NOT NULL) AND (`s`.`start_date` >= @__today_1)
ORDER BY `s`.`start_date`
2026-08-05 20:44:28.784 +05:30 [INF] Microsoft.EntityFrameworkCore.Database.Command Executed DbCommand (1ms) [Parameters=[@__tourId_0='?' (DbType = Int32)], CommandType='"Text"', CommandTimeout='30']
SELECT `c`.`cost_id` AS `CostId`, `c`.`adult_price` AS `AdultPrice`, `c`.`single_person_price` AS `SinglePersonPrice`, `c`.`extra_person_price` AS `ExtraPersonPrice`, `c`.`child_with_bed_price` AS `ChildWithBedPrice`, `c`.`child_without_bed_price` AS `ChildWithoutBedPrice`, `c`.`valid_from` AS `ValidFrom`, `c`.`valid_to` AS `ValidTo`, `c`.`is_active` AS `IsActive`
FROM `cost` AS `c`
WHERE `c`.`tour_id` = @__tourId_0
2026-08-05 20:44:28.787 +05:30 [INF] Microsoft.EntityFrameworkCore.Database.Command Executed DbCommand (0ms) [Parameters=[@__tourId_0='?' (DbType = Int32)], CommandType='"Text"', CommandTimeout='30']
SELECT `t`.`image_id` AS `ImageId`, `t`.`source` AS `Source`, `t`.`image_title` AS `ImageTitle`, `t`.`is_primary` AS `IsPrimary`, `t`.`upload_date` AS `UploadDate`
FROM `tour_images` AS `t`
WHERE `t`.`tour_id` = @__tourId_0
2026-08-05 20:44:28.791 +05:30 [INF] Microsoft.EntityFrameworkCore.Database.Command Executed DbCommand (0ms) [Parameters=[@__tourId_0='?' (DbType = Int32)], CommandType='"Text"', CommandTimeout='30']
SELECT CAST(`r`.`rating` AS double)
FROM `review` AS `r`
WHERE (`r`.`tour_id` = @__tourId_0) AND `r`.`rating` IS NOT NULL
2026-08-05 20:44:28.794 +05:30 [INF] Microsoft.EntityFrameworkCore.Database.Command Executed DbCommand (0ms) [Parameters=[@__tourId_0='?' (DbType = Int32)], CommandType='"Text"', CommandTimeout='30']
SELECT `t`.`tour_id`, `t`.`add_ons`, `t`.`category_id`, `t`.`days`, `t`.`description`, `t`.`destination`, `t`.`do_and_dont`, `t`.`location`, `t`.`nights`, `t`.`passport_and_visa`, `t`.`price`, `t`.`stay_and_meals`, `t`.`subcat_id`, `t`.`tour_name`, `t`.`tour_type`, `t`.`weather`, `c`.`category_id`, `c`.`cat_code`, `c`.`cat_image_path`, `c`.`category_name`, `c`.`description`, `c`.`flag`, `c`.`parent_id`, `c`.`status`, `c`.`suitable_for`, `s`.`subcat_id`, `s`.`cat_id`, `s`.`flag`, `s`.`isactive`, `s`.`subcat_image_path`, `s`.`subcat_name`
FROM `tour` AS `t`
LEFT JOIN `category` AS `c` ON `t`.`category_id` = `c`.`category_id`
LEFT JOIN `sub_category_master` AS `s` ON `t`.`subcat_id` = `s`.`subcat_id`
WHERE `t`.`tour_id` = @__tourId_0
LIMIT 1
2026-08-05 20:44:28.798 +05:30 [INF] Microsoft.EntityFrameworkCore.Database.Command Executed DbCommand (1ms) [Parameters=[@__tourId_0='?' (DbType = Int32)], CommandType='"Text"', CommandTimeout='30']
SELECT `i`.`itinerary_id` AS `ItineraryId`, `i`.`day_number` AS `DayNumber`, `i`.`description` AS `Description`, `i`.`location` AS `Location`
FROM `itinerary` AS `i`
WHERE `i`.`tour_id` = @__tourId_0
ORDER BY `i`.`day_number`
2026-08-05 20:44:28.801 +05:30 [INF] Microsoft.EntityFrameworkCore.Database.Command Executed DbCommand (0ms) [Parameters=[@__tourId_0='?' (DbType = Int32), @__today_1='?' (DbType = Date)], CommandType='"Text"', CommandTimeout='30']
SELECT `s`.`schedule_id` AS `ScheduleId`, `s`.`start_date` AS `StartDate`, `s`.`available_seats` AS `AvailableSeats`, `s`.`total_seats` AS `TotalSeats`, `s`.`status` AS `Status`
FROM `schedule` AS `s`
WHERE ((`s`.`tour_id` = @__tourId_0) AND `s`.`start_date` IS NOT NULL) AND (`s`.`start_date` >= @__today_1)
ORDER BY `s`.`start_date`
2026-08-05 20:44:28.805 +05:30 [INF] Microsoft.EntityFrameworkCore.Database.Command Executed DbCommand (0ms) [Parameters=[@__tourId_0='?' (DbType = Int32)], CommandType='"Text"', CommandTimeout='30']
SELECT `c`.`cost_id` AS `CostId`, `c`.`adult_price` AS `AdultPrice`, `c`.`single_person_price` AS `SinglePersonPrice`, `c`.`extra_person_price` AS `ExtraPersonPrice`, `c`.`child_with_bed_price` AS `ChildWithBedPrice`, `c`.`child_without_bed_price` AS `ChildWithoutBedPrice`, `c`.`valid_from` AS `ValidFrom`, `c`.`valid_to` AS `ValidTo`, `c`.`is_active` AS `IsActive`
FROM `cost` AS `c`
WHERE `c`.`tour_id` = @__tourId_0
2026-08-05 20:44:28.807 +05:30 [INF] Microsoft.EntityFrameworkCore.Database.Command Executed DbCommand (0ms) [Parameters=[@__tourId_0='?' (DbType = Int32)], CommandType='"Text"', CommandTimeout='30']
SELECT `t`.`image_id` AS `ImageId`, `t`.`source` AS `Source`, `t`.`image_title` AS `ImageTitle`, `t`.`is_primary` AS `IsPrimary`, `t`.`upload_date` AS `UploadDate`
FROM `tour_images` AS `t`
WHERE `t`.`tour_id` = @__tourId_0
2026-08-05 20:44:28.810 +05:30 [INF] Microsoft.EntityFrameworkCore.Database.Command Executed DbCommand (1ms) [Parameters=[@__tourId_0='?' (DbType = Int32)], CommandType='"Text"', CommandTimeout='30']
SELECT CAST(`r`.`rating` AS double)
FROM `review` AS `r`
WHERE (`r`.`tour_id` = @__tourId_0) AND `r`.`rating` IS NOT NULL
2026-08-05 20:44:28.814 +05:30 [INF] Microsoft.EntityFrameworkCore.Database.Command Executed DbCommand (0ms) [Parameters=[@__tourId_0='?' (DbType = Int32)], CommandType='"Text"', CommandTimeout='30']
SELECT `t`.`tour_id`, `t`.`add_ons`, `t`.`category_id`, `t`.`days`, `t`.`description`, `t`.`destination`, `t`.`do_and_dont`, `t`.`location`, `t`.`nights`, `t`.`passport_and_visa`, `t`.`price`, `t`.`stay_and_meals`, `t`.`subcat_id`, `t`.`tour_name`, `t`.`tour_type`, `t`.`weather`, `c`.`category_id`, `c`.`cat_code`, `c`.`cat_image_path`, `c`.`category_name`, `c`.`description`, `c`.`flag`, `c`.`parent_id`, `c`.`status`, `c`.`suitable_for`, `s`.`subcat_id`, `s`.`cat_id`, `s`.`flag`, `s`.`isactive`, `s`.`subcat_image_path`, `s`.`subcat_name`
FROM `tour` AS `t`
LEFT JOIN `category` AS `c` ON `t`.`category_id` = `c`.`category_id`
LEFT JOIN `sub_category_master` AS `s` ON `t`.`subcat_id` = `s`.`subcat_id`
WHERE `t`.`tour_id` = @__tourId_0
LIMIT 1
2026-08-05 20:44:28.817 +05:30 [INF] Microsoft.EntityFrameworkCore.Database.Command Executed DbCommand (0ms) [Parameters=[@__tourId_0='?' (DbType = Int32)], CommandType='"Text"', CommandTimeout='30']
SELECT `i`.`itinerary_id` AS `ItineraryId`, `i`.`day_number` AS `DayNumber`, `i`.`description` AS `Description`, `i`.`location` AS `Location`
FROM `itinerary` AS `i`
WHERE `i`.`tour_id` = @__tourId_0
ORDER BY `i`.`day_number`
2026-08-05 20:44:28.820 +05:30 [INF] Microsoft.EntityFrameworkCore.Database.Command Executed DbCommand (0ms) [Parameters=[@__tourId_0='?' (DbType = Int32), @__today_1='?' (DbType = Date)], CommandType='"Text"', CommandTimeout='30']
SELECT `s`.`schedule_id` AS `ScheduleId`, `s`.`start_date` AS `StartDate`, `s`.`available_seats` AS `AvailableSeats`, `s`.`total_seats` AS `TotalSeats`, `s`.`status` AS `Status`
FROM `schedule` AS `s`
WHERE ((`s`.`tour_id` = @__tourId_0) AND `s`.`start_date` IS NOT NULL) AND (`s`.`start_date` >= @__today_1)
ORDER BY `s`.`start_date`
2026-08-05 20:44:28.823 +05:30 [INF] Microsoft.EntityFrameworkCore.Database.Command Executed DbCommand (0ms) [Parameters=[@__tourId_0='?' (DbType = Int32)], CommandType='"Text"', CommandTimeout='30']
SELECT `c`.`cost_id` AS `CostId`, `c`.`adult_price` AS `AdultPrice`, `c`.`single_person_price` AS `SinglePersonPrice`, `c`.`extra_person_price` AS `ExtraPersonPrice`, `c`.`child_with_bed_price` AS `ChildWithBedPrice`, `c`.`child_without_bed_price` AS `ChildWithoutBedPrice`, `c`.`valid_from` AS `ValidFrom`, `c`.`valid_to` AS `ValidTo`, `c`.`is_active` AS `IsActive`
FROM `cost` AS `c`
WHERE `c`.`tour_id` = @__tourId_0
2026-08-05 20:44:28.827 +05:30 [INF] Microsoft.EntityFrameworkCore.Database.Command Executed DbCommand (0ms) [Parameters=[@__tourId_0='?' (DbType = Int32)], CommandType='"Text"', CommandTimeout='30']
SELECT `t`.`image_id` AS `ImageId`, `t`.`source` AS `Source`, `t`.`image_title` AS `ImageTitle`, `t`.`is_primary` AS `IsPrimary`, `t`.`upload_date` AS `UploadDate`
FROM `tour_images` AS `t`
WHERE `t`.`tour_id` = @__tourId_0
2026-08-05 20:44:28.830 +05:30 [INF] Microsoft.EntityFrameworkCore.Database.Command Executed DbCommand (1ms) [Parameters=[@__tourId_0='?' (DbType = Int32)], CommandType='"Text"', CommandTimeout='30']
SELECT CAST(`r`.`rating` AS double)
FROM `review` AS `r`
WHERE (`r`.`tour_id` = @__tourId_0) AND `r`.`rating` IS NOT NULL
2026-08-05 20:44:28.833 +05:30 [INF] Microsoft.EntityFrameworkCore.Database.Command Executed DbCommand (0ms) [Parameters=[@__tourId_0='?' (DbType = Int32)], CommandType='"Text"', CommandTimeout='30']
SELECT `t`.`tour_id`, `t`.`add_ons`, `t`.`category_id`, `t`.`days`, `t`.`description`, `t`.`destination`, `t`.`do_and_dont`, `t`.`location`, `t`.`nights`, `t`.`passport_and_visa`, `t`.`price`, `t`.`stay_and_meals`, `t`.`subcat_id`, `t`.`tour_name`, `t`.`tour_type`, `t`.`weather`, `c`.`category_id`, `c`.`cat_code`, `c`.`cat_image_path`, `c`.`category_name`, `c`.`description`, `c`.`flag`, `c`.`parent_id`, `c`.`status`, `c`.`suitable_for`, `s`.`subcat_id`, `s`.`cat_id`, `s`.`flag`, `s`.`isactive`, `s`.`subcat_image_path`, `s`.`subcat_name`
FROM `tour` AS `t`
LEFT JOIN `category` AS `c` ON `t`.`category_id` = `c`.`category_id`
LEFT JOIN `sub_category_master` AS `s` ON `t`.`subcat_id` = `s`.`subcat_id`
WHERE `t`.`tour_id` = @__tourId_0
LIMIT 1
2026-08-05 20:44:28.837 +05:30 [INF] Microsoft.EntityFrameworkCore.Database.Command Executed DbCommand (1ms) [Parameters=[@__tourId_0='?' (DbType = Int32)], CommandType='"Text"', CommandTimeout='30']
SELECT `i`.`itinerary_id` AS `ItineraryId`, `i`.`day_number` AS `DayNumber`, `i`.`description` AS `Description`, `i`.`location` AS `Location`
FROM `itinerary` AS `i`
WHERE `i`.`tour_id` = @__tourId_0
ORDER BY `i`.`day_number`
2026-08-05 20:44:28.842 +05:30 [INF] Microsoft.EntityFrameworkCore.Database.Command Executed DbCommand (0ms) [Parameters=[@__tourId_0='?' (DbType = Int32), @__today_1='?' (DbType = Date)], CommandType='"Text"', CommandTimeout='30']
SELECT `s`.`schedule_id` AS `ScheduleId`, `s`.`start_date` AS `StartDate`, `s`.`available_seats` AS `AvailableSeats`, `s`.`total_seats` AS `TotalSeats`, `s`.`status` AS `Status`
FROM `schedule` AS `s`
WHERE ((`s`.`tour_id` = @__tourId_0) AND `s`.`start_date` IS NOT NULL) AND (`s`.`start_date` >= @__today_1)
ORDER BY `s`.`start_date`
2026-08-05 20:44:28.846 +05:30 [INF] Microsoft.EntityFrameworkCore.Database.Command Executed DbCommand (1ms) [Parameters=[@__tourId_0='?' (DbType = Int32)], CommandType='"Text"', CommandTimeout='30']
SELECT `c`.`cost_id` AS `CostId`, `c`.`adult_price` AS `AdultPrice`, `c`.`single_person_price` AS `SinglePersonPrice`, `c`.`extra_person_price` AS `ExtraPersonPrice`, `c`.`child_with_bed_price` AS `ChildWithBedPrice`, `c`.`child_without_bed_price` AS `ChildWithoutBedPrice`, `c`.`valid_from` AS `ValidFrom`, `c`.`valid_to` AS `ValidTo`, `c`.`is_active` AS `IsActive`
FROM `cost` AS `c`
WHERE `c`.`tour_id` = @__tourId_0
2026-08-05 20:44:28.849 +05:30 [INF] Microsoft.EntityFrameworkCore.Database.Command Executed DbCommand (0ms) [Parameters=[@__tourId_0='?' (DbType = Int32)], CommandType='"Text"', CommandTimeout='30']
SELECT `t`.`image_id` AS `ImageId`, `t`.`source` AS `Source`, `t`.`image_title` AS `ImageTitle`, `t`.`is_primary` AS `IsPrimary`, `t`.`upload_date` AS `UploadDate`
FROM `tour_images` AS `t`
WHERE `t`.`tour_id` = @__tourId_0
2026-08-05 20:44:28.853 +05:30 [INF] Microsoft.EntityFrameworkCore.Database.Command Executed DbCommand (1ms) [Parameters=[@__tourId_0='?' (DbType = Int32)], CommandType='"Text"', CommandTimeout='30']
SELECT CAST(`r`.`rating` AS double)
FROM `review` AS `r`
WHERE (`r`.`tour_id` = @__tourId_0) AND `r`.`rating` IS NOT NULL
2026-08-05 20:44:28.856 +05:30 [INF] Microsoft.EntityFrameworkCore.Database.Command Executed DbCommand (0ms) [Parameters=[@__tourId_0='?' (DbType = Int32)], CommandType='"Text"', CommandTimeout='30']
SELECT `t`.`tour_id`, `t`.`add_ons`, `t`.`category_id`, `t`.`days`, `t`.`description`, `t`.`destination`, `t`.`do_and_dont`, `t`.`location`, `t`.`nights`, `t`.`passport_and_visa`, `t`.`price`, `t`.`stay_and_meals`, `t`.`subcat_id`, `t`.`tour_name`, `t`.`tour_type`, `t`.`weather`, `c`.`category_id`, `c`.`cat_code`, `c`.`cat_image_path`, `c`.`category_name`, `c`.`description`, `c`.`flag`, `c`.`parent_id`, `c`.`status`, `c`.`suitable_for`, `s`.`subcat_id`, `s`.`cat_id`, `s`.`flag`, `s`.`isactive`, `s`.`subcat_image_path`, `s`.`subcat_name`
FROM `tour` AS `t`
LEFT JOIN `category` AS `c` ON `t`.`category_id` = `c`.`category_id`
LEFT JOIN `sub_category_master` AS `s` ON `t`.`subcat_id` = `s`.`subcat_id`
WHERE `t`.`tour_id` = @__tourId_0
LIMIT 1
2026-08-05 20:44:28.859 +05:30 [INF] Microsoft.EntityFrameworkCore.Database.Command Executed DbCommand (1ms) [Parameters=[@__tourId_0='?' (DbType = Int32)], CommandType='"Text"', CommandTimeout='30']
SELECT `i`.`itinerary_id` AS `ItineraryId`, `i`.`day_number` AS `DayNumber`, `i`.`description` AS `Description`, `i`.`location` AS `Location`
FROM `itinerary` AS `i`
WHERE `i`.`tour_id` = @__tourId_0
ORDER BY `i`.`day_number`
2026-08-05 20:44:28.863 +05:30 [INF] Microsoft.EntityFrameworkCore.Database.Command Executed DbCommand (0ms) [Parameters=[@__tourId_0='?' (DbType = Int32), @__today_1='?' (DbType = Date)], CommandType='"Text"', CommandTimeout='30']
SELECT `s`.`schedule_id` AS `ScheduleId`, `s`.`start_date` AS `StartDate`, `s`.`available_seats` AS `AvailableSeats`, `s`.`total_seats` AS `TotalSeats`, `s`.`status` AS `Status`
FROM `schedule` AS `s`
WHERE ((`s`.`tour_id` = @__tourId_0) AND `s`.`start_date` IS NOT NULL) AND (`s`.`start_date` >= @__today_1)
ORDER BY `s`.`start_date`
2026-08-05 20:44:28.866 +05:30 [INF] Microsoft.EntityFrameworkCore.Database.Command Executed DbCommand (0ms) [Parameters=[@__tourId_0='?' (DbType = Int32)], CommandType='"Text"', CommandTimeout='30']
SELECT `c`.`cost_id` AS `CostId`, `c`.`adult_price` AS `AdultPrice`, `c`.`single_person_price` AS `SinglePersonPrice`, `c`.`extra_person_price` AS `ExtraPersonPrice`, `c`.`child_with_bed_price` AS `ChildWithBedPrice`, `c`.`child_without_bed_price` AS `ChildWithoutBedPrice`, `c`.`valid_from` AS `ValidFrom`, `c`.`valid_to` AS `ValidTo`, `c`.`is_active` AS `IsActive`
FROM `cost` AS `c`
WHERE `c`.`tour_id` = @__tourId_0
2026-08-05 20:44:28.869 +05:30 [INF] Microsoft.EntityFrameworkCore.Database.Command Executed DbCommand (0ms) [Parameters=[@__tourId_0='?' (DbType = Int32)], CommandType='"Text"', CommandTimeout='30']
SELECT `t`.`image_id` AS `ImageId`, `t`.`source` AS `Source`, `t`.`image_title` AS `ImageTitle`, `t`.`is_primary` AS `IsPrimary`, `t`.`upload_date` AS `UploadDate`
FROM `tour_images` AS `t`
WHERE `t`.`tour_id` = @__tourId_0
2026-08-05 20:44:28.872 +05:30 [INF] Microsoft.EntityFrameworkCore.Database.Command Executed DbCommand (1ms) [Parameters=[@__tourId_0='?' (DbType = Int32)], CommandType='"Text"', CommandTimeout='30']
SELECT CAST(`r`.`rating` AS double)
FROM `review` AS `r`
WHERE (`r`.`tour_id` = @__tourId_0) AND `r`.`rating` IS NOT NULL
2026-08-05 20:44:28.878 +05:30 [INF] Microsoft.EntityFrameworkCore.Database.Command Executed DbCommand (1ms) [Parameters=[@__tourId_0='?' (DbType = Int32)], CommandType='"Text"', CommandTimeout='30']
SELECT `t`.`tour_id`, `t`.`add_ons`, `t`.`category_id`, `t`.`days`, `t`.`description`, `t`.`destination`, `t`.`do_and_dont`, `t`.`location`, `t`.`nights`, `t`.`passport_and_visa`, `t`.`price`, `t`.`stay_and_meals`, `t`.`subcat_id`, `t`.`tour_name`, `t`.`tour_type`, `t`.`weather`, `c`.`category_id`, `c`.`cat_code`, `c`.`cat_image_path`, `c`.`category_name`, `c`.`description`, `c`.`flag`, `c`.`parent_id`, `c`.`status`, `c`.`suitable_for`, `s`.`subcat_id`, `s`.`cat_id`, `s`.`flag`, `s`.`isactive`, `s`.`subcat_image_path`, `s`.`subcat_name`
FROM `tour` AS `t`
LEFT JOIN `category` AS `c` ON `t`.`category_id` = `c`.`category_id`
LEFT JOIN `sub_category_master` AS `s` ON `t`.`subcat_id` = `s`.`subcat_id`
WHERE `t`.`tour_id` = @__tourId_0
LIMIT 1
2026-08-05 20:44:28.905 +05:30 [INF] Microsoft.EntityFrameworkCore.Database.Command Executed DbCommand (21ms) [Parameters=[@__tourId_0='?' (DbType = Int32)], CommandType='"Text"', CommandTimeout='30']
SELECT `i`.`itinerary_id` AS `ItineraryId`, `i`.`day_number` AS `DayNumber`, `i`.`description` AS `Description`, `i`.`location` AS `Location`
FROM `itinerary` AS `i`
WHERE `i`.`tour_id` = @__tourId_0
ORDER BY `i`.`day_number`
2026-08-05 20:44:28.979 +05:30 [INF] Microsoft.EntityFrameworkCore.Database.Command Executed DbCommand (1ms) [Parameters=[@__tourId_0='?' (DbType = Int32), @__today_1='?' (DbType = Date)], CommandType='"Text"', CommandTimeout='30']
SELECT `s`.`schedule_id` AS `ScheduleId`, `s`.`start_date` AS `StartDate`, `s`.`available_seats` AS `AvailableSeats`, `s`.`total_seats` AS `TotalSeats`, `s`.`status` AS `Status`
FROM `schedule` AS `s`
WHERE ((`s`.`tour_id` = @__tourId_0) AND `s`.`start_date` IS NOT NULL) AND (`s`.`start_date` >= @__today_1)
ORDER BY `s`.`start_date`
2026-08-05 20:44:28.985 +05:30 [INF] Microsoft.EntityFrameworkCore.Database.Command Executed DbCommand (1ms) [Parameters=[@__tourId_0='?' (DbType = Int32)], CommandType='"Text"', CommandTimeout='30']
SELECT `c`.`cost_id` AS `CostId`, `c`.`adult_price` AS `AdultPrice`, `c`.`single_person_price` AS `SinglePersonPrice`, `c`.`extra_person_price` AS `ExtraPersonPrice`, `c`.`child_with_bed_price` AS `ChildWithBedPrice`, `c`.`child_without_bed_price` AS `ChildWithoutBedPrice`, `c`.`valid_from` AS `ValidFrom`, `c`.`valid_to` AS `ValidTo`, `c`.`is_active` AS `IsActive`
FROM `cost` AS `c`
WHERE `c`.`tour_id` = @__tourId_0
2026-08-05 20:44:28.990 +05:30 [INF] Microsoft.EntityFrameworkCore.Database.Command Executed DbCommand (1ms) [Parameters=[@__tourId_0='?' (DbType = Int32)], CommandType='"Text"', CommandTimeout='30']
SELECT `t`.`image_id` AS `ImageId`, `t`.`source` AS `Source`, `t`.`image_title` AS `ImageTitle`, `t`.`is_primary` AS `IsPrimary`, `t`.`upload_date` AS `UploadDate`
FROM `tour_images` AS `t`
WHERE `t`.`tour_id` = @__tourId_0
2026-08-05 20:44:28.995 +05:30 [INF] Microsoft.EntityFrameworkCore.Database.Command Executed DbCommand (1ms) [Parameters=[@__tourId_0='?' (DbType = Int32)], CommandType='"Text"', CommandTimeout='30']
SELECT CAST(`r`.`rating` AS double)
FROM `review` AS `r`
WHERE (`r`.`tour_id` = @__tourId_0) AND `r`.`rating` IS NOT NULL
2026-08-05 20:44:29.000 +05:30 [INF] Microsoft.EntityFrameworkCore.Database.Command Executed DbCommand (1ms) [Parameters=[@__tourId_0='?' (DbType = Int32)], CommandType='"Text"', CommandTimeout='30']
SELECT `t`.`tour_id`, `t`.`add_ons`, `t`.`category_id`, `t`.`days`, `t`.`description`, `t`.`destination`, `t`.`do_and_dont`, `t`.`location`, `t`.`nights`, `t`.`passport_and_visa`, `t`.`price`, `t`.`stay_and_meals`, `t`.`subcat_id`, `t`.`tour_name`, `t`.`tour_type`, `t`.`weather`, `c`.`category_id`, `c`.`cat_code`, `c`.`cat_image_path`, `c`.`category_name`, `c`.`description`, `c`.`flag`, `c`.`parent_id`, `c`.`status`, `c`.`suitable_for`, `s`.`subcat_id`, `s`.`cat_id`, `s`.`flag`, `s`.`isactive`, `s`.`subcat_image_path`, `s`.`subcat_name`
FROM `tour` AS `t`
LEFT JOIN `category` AS `c` ON `t`.`category_id` = `c`.`category_id`
LEFT JOIN `sub_category_master` AS `s` ON `t`.`subcat_id` = `s`.`subcat_id`
WHERE `t`.`tour_id` = @__tourId_0
LIMIT 1
2026-08-05 20:44:29.005 +05:30 [INF] Microsoft.EntityFrameworkCore.Database.Command Executed DbCommand (1ms) [Parameters=[@__tourId_0='?' (DbType = Int32)], CommandType='"Text"', CommandTimeout='30']
SELECT `i`.`itinerary_id` AS `ItineraryId`, `i`.`day_number` AS `DayNumber`, `i`.`description` AS `Description`, `i`.`location` AS `Location`
FROM `itinerary` AS `i`
WHERE `i`.`tour_id` = @__tourId_0
ORDER BY `i`.`day_number`
2026-08-05 20:44:29.010 +05:30 [INF] Microsoft.EntityFrameworkCore.Database.Command Executed DbCommand (1ms) [Parameters=[@__tourId_0='?' (DbType = Int32), @__today_1='?' (DbType = Date)], CommandType='"Text"', CommandTimeout='30']
SELECT `s`.`schedule_id` AS `ScheduleId`, `s`.`start_date` AS `StartDate`, `s`.`available_seats` AS `AvailableSeats`, `s`.`total_seats` AS `TotalSeats`, `s`.`status` AS `Status`
FROM `schedule` AS `s`
WHERE ((`s`.`tour_id` = @__tourId_0) AND `s`.`start_date` IS NOT NULL) AND (`s`.`start_date` >= @__today_1)
ORDER BY `s`.`start_date`
2026-08-05 20:44:29.015 +05:30 [INF] Microsoft.EntityFrameworkCore.Database.Command Executed DbCommand (0ms) [Parameters=[@__tourId_0='?' (DbType = Int32)], CommandType='"Text"', CommandTimeout='30']
SELECT `c`.`cost_id` AS `CostId`, `c`.`adult_price` AS `AdultPrice`, `c`.`single_person_price` AS `SinglePersonPrice`, `c`.`extra_person_price` AS `ExtraPersonPrice`, `c`.`child_with_bed_price` AS `ChildWithBedPrice`, `c`.`child_without_bed_price` AS `ChildWithoutBedPrice`, `c`.`valid_from` AS `ValidFrom`, `c`.`valid_to` AS `ValidTo`, `c`.`is_active` AS `IsActive`
FROM `cost` AS `c`
WHERE `c`.`tour_id` = @__tourId_0
2026-08-05 20:44:29.020 +05:30 [INF] Microsoft.EntityFrameworkCore.Database.Command Executed DbCommand (1ms) [Parameters=[@__tourId_0='?' (DbType = Int32)], CommandType='"Text"', CommandTimeout='30']
SELECT `t`.`image_id` AS `ImageId`, `t`.`source` AS `Source`, `t`.`image_title` AS `ImageTitle`, `t`.`is_primary` AS `IsPrimary`, `t`.`upload_date` AS `UploadDate`
FROM `tour_images` AS `t`
WHERE `t`.`tour_id` = @__tourId_0
2026-08-05 20:44:29.024 +05:30 [INF] Microsoft.EntityFrameworkCore.Database.Command Executed DbCommand (1ms) [Parameters=[@__tourId_0='?' (DbType = Int32)], CommandType='"Text"', CommandTimeout='30']
SELECT CAST(`r`.`rating` AS double)
FROM `review` AS `r`
WHERE (`r`.`tour_id` = @__tourId_0) AND `r`.`rating` IS NOT NULL
2026-08-05 20:44:29.028 +05:30 [INF] Microsoft.EntityFrameworkCore.Database.Command Executed DbCommand (1ms) [Parameters=[@__tourId_0='?' (DbType = Int32)], CommandType='"Text"', CommandTimeout='30']
SELECT `t`.`tour_id`, `t`.`add_ons`, `t`.`category_id`, `t`.`days`, `t`.`description`, `t`.`destination`, `t`.`do_and_dont`, `t`.`location`, `t`.`nights`, `t`.`passport_and_visa`, `t`.`price`, `t`.`stay_and_meals`, `t`.`subcat_id`, `t`.`tour_name`, `t`.`tour_type`, `t`.`weather`, `c`.`category_id`, `c`.`cat_code`, `c`.`cat_image_path`, `c`.`category_name`, `c`.`description`, `c`.`flag`, `c`.`parent_id`, `c`.`status`, `c`.`suitable_for`, `s`.`subcat_id`, `s`.`cat_id`, `s`.`flag`, `s`.`isactive`, `s`.`subcat_image_path`, `s`.`subcat_name`
FROM `tour` AS `t`
LEFT JOIN `category` AS `c` ON `t`.`category_id` = `c`.`category_id`
LEFT JOIN `sub_category_master` AS `s` ON `t`.`subcat_id` = `s`.`subcat_id`
WHERE `t`.`tour_id` = @__tourId_0
LIMIT 1
2026-08-05 20:44:29.033 +05:30 [INF] Microsoft.EntityFrameworkCore.Database.Command Executed DbCommand (1ms) [Parameters=[@__tourId_0='?' (DbType = Int32)], CommandType='"Text"', CommandTimeout='30']
SELECT `i`.`itinerary_id` AS `ItineraryId`, `i`.`day_number` AS `DayNumber`, `i`.`description` AS `Description`, `i`.`location` AS `Location`
FROM `itinerary` AS `i`
WHERE `i`.`tour_id` = @__tourId_0
ORDER BY `i`.`day_number`
2026-08-05 20:44:29.037 +05:30 [INF] Microsoft.EntityFrameworkCore.Database.Command Executed DbCommand (0ms) [Parameters=[@__tourId_0='?' (DbType = Int32), @__today_1='?' (DbType = Date)], CommandType='"Text"', CommandTimeout='30']
SELECT `s`.`schedule_id` AS `ScheduleId`, `s`.`start_date` AS `StartDate`, `s`.`available_seats` AS `AvailableSeats`, `s`.`total_seats` AS `TotalSeats`, `s`.`status` AS `Status`
FROM `schedule` AS `s`
WHERE ((`s`.`tour_id` = @__tourId_0) AND `s`.`start_date` IS NOT NULL) AND (`s`.`start_date` >= @__today_1)
ORDER BY `s`.`start_date`
2026-08-05 20:44:29.041 +05:30 [INF] Microsoft.EntityFrameworkCore.Database.Command Executed DbCommand (0ms) [Parameters=[@__tourId_0='?' (DbType = Int32)], CommandType='"Text"', CommandTimeout='30']
SELECT `c`.`cost_id` AS `CostId`, `c`.`adult_price` AS `AdultPrice`, `c`.`single_person_price` AS `SinglePersonPrice`, `c`.`extra_person_price` AS `ExtraPersonPrice`, `c`.`child_with_bed_price` AS `ChildWithBedPrice`, `c`.`child_without_bed_price` AS `ChildWithoutBedPrice`, `c`.`valid_from` AS `ValidFrom`, `c`.`valid_to` AS `ValidTo`, `c`.`is_active` AS `IsActive`
FROM `cost` AS `c`
WHERE `c`.`tour_id` = @__tourId_0
2026-08-05 20:44:29.045 +05:30 [INF] Microsoft.EntityFrameworkCore.Database.Command Executed DbCommand (1ms) [Parameters=[@__tourId_0='?' (DbType = Int32)], CommandType='"Text"', CommandTimeout='30']
SELECT `t`.`image_id` AS `ImageId`, `t`.`source` AS `Source`, `t`.`image_title` AS `ImageTitle`, `t`.`is_primary` AS `IsPrimary`, `t`.`upload_date` AS `UploadDate`
FROM `tour_images` AS `t`
WHERE `t`.`tour_id` = @__tourId_0
2026-08-05 20:44:29.049 +05:30 [INF] Microsoft.EntityFrameworkCore.Database.Command Executed DbCommand (1ms) [Parameters=[@__tourId_0='?' (DbType = Int32)], CommandType='"Text"', CommandTimeout='30']
SELECT CAST(`r`.`rating` AS double)
FROM `review` AS `r`
WHERE (`r`.`tour_id` = @__tourId_0) AND `r`.`rating` IS NOT NULL
2026-08-05 20:44:29.053 +05:30 [INF] Microsoft.EntityFrameworkCore.Database.Command Executed DbCommand (1ms) [Parameters=[@__tourId_0='?' (DbType = Int32)], CommandType='"Text"', CommandTimeout='30']
SELECT `t`.`tour_id`, `t`.`add_ons`, `t`.`category_id`, `t`.`days`, `t`.`description`, `t`.`destination`, `t`.`do_and_dont`, `t`.`location`, `t`.`nights`, `t`.`passport_and_visa`, `t`.`price`, `t`.`stay_and_meals`, `t`.`subcat_id`, `t`.`tour_name`, `t`.`tour_type`, `t`.`weather`, `c`.`category_id`, `c`.`cat_code`, `c`.`cat_image_path`, `c`.`category_name`, `c`.`description`, `c`.`flag`, `c`.`parent_id`, `c`.`status`, `c`.`suitable_for`, `s`.`subcat_id`, `s`.`cat_id`, `s`.`flag`, `s`.`isactive`, `s`.`subcat_image_path`, `s`.`subcat_name`
FROM `tour` AS `t`
LEFT JOIN `category` AS `c` ON `t`.`category_id` = `c`.`category_id`
LEFT JOIN `sub_category_master` AS `s` ON `t`.`subcat_id` = `s`.`subcat_id`
WHERE `t`.`tour_id` = @__tourId_0
LIMIT 1
2026-08-05 20:44:29.057 +05:30 [INF] Microsoft.EntityFrameworkCore.Database.Command Executed DbCommand (0ms) [Parameters=[@__tourId_0='?' (DbType = Int32)], CommandType='"Text"', CommandTimeout='30']
SELECT `i`.`itinerary_id` AS `ItineraryId`, `i`.`day_number` AS `DayNumber`, `i`.`description` AS `Description`, `i`.`location` AS `Location`
FROM `itinerary` AS `i`
WHERE `i`.`tour_id` = @__tourId_0
ORDER BY `i`.`day_number`
2026-08-05 20:44:29.061 +05:30 [INF] Microsoft.EntityFrameworkCore.Database.Command Executed DbCommand (1ms) [Parameters=[@__tourId_0='?' (DbType = Int32), @__today_1='?' (DbType = Date)], CommandType='"Text"', CommandTimeout='30']
SELECT `s`.`schedule_id` AS `ScheduleId`, `s`.`start_date` AS `StartDate`, `s`.`available_seats` AS `AvailableSeats`, `s`.`total_seats` AS `TotalSeats`, `s`.`status` AS `Status`
FROM `schedule` AS `s`
WHERE ((`s`.`tour_id` = @__tourId_0) AND `s`.`start_date` IS NOT NULL) AND (`s`.`start_date` >= @__today_1)
ORDER BY `s`.`start_date`
2026-08-05 20:44:29.065 +05:30 [INF] Microsoft.EntityFrameworkCore.Database.Command Executed DbCommand (0ms) [Parameters=[@__tourId_0='?' (DbType = Int32)], CommandType='"Text"', CommandTimeout='30']
SELECT `c`.`cost_id` AS `CostId`, `c`.`adult_price` AS `AdultPrice`, `c`.`single_person_price` AS `SinglePersonPrice`, `c`.`extra_person_price` AS `ExtraPersonPrice`, `c`.`child_with_bed_price` AS `ChildWithBedPrice`, `c`.`child_without_bed_price` AS `ChildWithoutBedPrice`, `c`.`valid_from` AS `ValidFrom`, `c`.`valid_to` AS `ValidTo`, `c`.`is_active` AS `IsActive`
FROM `cost` AS `c`
WHERE `c`.`tour_id` = @__tourId_0
2026-08-05 20:44:29.069 +05:30 [INF] Microsoft.EntityFrameworkCore.Database.Command Executed DbCommand (1ms) [Parameters=[@__tourId_0='?' (DbType = Int32)], CommandType='"Text"', CommandTimeout='30']
SELECT `t`.`image_id` AS `ImageId`, `t`.`source` AS `Source`, `t`.`image_title` AS `ImageTitle`, `t`.`is_primary` AS `IsPrimary`, `t`.`upload_date` AS `UploadDate`
FROM `tour_images` AS `t`
WHERE `t`.`tour_id` = @__tourId_0
2026-08-05 20:44:29.073 +05:30 [INF] Microsoft.EntityFrameworkCore.Database.Command Executed DbCommand (1ms) [Parameters=[@__tourId_0='?' (DbType = Int32)], CommandType='"Text"', CommandTimeout='30']
SELECT CAST(`r`.`rating` AS double)
FROM `review` AS `r`
WHERE (`r`.`tour_id` = @__tourId_0) AND `r`.`rating` IS NOT NULL
2026-08-05 20:44:29.077 +05:30 [INF] Microsoft.EntityFrameworkCore.Database.Command Executed DbCommand (1ms) [Parameters=[@__tourId_0='?' (DbType = Int32)], CommandType='"Text"', CommandTimeout='30']
SELECT `t`.`tour_id`, `t`.`add_ons`, `t`.`category_id`, `t`.`days`, `t`.`description`, `t`.`destination`, `t`.`do_and_dont`, `t`.`location`, `t`.`nights`, `t`.`passport_and_visa`, `t`.`price`, `t`.`stay_and_meals`, `t`.`subcat_id`, `t`.`tour_name`, `t`.`tour_type`, `t`.`weather`, `c`.`category_id`, `c`.`cat_code`, `c`.`cat_image_path`, `c`.`category_name`, `c`.`description`, `c`.`flag`, `c`.`parent_id`, `c`.`status`, `c`.`suitable_for`, `s`.`subcat_id`, `s`.`cat_id`, `s`.`flag`, `s`.`isactive`, `s`.`subcat_image_path`, `s`.`subcat_name`
FROM `tour` AS `t`
LEFT JOIN `category` AS `c` ON `t`.`category_id` = `c`.`category_id`
LEFT JOIN `sub_category_master` AS `s` ON `t`.`subcat_id` = `s`.`subcat_id`
WHERE `t`.`tour_id` = @__tourId_0
LIMIT 1
2026-08-05 20:44:29.081 +05:30 [INF] Microsoft.EntityFrameworkCore.Database.Command Executed DbCommand (1ms) [Parameters=[@__tourId_0='?' (DbType = Int32)], CommandType='"Text"', CommandTimeout='30']
SELECT `i`.`itinerary_id` AS `ItineraryId`, `i`.`day_number` AS `DayNumber`, `i`.`description` AS `Description`, `i`.`location` AS `Location`
FROM `itinerary` AS `i`
WHERE `i`.`tour_id` = @__tourId_0
ORDER BY `i`.`day_number`
2026-08-05 20:44:29.085 +05:30 [INF] Microsoft.EntityFrameworkCore.Database.Command Executed DbCommand (1ms) [Parameters=[@__tourId_0='?' (DbType = Int32), @__today_1='?' (DbType = Date)], CommandType='"Text"', CommandTimeout='30']
SELECT `s`.`schedule_id` AS `ScheduleId`, `s`.`start_date` AS `StartDate`, `s`.`available_seats` AS `AvailableSeats`, `s`.`total_seats` AS `TotalSeats`, `s`.`status` AS `Status`
FROM `schedule` AS `s`
WHERE ((`s`.`tour_id` = @__tourId_0) AND `s`.`start_date` IS NOT NULL) AND (`s`.`start_date` >= @__today_1)
ORDER BY `s`.`start_date`
2026-08-05 20:44:29.089 +05:30 [INF] Microsoft.EntityFrameworkCore.Database.Command Executed DbCommand (1ms) [Parameters=[@__tourId_0='?' (DbType = Int32)], CommandType='"Text"', CommandTimeout='30']
SELECT `c`.`cost_id` AS `CostId`, `c`.`adult_price` AS `AdultPrice`, `c`.`single_person_price` AS `SinglePersonPrice`, `c`.`extra_person_price` AS `ExtraPersonPrice`, `c`.`child_with_bed_price` AS `ChildWithBedPrice`, `c`.`child_without_bed_price` AS `ChildWithoutBedPrice`, `c`.`valid_from` AS `ValidFrom`, `c`.`valid_to` AS `ValidTo`, `c`.`is_active` AS `IsActive`
FROM `cost` AS `c`
WHERE `c`.`tour_id` = @__tourId_0
2026-08-05 20:44:29.094 +05:30 [INF] Microsoft.EntityFrameworkCore.Database.Command Executed DbCommand (1ms) [Parameters=[@__tourId_0='?' (DbType = Int32)], CommandType='"Text"', CommandTimeout='30']
SELECT `t`.`image_id` AS `ImageId`, `t`.`source` AS `Source`, `t`.`image_title` AS `ImageTitle`, `t`.`is_primary` AS `IsPrimary`, `t`.`upload_date` AS `UploadDate`
FROM `tour_images` AS `t`
WHERE `t`.`tour_id` = @__tourId_0
2026-08-05 20:44:29.097 +05:30 [INF] Microsoft.EntityFrameworkCore.Database.Command Executed DbCommand (0ms) [Parameters=[@__tourId_0='?' (DbType = Int32)], CommandType='"Text"', CommandTimeout='30']
SELECT CAST(`r`.`rating` AS double)
FROM `review` AS `r`
WHERE (`r`.`tour_id` = @__tourId_0) AND `r`.`rating` IS NOT NULL
2026-08-05 20:44:29.100 +05:30 [INF] Microsoft.EntityFrameworkCore.Database.Command Executed DbCommand (1ms) [Parameters=[@__tourId_0='?' (DbType = Int32)], CommandType='"Text"', CommandTimeout='30']
SELECT `t`.`tour_id`, `t`.`add_ons`, `t`.`category_id`, `t`.`days`, `t`.`description`, `t`.`destination`, `t`.`do_and_dont`, `t`.`location`, `t`.`nights`, `t`.`passport_and_visa`, `t`.`price`, `t`.`stay_and_meals`, `t`.`subcat_id`, `t`.`tour_name`, `t`.`tour_type`, `t`.`weather`, `c`.`category_id`, `c`.`cat_code`, `c`.`cat_image_path`, `c`.`category_name`, `c`.`description`, `c`.`flag`, `c`.`parent_id`, `c`.`status`, `c`.`suitable_for`, `s`.`subcat_id`, `s`.`cat_id`, `s`.`flag`, `s`.`isactive`, `s`.`subcat_image_path`, `s`.`subcat_name`
FROM `tour` AS `t`
LEFT JOIN `category` AS `c` ON `t`.`category_id` = `c`.`category_id`
LEFT JOIN `sub_category_master` AS `s` ON `t`.`subcat_id` = `s`.`subcat_id`
WHERE `t`.`tour_id` = @__tourId_0
LIMIT 1
2026-08-05 20:44:29.103 +05:30 [INF] Microsoft.EntityFrameworkCore.Database.Command Executed DbCommand (0ms) [Parameters=[@__tourId_0='?' (DbType = Int32)], CommandType='"Text"', CommandTimeout='30']
SELECT `i`.`itinerary_id` AS `ItineraryId`, `i`.`day_number` AS `DayNumber`, `i`.`description` AS `Description`, `i`.`location` AS `Location`
FROM `itinerary` AS `i`
WHERE `i`.`tour_id` = @__tourId_0
ORDER BY `i`.`day_number`
2026-08-05 20:44:29.106 +05:30 [INF] Microsoft.EntityFrameworkCore.Database.Command Executed DbCommand (0ms) [Parameters=[@__tourId_0='?' (DbType = Int32), @__today_1='?' (DbType = Date)], CommandType='"Text"', CommandTimeout='30']
SELECT `s`.`schedule_id` AS `ScheduleId`, `s`.`start_date` AS `StartDate`, `s`.`available_seats` AS `AvailableSeats`, `s`.`total_seats` AS `TotalSeats`, `s`.`status` AS `Status`
FROM `schedule` AS `s`
WHERE ((`s`.`tour_id` = @__tourId_0) AND `s`.`start_date` IS NOT NULL) AND (`s`.`start_date` >= @__today_1)
ORDER BY `s`.`start_date`
2026-08-05 20:44:29.111 +05:30 [INF] Microsoft.EntityFrameworkCore.Database.Command Executed DbCommand (0ms) [Parameters=[@__tourId_0='?' (DbType = Int32)], CommandType='"Text"', CommandTimeout='30']
SELECT `c`.`cost_id` AS `CostId`, `c`.`adult_price` AS `AdultPrice`, `c`.`single_person_price` AS `SinglePersonPrice`, `c`.`extra_person_price` AS `ExtraPersonPrice`, `c`.`child_with_bed_price` AS `ChildWithBedPrice`, `c`.`child_without_bed_price` AS `ChildWithoutBedPrice`, `c`.`valid_from` AS `ValidFrom`, `c`.`valid_to` AS `ValidTo`, `c`.`is_active` AS `IsActive`
FROM `cost` AS `c`
WHERE `c`.`tour_id` = @__tourId_0
2026-08-05 20:44:29.114 +05:30 [INF] Microsoft.EntityFrameworkCore.Database.Command Executed DbCommand (0ms) [Parameters=[@__tourId_0='?' (DbType = Int32)], CommandType='"Text"', CommandTimeout='30']
SELECT `t`.`image_id` AS `ImageId`, `t`.`source` AS `Source`, `t`.`image_title` AS `ImageTitle`, `t`.`is_primary` AS `IsPrimary`, `t`.`upload_date` AS `UploadDate`
FROM `tour_images` AS `t`
WHERE `t`.`tour_id` = @__tourId_0
2026-08-05 20:44:29.117 +05:30 [INF] Microsoft.EntityFrameworkCore.Database.Command Executed DbCommand (0ms) [Parameters=[@__tourId_0='?' (DbType = Int32)], CommandType='"Text"', CommandTimeout='30']
SELECT CAST(`r`.`rating` AS double)
FROM `review` AS `r`
WHERE (`r`.`tour_id` = @__tourId_0) AND `r`.`rating` IS NOT NULL
2026-08-05 20:44:29.120 +05:30 [INF] Microsoft.EntityFrameworkCore.Database.Command Executed DbCommand (0ms) [Parameters=[@__tourId_0='?' (DbType = Int32)], CommandType='"Text"', CommandTimeout='30']
SELECT `t`.`tour_id`, `t`.`add_ons`, `t`.`category_id`, `t`.`days`, `t`.`description`, `t`.`destination`, `t`.`do_and_dont`, `t`.`location`, `t`.`nights`, `t`.`passport_and_visa`, `t`.`price`, `t`.`stay_and_meals`, `t`.`subcat_id`, `t`.`tour_name`, `t`.`tour_type`, `t`.`weather`, `c`.`category_id`, `c`.`cat_code`, `c`.`cat_image_path`, `c`.`category_name`, `c`.`description`, `c`.`flag`, `c`.`parent_id`, `c`.`status`, `c`.`suitable_for`, `s`.`subcat_id`, `s`.`cat_id`, `s`.`flag`, `s`.`isactive`, `s`.`subcat_image_path`, `s`.`subcat_name`
FROM `tour` AS `t`
LEFT JOIN `category` AS `c` ON `t`.`category_id` = `c`.`category_id`
LEFT JOIN `sub_category_master` AS `s` ON `t`.`subcat_id` = `s`.`subcat_id`
WHERE `t`.`tour_id` = @__tourId_0
LIMIT 1
2026-08-05 20:44:29.124 +05:30 [INF] Microsoft.EntityFrameworkCore.Database.Command Executed DbCommand (0ms) [Parameters=[@__tourId_0='?' (DbType = Int32)], CommandType='"Text"', CommandTimeout='30']
SELECT `i`.`itinerary_id` AS `ItineraryId`, `i`.`day_number` AS `DayNumber`, `i`.`description` AS `Description`, `i`.`location` AS `Location`
FROM `itinerary` AS `i`
WHERE `i`.`tour_id` = @__tourId_0
ORDER BY `i`.`day_number`
2026-08-05 20:44:29.128 +05:30 [INF] Microsoft.EntityFrameworkCore.Database.Command Executed DbCommand (1ms) [Parameters=[@__tourId_0='?' (DbType = Int32), @__today_1='?' (DbType = Date)], CommandType='"Text"', CommandTimeout='30']
SELECT `s`.`schedule_id` AS `ScheduleId`, `s`.`start_date` AS `StartDate`, `s`.`available_seats` AS `AvailableSeats`, `s`.`total_seats` AS `TotalSeats`, `s`.`status` AS `Status`
FROM `schedule` AS `s`
WHERE ((`s`.`tour_id` = @__tourId_0) AND `s`.`start_date` IS NOT NULL) AND (`s`.`start_date` >= @__today_1)
ORDER BY `s`.`start_date`
2026-08-05 20:44:29.132 +05:30 [INF] Microsoft.EntityFrameworkCore.Database.Command Executed DbCommand (0ms) [Parameters=[@__tourId_0='?' (DbType = Int32)], CommandType='"Text"', CommandTimeout='30']
SELECT `c`.`cost_id` AS `CostId`, `c`.`adult_price` AS `AdultPrice`, `c`.`single_person_price` AS `SinglePersonPrice`, `c`.`extra_person_price` AS `ExtraPersonPrice`, `c`.`child_with_bed_price` AS `ChildWithBedPrice`, `c`.`child_without_bed_price` AS `ChildWithoutBedPrice`, `c`.`valid_from` AS `ValidFrom`, `c`.`valid_to` AS `ValidTo`, `c`.`is_active` AS `IsActive`
FROM `cost` AS `c`
WHERE `c`.`tour_id` = @__tourId_0
2026-08-05 20:44:29.135 +05:30 [INF] Microsoft.EntityFrameworkCore.Database.Command Executed DbCommand (1ms) [Parameters=[@__tourId_0='?' (DbType = Int32)], CommandType='"Text"', CommandTimeout='30']
SELECT `t`.`image_id` AS `ImageId`, `t`.`source` AS `Source`, `t`.`image_title` AS `ImageTitle`, `t`.`is_primary` AS `IsPrimary`, `t`.`upload_date` AS `UploadDate`
FROM `tour_images` AS `t`
WHERE `t`.`tour_id` = @__tourId_0
2026-08-05 20:44:29.139 +05:30 [INF] Microsoft.EntityFrameworkCore.Database.Command Executed DbCommand (1ms) [Parameters=[@__tourId_0='?' (DbType = Int32)], CommandType='"Text"', CommandTimeout='30']
SELECT CAST(`r`.`rating` AS double)
FROM `review` AS `r`
WHERE (`r`.`tour_id` = @__tourId_0) AND `r`.`rating` IS NOT NULL
2026-08-05 20:44:29.144 +05:30 [INF] Microsoft.EntityFrameworkCore.Database.Command Executed DbCommand (1ms) [Parameters=[@__tourId_0='?' (DbType = Int32)], CommandType='"Text"', CommandTimeout='30']
SELECT `t`.`tour_id`, `t`.`add_ons`, `t`.`category_id`, `t`.`days`, `t`.`description`, `t`.`destination`, `t`.`do_and_dont`, `t`.`location`, `t`.`nights`, `t`.`passport_and_visa`, `t`.`price`, `t`.`stay_and_meals`, `t`.`subcat_id`, `t`.`tour_name`, `t`.`tour_type`, `t`.`weather`, `c`.`category_id`, `c`.`cat_code`, `c`.`cat_image_path`, `c`.`category_name`, `c`.`description`, `c`.`flag`, `c`.`parent_id`, `c`.`status`, `c`.`suitable_for`, `s`.`subcat_id`, `s`.`cat_id`, `s`.`flag`, `s`.`isactive`, `s`.`subcat_image_path`, `s`.`subcat_name`
FROM `tour` AS `t`
LEFT JOIN `category` AS `c` ON `t`.`category_id` = `c`.`category_id`
LEFT JOIN `sub_category_master` AS `s` ON `t`.`subcat_id` = `s`.`subcat_id`
WHERE `t`.`tour_id` = @__tourId_0
LIMIT 1
2026-08-05 20:44:29.148 +05:30 [INF] Microsoft.EntityFrameworkCore.Database.Command Executed DbCommand (1ms) [Parameters=[@__tourId_0='?' (DbType = Int32)], CommandType='"Text"', CommandTimeout='30']
SELECT `i`.`itinerary_id` AS `ItineraryId`, `i`.`day_number` AS `DayNumber`, `i`.`description` AS `Description`, `i`.`location` AS `Location`
FROM `itinerary` AS `i`
WHERE `i`.`tour_id` = @__tourId_0
ORDER BY `i`.`day_number`
2026-08-05 20:44:29.153 +05:30 [INF] Microsoft.EntityFrameworkCore.Database.Command Executed DbCommand (1ms) [Parameters=[@__tourId_0='?' (DbType = Int32), @__today_1='?' (DbType = Date)], CommandType='"Text"', CommandTimeout='30']
SELECT `s`.`schedule_id` AS `ScheduleId`, `s`.`start_date` AS `StartDate`, `s`.`available_seats` AS `AvailableSeats`, `s`.`total_seats` AS `TotalSeats`, `s`.`status` AS `Status`
FROM `schedule` AS `s`
WHERE ((`s`.`tour_id` = @__tourId_0) AND `s`.`start_date` IS NOT NULL) AND (`s`.`start_date` >= @__today_1)
ORDER BY `s`.`start_date`
2026-08-05 20:44:29.157 +05:30 [INF] Microsoft.EntityFrameworkCore.Database.Command Executed DbCommand (1ms) [Parameters=[@__tourId_0='?' (DbType = Int32)], CommandType='"Text"', CommandTimeout='30']
SELECT `c`.`cost_id` AS `CostId`, `c`.`adult_price` AS `AdultPrice`, `c`.`single_person_price` AS `SinglePersonPrice`, `c`.`extra_person_price` AS `ExtraPersonPrice`, `c`.`child_with_bed_price` AS `ChildWithBedPrice`, `c`.`child_without_bed_price` AS `ChildWithoutBedPrice`, `c`.`valid_from` AS `ValidFrom`, `c`.`valid_to` AS `ValidTo`, `c`.`is_active` AS `IsActive`
FROM `cost` AS `c`
WHERE `c`.`tour_id` = @__tourId_0
2026-08-05 20:44:29.161 +05:30 [INF] Microsoft.EntityFrameworkCore.Database.Command Executed DbCommand (0ms) [Parameters=[@__tourId_0='?' (DbType = Int32)], CommandType='"Text"', CommandTimeout='30']
SELECT `t`.`image_id` AS `ImageId`, `t`.`source` AS `Source`, `t`.`image_title` AS `ImageTitle`, `t`.`is_primary` AS `IsPrimary`, `t`.`upload_date` AS `UploadDate`
FROM `tour_images` AS `t`
WHERE `t`.`tour_id` = @__tourId_0
2026-08-05 20:44:29.165 +05:30 [INF] Microsoft.EntityFrameworkCore.Database.Command Executed DbCommand (1ms) [Parameters=[@__tourId_0='?' (DbType = Int32)], CommandType='"Text"', CommandTimeout='30']
SELECT CAST(`r`.`rating` AS double)
FROM `review` AS `r`
WHERE (`r`.`tour_id` = @__tourId_0) AND `r`.`rating` IS NOT NULL
2026-08-05 20:44:29.168 +05:30 [INF] Microsoft.EntityFrameworkCore.Database.Command Executed DbCommand (1ms) [Parameters=[@__tourId_0='?' (DbType = Int32)], CommandType='"Text"', CommandTimeout='30']
SELECT `t`.`tour_id`, `t`.`add_ons`, `t`.`category_id`, `t`.`days`, `t`.`description`, `t`.`destination`, `t`.`do_and_dont`, `t`.`location`, `t`.`nights`, `t`.`passport_and_visa`, `t`.`price`, `t`.`stay_and_meals`, `t`.`subcat_id`, `t`.`tour_name`, `t`.`tour_type`, `t`.`weather`, `c`.`category_id`, `c`.`cat_code`, `c`.`cat_image_path`, `c`.`category_name`, `c`.`description`, `c`.`flag`, `c`.`parent_id`, `c`.`status`, `c`.`suitable_for`, `s`.`subcat_id`, `s`.`cat_id`, `s`.`flag`, `s`.`isactive`, `s`.`subcat_image_path`, `s`.`subcat_name`
FROM `tour` AS `t`
LEFT JOIN `category` AS `c` ON `t`.`category_id` = `c`.`category_id`
LEFT JOIN `sub_category_master` AS `s` ON `t`.`subcat_id` = `s`.`subcat_id`
WHERE `t`.`tour_id` = @__tourId_0
LIMIT 1
2026-08-05 20:44:29.174 +05:30 [INF] Microsoft.EntityFrameworkCore.Database.Command Executed DbCommand (1ms) [Parameters=[@__tourId_0='?' (DbType = Int32)], CommandType='"Text"', CommandTimeout='30']
SELECT `i`.`itinerary_id` AS `ItineraryId`, `i`.`day_number` AS `DayNumber`, `i`.`description` AS `Description`, `i`.`location` AS `Location`
FROM `itinerary` AS `i`
WHERE `i`.`tour_id` = @__tourId_0
ORDER BY `i`.`day_number`
2026-08-05 20:44:29.177 +05:30 [INF] Microsoft.EntityFrameworkCore.Database.Command Executed DbCommand (1ms) [Parameters=[@__tourId_0='?' (DbType = Int32), @__today_1='?' (DbType = Date)], CommandType='"Text"', CommandTimeout='30']
SELECT `s`.`schedule_id` AS `ScheduleId`, `s`.`start_date` AS `StartDate`, `s`.`available_seats` AS `AvailableSeats`, `s`.`total_seats` AS `TotalSeats`, `s`.`status` AS `Status`
FROM `schedule` AS `s`
WHERE ((`s`.`tour_id` = @__tourId_0) AND `s`.`start_date` IS NOT NULL) AND (`s`.`start_date` >= @__today_1)
ORDER BY `s`.`start_date`
2026-08-05 20:44:29.181 +05:30 [INF] Microsoft.EntityFrameworkCore.Database.Command Executed DbCommand (1ms) [Parameters=[@__tourId_0='?' (DbType = Int32)], CommandType='"Text"', CommandTimeout='30']
SELECT `c`.`cost_id` AS `CostId`, `c`.`adult_price` AS `AdultPrice`, `c`.`single_person_price` AS `SinglePersonPrice`, `c`.`extra_person_price` AS `ExtraPersonPrice`, `c`.`child_with_bed_price` AS `ChildWithBedPrice`, `c`.`child_without_bed_price` AS `ChildWithoutBedPrice`, `c`.`valid_from` AS `ValidFrom`, `c`.`valid_to` AS `ValidTo`, `c`.`is_active` AS `IsActive`
FROM `cost` AS `c`
WHERE `c`.`tour_id` = @__tourId_0
2026-08-05 20:44:29.186 +05:30 [INF] Microsoft.EntityFrameworkCore.Database.Command Executed DbCommand (1ms) [Parameters=[@__tourId_0='?' (DbType = Int32)], CommandType='"Text"', CommandTimeout='30']
SELECT `t`.`image_id` AS `ImageId`, `t`.`source` AS `Source`, `t`.`image_title` AS `ImageTitle`, `t`.`is_primary` AS `IsPrimary`, `t`.`upload_date` AS `UploadDate`
FROM `tour_images` AS `t`
WHERE `t`.`tour_id` = @__tourId_0
2026-08-05 20:44:29.189 +05:30 [INF] Microsoft.EntityFrameworkCore.Database.Command Executed DbCommand (0ms) [Parameters=[@__tourId_0='?' (DbType = Int32)], CommandType='"Text"', CommandTimeout='30']
SELECT CAST(`r`.`rating` AS double)
FROM `review` AS `r`
WHERE (`r`.`tour_id` = @__tourId_0) AND `r`.`rating` IS NOT NULL
2026-08-05 20:44:29.193 +05:30 [INF] Microsoft.EntityFrameworkCore.Database.Command Executed DbCommand (1ms) [Parameters=[@__tourId_0='?' (DbType = Int32)], CommandType='"Text"', CommandTimeout='30']
SELECT `t`.`tour_id`, `t`.`add_ons`, `t`.`category_id`, `t`.`days`, `t`.`description`, `t`.`destination`, `t`.`do_and_dont`, `t`.`location`, `t`.`nights`, `t`.`passport_and_visa`, `t`.`price`, `t`.`stay_and_meals`, `t`.`subcat_id`, `t`.`tour_name`, `t`.`tour_type`, `t`.`weather`, `c`.`category_id`, `c`.`cat_code`, `c`.`cat_image_path`, `c`.`category_name`, `c`.`description`, `c`.`flag`, `c`.`parent_id`, `c`.`status`, `c`.`suitable_for`, `s`.`subcat_id`, `s`.`cat_id`, `s`.`flag`, `s`.`isactive`, `s`.`subcat_image_path`, `s`.`subcat_name`
FROM `tour` AS `t`
LEFT JOIN `category` AS `c` ON `t`.`category_id` = `c`.`category_id`
LEFT JOIN `sub_category_master` AS `s` ON `t`.`subcat_id` = `s`.`subcat_id`
WHERE `t`.`tour_id` = @__tourId_0
LIMIT 1
2026-08-05 20:44:29.197 +05:30 [INF] Microsoft.EntityFrameworkCore.Database.Command Executed DbCommand (1ms) [Parameters=[@__tourId_0='?' (DbType = Int32)], CommandType='"Text"', CommandTimeout='30']
SELECT `i`.`itinerary_id` AS `ItineraryId`, `i`.`day_number` AS `DayNumber`, `i`.`description` AS `Description`, `i`.`location` AS `Location`
FROM `itinerary` AS `i`
WHERE `i`.`tour_id` = @__tourId_0
ORDER BY `i`.`day_number`
2026-08-05 20:44:29.201 +05:30 [INF] Microsoft.EntityFrameworkCore.Database.Command Executed DbCommand (1ms) [Parameters=[@__tourId_0='?' (DbType = Int32), @__today_1='?' (DbType = Date)], CommandType='"Text"', CommandTimeout='30']
SELECT `s`.`schedule_id` AS `ScheduleId`, `s`.`start_date` AS `StartDate`, `s`.`available_seats` AS `AvailableSeats`, `s`.`total_seats` AS `TotalSeats`, `s`.`status` AS `Status`
FROM `schedule` AS `s`
WHERE ((`s`.`tour_id` = @__tourId_0) AND `s`.`start_date` IS NOT NULL) AND (`s`.`start_date` >= @__today_1)
ORDER BY `s`.`start_date`
2026-08-05 20:44:29.205 +05:30 [INF] Microsoft.EntityFrameworkCore.Database.Command Executed DbCommand (1ms) [Parameters=[@__tourId_0='?' (DbType = Int32)], CommandType='"Text"', CommandTimeout='30']
SELECT `c`.`cost_id` AS `CostId`, `c`.`adult_price` AS `AdultPrice`, `c`.`single_person_price` AS `SinglePersonPrice`, `c`.`extra_person_price` AS `ExtraPersonPrice`, `c`.`child_with_bed_price` AS `ChildWithBedPrice`, `c`.`child_without_bed_price` AS `ChildWithoutBedPrice`, `c`.`valid_from` AS `ValidFrom`, `c`.`valid_to` AS `ValidTo`, `c`.`is_active` AS `IsActive`
FROM `cost` AS `c`
WHERE `c`.`tour_id` = @__tourId_0
2026-08-05 20:44:29.209 +05:30 [INF] Microsoft.EntityFrameworkCore.Database.Command Executed DbCommand (1ms) [Parameters=[@__tourId_0='?' (DbType = Int32)], CommandType='"Text"', CommandTimeout='30']
SELECT `t`.`image_id` AS `ImageId`, `t`.`source` AS `Source`, `t`.`image_title` AS `ImageTitle`, `t`.`is_primary` AS `IsPrimary`, `t`.`upload_date` AS `UploadDate`
FROM `tour_images` AS `t`
WHERE `t`.`tour_id` = @__tourId_0
2026-08-05 20:44:29.213 +05:30 [INF] Microsoft.EntityFrameworkCore.Database.Command Executed DbCommand (0ms) [Parameters=[@__tourId_0='?' (DbType = Int32)], CommandType='"Text"', CommandTimeout='30']
SELECT CAST(`r`.`rating` AS double)
FROM `review` AS `r`
WHERE (`r`.`tour_id` = @__tourId_0) AND `r`.`rating` IS NOT NULL
2026-08-05 20:44:29.216 +05:30 [INF] Microsoft.EntityFrameworkCore.Database.Command Executed DbCommand (1ms) [Parameters=[@__tourId_0='?' (DbType = Int32)], CommandType='"Text"', CommandTimeout='30']
SELECT `t`.`tour_id`, `t`.`add_ons`, `t`.`category_id`, `t`.`days`, `t`.`description`, `t`.`destination`, `t`.`do_and_dont`, `t`.`location`, `t`.`nights`, `t`.`passport_and_visa`, `t`.`price`, `t`.`stay_and_meals`, `t`.`subcat_id`, `t`.`tour_name`, `t`.`tour_type`, `t`.`weather`, `c`.`category_id`, `c`.`cat_code`, `c`.`cat_image_path`, `c`.`category_name`, `c`.`description`, `c`.`flag`, `c`.`parent_id`, `c`.`status`, `c`.`suitable_for`, `s`.`subcat_id`, `s`.`cat_id`, `s`.`flag`, `s`.`isactive`, `s`.`subcat_image_path`, `s`.`subcat_name`
FROM `tour` AS `t`
LEFT JOIN `category` AS `c` ON `t`.`category_id` = `c`.`category_id`
LEFT JOIN `sub_category_master` AS `s` ON `t`.`subcat_id` = `s`.`subcat_id`
WHERE `t`.`tour_id` = @__tourId_0
LIMIT 1
2026-08-05 20:44:29.220 +05:30 [INF] Microsoft.EntityFrameworkCore.Database.Command Executed DbCommand (1ms) [Parameters=[@__tourId_0='?' (DbType = Int32)], CommandType='"Text"', CommandTimeout='30']
SELECT `i`.`itinerary_id` AS `ItineraryId`, `i`.`day_number` AS `DayNumber`, `i`.`description` AS `Description`, `i`.`location` AS `Location`
FROM `itinerary` AS `i`
WHERE `i`.`tour_id` = @__tourId_0
ORDER BY `i`.`day_number`
2026-08-05 20:44:29.224 +05:30 [INF] Microsoft.EntityFrameworkCore.Database.Command Executed DbCommand (1ms) [Parameters=[@__tourId_0='?' (DbType = Int32), @__today_1='?' (DbType = Date)], CommandType='"Text"', CommandTimeout='30']
SELECT `s`.`schedule_id` AS `ScheduleId`, `s`.`start_date` AS `StartDate`, `s`.`available_seats` AS `AvailableSeats`, `s`.`total_seats` AS `TotalSeats`, `s`.`status` AS `Status`
FROM `schedule` AS `s`
WHERE ((`s`.`tour_id` = @__tourId_0) AND `s`.`start_date` IS NOT NULL) AND (`s`.`start_date` >= @__today_1)
ORDER BY `s`.`start_date`
2026-08-05 20:44:29.237 +05:30 [INF] Microsoft.EntityFrameworkCore.Database.Command Executed DbCommand (1ms) [Parameters=[@__tourId_0='?' (DbType = Int32)], CommandType='"Text"', CommandTimeout='30']
SELECT `c`.`cost_id` AS `CostId`, `c`.`adult_price` AS `AdultPrice`, `c`.`single_person_price` AS `SinglePersonPrice`, `c`.`extra_person_price` AS `ExtraPersonPrice`, `c`.`child_with_bed_price` AS `ChildWithBedPrice`, `c`.`child_without_bed_price` AS `ChildWithoutBedPrice`, `c`.`valid_from` AS `ValidFrom`, `c`.`valid_to` AS `ValidTo`, `c`.`is_active` AS `IsActive`
FROM `cost` AS `c`
WHERE `c`.`tour_id` = @__tourId_0
2026-08-05 20:44:29.241 +05:30 [INF] Microsoft.EntityFrameworkCore.Database.Command Executed DbCommand (0ms) [Parameters=[@__tourId_0='?' (DbType = Int32)], CommandType='"Text"', CommandTimeout='30']
SELECT `t`.`image_id` AS `ImageId`, `t`.`source` AS `Source`, `t`.`image_title` AS `ImageTitle`, `t`.`is_primary` AS `IsPrimary`, `t`.`upload_date` AS `UploadDate`
FROM `tour_images` AS `t`
WHERE `t`.`tour_id` = @__tourId_0
2026-08-05 20:44:29.244 +05:30 [INF] Microsoft.EntityFrameworkCore.Database.Command Executed DbCommand (0ms) [Parameters=[@__tourId_0='?' (DbType = Int32)], CommandType='"Text"', CommandTimeout='30']
SELECT CAST(`r`.`rating` AS double)
FROM `review` AS `r`
WHERE (`r`.`tour_id` = @__tourId_0) AND `r`.`rating` IS NOT NULL
2026-08-05 20:44:29.248 +05:30 [INF] Microsoft.EntityFrameworkCore.Database.Command Executed DbCommand (1ms) [Parameters=[@__tourId_0='?' (DbType = Int32)], CommandType='"Text"', CommandTimeout='30']
SELECT `t`.`tour_id`, `t`.`add_ons`, `t`.`category_id`, `t`.`days`, `t`.`description`, `t`.`destination`, `t`.`do_and_dont`, `t`.`location`, `t`.`nights`, `t`.`passport_and_visa`, `t`.`price`, `t`.`stay_and_meals`, `t`.`subcat_id`, `t`.`tour_name`, `t`.`tour_type`, `t`.`weather`, `c`.`category_id`, `c`.`cat_code`, `c`.`cat_image_path`, `c`.`category_name`, `c`.`description`, `c`.`flag`, `c`.`parent_id`, `c`.`status`, `c`.`suitable_for`, `s`.`subcat_id`, `s`.`cat_id`, `s`.`flag`, `s`.`isactive`, `s`.`subcat_image_path`, `s`.`subcat_name`
FROM `tour` AS `t`
LEFT JOIN `category` AS `c` ON `t`.`category_id` = `c`.`category_id`
LEFT JOIN `sub_category_master` AS `s` ON `t`.`subcat_id` = `s`.`subcat_id`
WHERE `t`.`tour_id` = @__tourId_0
LIMIT 1
2026-08-05 20:44:29.254 +05:30 [INF] Microsoft.EntityFrameworkCore.Database.Command Executed DbCommand (1ms) [Parameters=[@__tourId_0='?' (DbType = Int32)], CommandType='"Text"', CommandTimeout='30']
SELECT `i`.`itinerary_id` AS `ItineraryId`, `i`.`day_number` AS `DayNumber`, `i`.`description` AS `Description`, `i`.`location` AS `Location`
FROM `itinerary` AS `i`
WHERE `i`.`tour_id` = @__tourId_0
ORDER BY `i`.`day_number`
2026-08-05 20:44:29.258 +05:30 [INF] Microsoft.EntityFrameworkCore.Database.Command Executed DbCommand (1ms) [Parameters=[@__tourId_0='?' (DbType = Int32), @__today_1='?' (DbType = Date)], CommandType='"Text"', CommandTimeout='30']
SELECT `s`.`schedule_id` AS `ScheduleId`, `s`.`start_date` AS `StartDate`, `s`.`available_seats` AS `AvailableSeats`, `s`.`total_seats` AS `TotalSeats`, `s`.`status` AS `Status`
FROM `schedule` AS `s`
WHERE ((`s`.`tour_id` = @__tourId_0) AND `s`.`start_date` IS NOT NULL) AND (`s`.`start_date` >= @__today_1)
ORDER BY `s`.`start_date`
2026-08-05 20:44:29.266 +05:30 [INF] Microsoft.EntityFrameworkCore.Database.Command Executed DbCommand (0ms) [Parameters=[@__tourId_0='?' (DbType = Int32)], CommandType='"Text"', CommandTimeout='30']
SELECT `c`.`cost_id` AS `CostId`, `c`.`adult_price` AS `AdultPrice`, `c`.`single_person_price` AS `SinglePersonPrice`, `c`.`extra_person_price` AS `ExtraPersonPrice`, `c`.`child_with_bed_price` AS `ChildWithBedPrice`, `c`.`child_without_bed_price` AS `ChildWithoutBedPrice`, `c`.`valid_from` AS `ValidFrom`, `c`.`valid_to` AS `ValidTo`, `c`.`is_active` AS `IsActive`
FROM `cost` AS `c`
WHERE `c`.`tour_id` = @__tourId_0
2026-08-05 20:44:29.270 +05:30 [INF] Microsoft.EntityFrameworkCore.Database.Command Executed DbCommand (1ms) [Parameters=[@__tourId_0='?' (DbType = Int32)], CommandType='"Text"', CommandTimeout='30']
SELECT `t`.`image_id` AS `ImageId`, `t`.`source` AS `Source`, `t`.`image_title` AS `ImageTitle`, `t`.`is_primary` AS `IsPrimary`, `t`.`upload_date` AS `UploadDate`
FROM `tour_images` AS `t`
WHERE `t`.`tour_id` = @__tourId_0
2026-08-05 20:44:29.274 +05:30 [INF] Microsoft.EntityFrameworkCore.Database.Command Executed DbCommand (1ms) [Parameters=[@__tourId_0='?' (DbType = Int32)], CommandType='"Text"', CommandTimeout='30']
SELECT CAST(`r`.`rating` AS double)
FROM `review` AS `r`
WHERE (`r`.`tour_id` = @__tourId_0) AND `r`.`rating` IS NOT NULL
2026-08-05 20:44:29.279 +05:30 [INF] Microsoft.EntityFrameworkCore.Database.Command Executed DbCommand (1ms) [Parameters=[@__tourId_0='?' (DbType = Int32)], CommandType='"Text"', CommandTimeout='30']
SELECT `t`.`tour_id`, `t`.`add_ons`, `t`.`category_id`, `t`.`days`, `t`.`description`, `t`.`destination`, `t`.`do_and_dont`, `t`.`location`, `t`.`nights`, `t`.`passport_and_visa`, `t`.`price`, `t`.`stay_and_meals`, `t`.`subcat_id`, `t`.`tour_name`, `t`.`tour_type`, `t`.`weather`, `c`.`category_id`, `c`.`cat_code`, `c`.`cat_image_path`, `c`.`category_name`, `c`.`description`, `c`.`flag`, `c`.`parent_id`, `c`.`status`, `c`.`suitable_for`, `s`.`subcat_id`, `s`.`cat_id`, `s`.`flag`, `s`.`isactive`, `s`.`subcat_image_path`, `s`.`subcat_name`
FROM `tour` AS `t`
LEFT JOIN `category` AS `c` ON `t`.`category_id` = `c`.`category_id`
LEFT JOIN `sub_category_master` AS `s` ON `t`.`subcat_id` = `s`.`subcat_id`
WHERE `t`.`tour_id` = @__tourId_0
LIMIT 1
2026-08-05 20:44:29.284 +05:30 [INF] Microsoft.EntityFrameworkCore.Database.Command Executed DbCommand (1ms) [Parameters=[@__tourId_0='?' (DbType = Int32)], CommandType='"Text"', CommandTimeout='30']
SELECT `i`.`itinerary_id` AS `ItineraryId`, `i`.`day_number` AS `DayNumber`, `i`.`description` AS `Description`, `i`.`location` AS `Location`
FROM `itinerary` AS `i`
WHERE `i`.`tour_id` = @__tourId_0
ORDER BY `i`.`day_number`
2026-08-05 20:44:29.288 +05:30 [INF] Microsoft.EntityFrameworkCore.Database.Command Executed DbCommand (1ms) [Parameters=[@__tourId_0='?' (DbType = Int32), @__today_1='?' (DbType = Date)], CommandType='"Text"', CommandTimeout='30']
SELECT `s`.`schedule_id` AS `ScheduleId`, `s`.`start_date` AS `StartDate`, `s`.`available_seats` AS `AvailableSeats`, `s`.`total_seats` AS `TotalSeats`, `s`.`status` AS `Status`
FROM `schedule` AS `s`
WHERE ((`s`.`tour_id` = @__tourId_0) AND `s`.`start_date` IS NOT NULL) AND (`s`.`start_date` >= @__today_1)
ORDER BY `s`.`start_date`
2026-08-05 20:44:29.291 +05:30 [INF] Microsoft.EntityFrameworkCore.Database.Command Executed DbCommand (1ms) [Parameters=[@__tourId_0='?' (DbType = Int32)], CommandType='"Text"', CommandTimeout='30']
SELECT `c`.`cost_id` AS `CostId`, `c`.`adult_price` AS `AdultPrice`, `c`.`single_person_price` AS `SinglePersonPrice`, `c`.`extra_person_price` AS `ExtraPersonPrice`, `c`.`child_with_bed_price` AS `ChildWithBedPrice`, `c`.`child_without_bed_price` AS `ChildWithoutBedPrice`, `c`.`valid_from` AS `ValidFrom`, `c`.`valid_to` AS `ValidTo`, `c`.`is_active` AS `IsActive`
FROM `cost` AS `c`
WHERE `c`.`tour_id` = @__tourId_0
2026-08-05 20:44:29.295 +05:30 [INF] Microsoft.EntityFrameworkCore.Database.Command Executed DbCommand (1ms) [Parameters=[@__tourId_0='?' (DbType = Int32)], CommandType='"Text"', CommandTimeout='30']
SELECT `t`.`image_id` AS `ImageId`, `t`.`source` AS `Source`, `t`.`image_title` AS `ImageTitle`, `t`.`is_primary` AS `IsPrimary`, `t`.`upload_date` AS `UploadDate`
FROM `tour_images` AS `t`
WHERE `t`.`tour_id` = @__tourId_0
2026-08-05 20:44:29.299 +05:30 [INF] Microsoft.EntityFrameworkCore.Database.Command Executed DbCommand (1ms) [Parameters=[@__tourId_0='?' (DbType = Int32)], CommandType='"Text"', CommandTimeout='30']
SELECT CAST(`r`.`rating` AS double)
FROM `review` AS `r`
WHERE (`r`.`tour_id` = @__tourId_0) AND `r`.`rating` IS NOT NULL
2026-08-05 20:44:29.304 +05:30 [INF] Microsoft.EntityFrameworkCore.Database.Command Executed DbCommand (1ms) [Parameters=[@__tourId_0='?' (DbType = Int32)], CommandType='"Text"', CommandTimeout='30']
SELECT `t`.`tour_id`, `t`.`add_ons`, `t`.`category_id`, `t`.`days`, `t`.`description`, `t`.`destination`, `t`.`do_and_dont`, `t`.`location`, `t`.`nights`, `t`.`passport_and_visa`, `t`.`price`, `t`.`stay_and_meals`, `t`.`subcat_id`, `t`.`tour_name`, `t`.`tour_type`, `t`.`weather`, `c`.`category_id`, `c`.`cat_code`, `c`.`cat_image_path`, `c`.`category_name`, `c`.`description`, `c`.`flag`, `c`.`parent_id`, `c`.`status`, `c`.`suitable_for`, `s`.`subcat_id`, `s`.`cat_id`, `s`.`flag`, `s`.`isactive`, `s`.`subcat_image_path`, `s`.`subcat_name`
FROM `tour` AS `t`
LEFT JOIN `category` AS `c` ON `t`.`category_id` = `c`.`category_id`
LEFT JOIN `sub_category_master` AS `s` ON `t`.`subcat_id` = `s`.`subcat_id`
WHERE `t`.`tour_id` = @__tourId_0
LIMIT 1
2026-08-05 20:44:29.309 +05:30 [INF] Microsoft.EntityFrameworkCore.Database.Command Executed DbCommand (1ms) [Parameters=[@__tourId_0='?' (DbType = Int32)], CommandType='"Text"', CommandTimeout='30']
SELECT `i`.`itinerary_id` AS `ItineraryId`, `i`.`day_number` AS `DayNumber`, `i`.`description` AS `Description`, `i`.`location` AS `Location`
FROM `itinerary` AS `i`
WHERE `i`.`tour_id` = @__tourId_0
ORDER BY `i`.`day_number`
2026-08-05 20:44:29.314 +05:30 [INF] Microsoft.EntityFrameworkCore.Database.Command Executed DbCommand (1ms) [Parameters=[@__tourId_0='?' (DbType = Int32), @__today_1='?' (DbType = Date)], CommandType='"Text"', CommandTimeout='30']
SELECT `s`.`schedule_id` AS `ScheduleId`, `s`.`start_date` AS `StartDate`, `s`.`available_seats` AS `AvailableSeats`, `s`.`total_seats` AS `TotalSeats`, `s`.`status` AS `Status`
FROM `schedule` AS `s`
WHERE ((`s`.`tour_id` = @__tourId_0) AND `s`.`start_date` IS NOT NULL) AND (`s`.`start_date` >= @__today_1)
ORDER BY `s`.`start_date`
2026-08-05 20:44:29.320 +05:30 [INF] Microsoft.EntityFrameworkCore.Database.Command Executed DbCommand (1ms) [Parameters=[@__tourId_0='?' (DbType = Int32)], CommandType='"Text"', CommandTimeout='30']
SELECT `c`.`cost_id` AS `CostId`, `c`.`adult_price` AS `AdultPrice`, `c`.`single_person_price` AS `SinglePersonPrice`, `c`.`extra_person_price` AS `ExtraPersonPrice`, `c`.`child_with_bed_price` AS `ChildWithBedPrice`, `c`.`child_without_bed_price` AS `ChildWithoutBedPrice`, `c`.`valid_from` AS `ValidFrom`, `c`.`valid_to` AS `ValidTo`, `c`.`is_active` AS `IsActive`
FROM `cost` AS `c`
WHERE `c`.`tour_id` = @__tourId_0
2026-08-05 20:44:29.324 +05:30 [INF] Microsoft.EntityFrameworkCore.Database.Command Executed DbCommand (1ms) [Parameters=[@__tourId_0='?' (DbType = Int32)], CommandType='"Text"', CommandTimeout='30']
SELECT `t`.`image_id` AS `ImageId`, `t`.`source` AS `Source`, `t`.`image_title` AS `ImageTitle`, `t`.`is_primary` AS `IsPrimary`, `t`.`upload_date` AS `UploadDate`
FROM `tour_images` AS `t`
WHERE `t`.`tour_id` = @__tourId_0
2026-08-05 20:44:29.328 +05:30 [INF] Microsoft.EntityFrameworkCore.Database.Command Executed DbCommand (0ms) [Parameters=[@__tourId_0='?' (DbType = Int32)], CommandType='"Text"', CommandTimeout='30']
SELECT CAST(`r`.`rating` AS double)
FROM `review` AS `r`
WHERE (`r`.`tour_id` = @__tourId_0) AND `r`.`rating` IS NOT NULL
2026-08-05 20:44:29.332 +05:30 [INF] Microsoft.EntityFrameworkCore.Database.Command Executed DbCommand (1ms) [Parameters=[@__tourId_0='?' (DbType = Int32)], CommandType='"Text"', CommandTimeout='30']
SELECT `t`.`tour_id`, `t`.`add_ons`, `t`.`category_id`, `t`.`days`, `t`.`description`, `t`.`destination`, `t`.`do_and_dont`, `t`.`location`, `t`.`nights`, `t`.`passport_and_visa`, `t`.`price`, `t`.`stay_and_meals`, `t`.`subcat_id`, `t`.`tour_name`, `t`.`tour_type`, `t`.`weather`, `c`.`category_id`, `c`.`cat_code`, `c`.`cat_image_path`, `c`.`category_name`, `c`.`description`, `c`.`flag`, `c`.`parent_id`, `c`.`status`, `c`.`suitable_for`, `s`.`subcat_id`, `s`.`cat_id`, `s`.`flag`, `s`.`isactive`, `s`.`subcat_image_path`, `s`.`subcat_name`
FROM `tour` AS `t`
LEFT JOIN `category` AS `c` ON `t`.`category_id` = `c`.`category_id`
LEFT JOIN `sub_category_master` AS `s` ON `t`.`subcat_id` = `s`.`subcat_id`
WHERE `t`.`tour_id` = @__tourId_0
LIMIT 1
2026-08-05 20:44:29.336 +05:30 [INF] Microsoft.EntityFrameworkCore.Database.Command Executed DbCommand (0ms) [Parameters=[@__tourId_0='?' (DbType = Int32)], CommandType='"Text"', CommandTimeout='30']
SELECT `i`.`itinerary_id` AS `ItineraryId`, `i`.`day_number` AS `DayNumber`, `i`.`description` AS `Description`, `i`.`location` AS `Location`
FROM `itinerary` AS `i`
WHERE `i`.`tour_id` = @__tourId_0
ORDER BY `i`.`day_number`
2026-08-05 20:44:29.340 +05:30 [INF] Microsoft.EntityFrameworkCore.Database.Command Executed DbCommand (1ms) [Parameters=[@__tourId_0='?' (DbType = Int32), @__today_1='?' (DbType = Date)], CommandType='"Text"', CommandTimeout='30']
SELECT `s`.`schedule_id` AS `ScheduleId`, `s`.`start_date` AS `StartDate`, `s`.`available_seats` AS `AvailableSeats`, `s`.`total_seats` AS `TotalSeats`, `s`.`status` AS `Status`
FROM `schedule` AS `s`
WHERE ((`s`.`tour_id` = @__tourId_0) AND `s`.`start_date` IS NOT NULL) AND (`s`.`start_date` >= @__today_1)
ORDER BY `s`.`start_date`
2026-08-05 20:44:29.343 +05:30 [INF] Microsoft.EntityFrameworkCore.Database.Command Executed DbCommand (1ms) [Parameters=[@__tourId_0='?' (DbType = Int32)], CommandType='"Text"', CommandTimeout='30']
SELECT `c`.`cost_id` AS `CostId`, `c`.`adult_price` AS `AdultPrice`, `c`.`single_person_price` AS `SinglePersonPrice`, `c`.`extra_person_price` AS `ExtraPersonPrice`, `c`.`child_with_bed_price` AS `ChildWithBedPrice`, `c`.`child_without_bed_price` AS `ChildWithoutBedPrice`, `c`.`valid_from` AS `ValidFrom`, `c`.`valid_to` AS `ValidTo`, `c`.`is_active` AS `IsActive`
FROM `cost` AS `c`
WHERE `c`.`tour_id` = @__tourId_0
2026-08-05 20:44:29.347 +05:30 [INF] Microsoft.EntityFrameworkCore.Database.Command Executed DbCommand (0ms) [Parameters=[@__tourId_0='?' (DbType = Int32)], CommandType='"Text"', CommandTimeout='30']
SELECT `t`.`image_id` AS `ImageId`, `t`.`source` AS `Source`, `t`.`image_title` AS `ImageTitle`, `t`.`is_primary` AS `IsPrimary`, `t`.`upload_date` AS `UploadDate`
FROM `tour_images` AS `t`
WHERE `t`.`tour_id` = @__tourId_0
2026-08-05 20:44:29.350 +05:30 [INF] Microsoft.EntityFrameworkCore.Database.Command Executed DbCommand (1ms) [Parameters=[@__tourId_0='?' (DbType = Int32)], CommandType='"Text"', CommandTimeout='30']
SELECT CAST(`r`.`rating` AS double)
FROM `review` AS `r`
WHERE (`r`.`tour_id` = @__tourId_0) AND `r`.`rating` IS NOT NULL
2026-08-05 20:44:29.354 +05:30 [INF] Microsoft.EntityFrameworkCore.Database.Command Executed DbCommand (0ms) [Parameters=[@__tourId_0='?' (DbType = Int32)], CommandType='"Text"', CommandTimeout='30']
SELECT `t`.`tour_id`, `t`.`add_ons`, `t`.`category_id`, `t`.`days`, `t`.`description`, `t`.`destination`, `t`.`do_and_dont`, `t`.`location`, `t`.`nights`, `t`.`passport_and_visa`, `t`.`price`, `t`.`stay_and_meals`, `t`.`subcat_id`, `t`.`tour_name`, `t`.`tour_type`, `t`.`weather`, `c`.`category_id`, `c`.`cat_code`, `c`.`cat_image_path`, `c`.`category_name`, `c`.`description`, `c`.`flag`, `c`.`parent_id`, `c`.`status`, `c`.`suitable_for`, `s`.`subcat_id`, `s`.`cat_id`, `s`.`flag`, `s`.`isactive`, `s`.`subcat_image_path`, `s`.`subcat_name`
FROM `tour` AS `t`
LEFT JOIN `category` AS `c` ON `t`.`category_id` = `c`.`category_id`
LEFT JOIN `sub_category_master` AS `s` ON `t`.`subcat_id` = `s`.`subcat_id`
WHERE `t`.`tour_id` = @__tourId_0
LIMIT 1
2026-08-05 20:44:29.357 +05:30 [INF] Microsoft.EntityFrameworkCore.Database.Command Executed DbCommand (0ms) [Parameters=[@__tourId_0='?' (DbType = Int32)], CommandType='"Text"', CommandTimeout='30']
SELECT `i`.`itinerary_id` AS `ItineraryId`, `i`.`day_number` AS `DayNumber`, `i`.`description` AS `Description`, `i`.`location` AS `Location`
FROM `itinerary` AS `i`
WHERE `i`.`tour_id` = @__tourId_0
ORDER BY `i`.`day_number`
2026-08-05 20:44:29.360 +05:30 [INF] Microsoft.EntityFrameworkCore.Database.Command Executed DbCommand (1ms) [Parameters=[@__tourId_0='?' (DbType = Int32), @__today_1='?' (DbType = Date)], CommandType='"Text"', CommandTimeout='30']
SELECT `s`.`schedule_id` AS `ScheduleId`, `s`.`start_date` AS `StartDate`, `s`.`available_seats` AS `AvailableSeats`, `s`.`total_seats` AS `TotalSeats`, `s`.`status` AS `Status`
FROM `schedule` AS `s`
WHERE ((`s`.`tour_id` = @__tourId_0) AND `s`.`start_date` IS NOT NULL) AND (`s`.`start_date` >= @__today_1)
ORDER BY `s`.`start_date`
2026-08-05 20:44:29.363 +05:30 [INF] Microsoft.EntityFrameworkCore.Database.Command Executed DbCommand (0ms) [Parameters=[@__tourId_0='?' (DbType = Int32)], CommandType='"Text"', CommandTimeout='30']
SELECT `c`.`cost_id` AS `CostId`, `c`.`adult_price` AS `AdultPrice`, `c`.`single_person_price` AS `SinglePersonPrice`, `c`.`extra_person_price` AS `ExtraPersonPrice`, `c`.`child_with_bed_price` AS `ChildWithBedPrice`, `c`.`child_without_bed_price` AS `ChildWithoutBedPrice`, `c`.`valid_from` AS `ValidFrom`, `c`.`valid_to` AS `ValidTo`, `c`.`is_active` AS `IsActive`
FROM `cost` AS `c`
WHERE `c`.`tour_id` = @__tourId_0
2026-08-05 20:44:29.367 +05:30 [INF] Microsoft.EntityFrameworkCore.Database.Command Executed DbCommand (0ms) [Parameters=[@__tourId_0='?' (DbType = Int32)], CommandType='"Text"', CommandTimeout='30']
SELECT `t`.`image_id` AS `ImageId`, `t`.`source` AS `Source`, `t`.`image_title` AS `ImageTitle`, `t`.`is_primary` AS `IsPrimary`, `t`.`upload_date` AS `UploadDate`
FROM `tour_images` AS `t`
WHERE `t`.`tour_id` = @__tourId_0
2026-08-05 20:44:29.369 +05:30 [INF] Microsoft.EntityFrameworkCore.Database.Command Executed DbCommand (0ms) [Parameters=[@__tourId_0='?' (DbType = Int32)], CommandType='"Text"', CommandTimeout='30']
SELECT CAST(`r`.`rating` AS double)
FROM `review` AS `r`
WHERE (`r`.`tour_id` = @__tourId_0) AND `r`.`rating` IS NOT NULL
2026-08-05 20:44:29.373 +05:30 [INF] Microsoft.EntityFrameworkCore.Database.Command Executed DbCommand (1ms) [Parameters=[@__tourId_0='?' (DbType = Int32)], CommandType='"Text"', CommandTimeout='30']
SELECT `t`.`tour_id`, `t`.`add_ons`, `t`.`category_id`, `t`.`days`, `t`.`description`, `t`.`destination`, `t`.`do_and_dont`, `t`.`location`, `t`.`nights`, `t`.`passport_and_visa`, `t`.`price`, `t`.`stay_and_meals`, `t`.`subcat_id`, `t`.`tour_name`, `t`.`tour_type`, `t`.`weather`, `c`.`category_id`, `c`.`cat_code`, `c`.`cat_image_path`, `c`.`category_name`, `c`.`description`, `c`.`flag`, `c`.`parent_id`, `c`.`status`, `c`.`suitable_for`, `s`.`subcat_id`, `s`.`cat_id`, `s`.`flag`, `s`.`isactive`, `s`.`subcat_image_path`, `s`.`subcat_name`
FROM `tour` AS `t`
LEFT JOIN `category` AS `c` ON `t`.`category_id` = `c`.`category_id`
LEFT JOIN `sub_category_master` AS `s` ON `t`.`subcat_id` = `s`.`subcat_id`
WHERE `t`.`tour_id` = @__tourId_0
LIMIT 1
2026-08-05 20:44:29.377 +05:30 [INF] Microsoft.EntityFrameworkCore.Database.Command Executed DbCommand (0ms) [Parameters=[@__tourId_0='?' (DbType = Int32)], CommandType='"Text"', CommandTimeout='30']
SELECT `i`.`itinerary_id` AS `ItineraryId`, `i`.`day_number` AS `DayNumber`, `i`.`description` AS `Description`, `i`.`location` AS `Location`
FROM `itinerary` AS `i`
WHERE `i`.`tour_id` = @__tourId_0
ORDER BY `i`.`day_number`
2026-08-05 20:44:29.381 +05:30 [INF] Microsoft.EntityFrameworkCore.Database.Command Executed DbCommand (1ms) [Parameters=[@__tourId_0='?' (DbType = Int32), @__today_1='?' (DbType = Date)], CommandType='"Text"', CommandTimeout='30']
SELECT `s`.`schedule_id` AS `ScheduleId`, `s`.`start_date` AS `StartDate`, `s`.`available_seats` AS `AvailableSeats`, `s`.`total_seats` AS `TotalSeats`, `s`.`status` AS `Status`
FROM `schedule` AS `s`
WHERE ((`s`.`tour_id` = @__tourId_0) AND `s`.`start_date` IS NOT NULL) AND (`s`.`start_date` >= @__today_1)
ORDER BY `s`.`start_date`
2026-08-05 20:44:29.384 +05:30 [INF] Microsoft.EntityFrameworkCore.Database.Command Executed DbCommand (0ms) [Parameters=[@__tourId_0='?' (DbType = Int32)], CommandType='"Text"', CommandTimeout='30']
SELECT `c`.`cost_id` AS `CostId`, `c`.`adult_price` AS `AdultPrice`, `c`.`single_person_price` AS `SinglePersonPrice`, `c`.`extra_person_price` AS `ExtraPersonPrice`, `c`.`child_with_bed_price` AS `ChildWithBedPrice`, `c`.`child_without_bed_price` AS `ChildWithoutBedPrice`, `c`.`valid_from` AS `ValidFrom`, `c`.`valid_to` AS `ValidTo`, `c`.`is_active` AS `IsActive`
FROM `cost` AS `c`
WHERE `c`.`tour_id` = @__tourId_0
2026-08-05 20:44:29.387 +05:30 [INF] Microsoft.EntityFrameworkCore.Database.Command Executed DbCommand (1ms) [Parameters=[@__tourId_0='?' (DbType = Int32)], CommandType='"Text"', CommandTimeout='30']
SELECT `t`.`image_id` AS `ImageId`, `t`.`source` AS `Source`, `t`.`image_title` AS `ImageTitle`, `t`.`is_primary` AS `IsPrimary`, `t`.`upload_date` AS `UploadDate`
FROM `tour_images` AS `t`
WHERE `t`.`tour_id` = @__tourId_0
2026-08-05 20:44:29.390 +05:30 [INF] Microsoft.EntityFrameworkCore.Database.Command Executed DbCommand (0ms) [Parameters=[@__tourId_0='?' (DbType = Int32)], CommandType='"Text"', CommandTimeout='30']
SELECT CAST(`r`.`rating` AS double)
FROM `review` AS `r`
WHERE (`r`.`tour_id` = @__tourId_0) AND `r`.`rating` IS NOT NULL
2026-08-05 20:44:29.394 +05:30 [INF] Microsoft.EntityFrameworkCore.Database.Command Executed DbCommand (0ms) [Parameters=[@__tourId_0='?' (DbType = Int32)], CommandType='"Text"', CommandTimeout='30']
SELECT `t`.`tour_id`, `t`.`add_ons`, `t`.`category_id`, `t`.`days`, `t`.`description`, `t`.`destination`, `t`.`do_and_dont`, `t`.`location`, `t`.`nights`, `t`.`passport_and_visa`, `t`.`price`, `t`.`stay_and_meals`, `t`.`subcat_id`, `t`.`tour_name`, `t`.`tour_type`, `t`.`weather`, `c`.`category_id`, `c`.`cat_code`, `c`.`cat_image_path`, `c`.`category_name`, `c`.`description`, `c`.`flag`, `c`.`parent_id`, `c`.`status`, `c`.`suitable_for`, `s`.`subcat_id`, `s`.`cat_id`, `s`.`flag`, `s`.`isactive`, `s`.`subcat_image_path`, `s`.`subcat_name`
FROM `tour` AS `t`
LEFT JOIN `category` AS `c` ON `t`.`category_id` = `c`.`category_id`
LEFT JOIN `sub_category_master` AS `s` ON `t`.`subcat_id` = `s`.`subcat_id`
WHERE `t`.`tour_id` = @__tourId_0
LIMIT 1
2026-08-05 20:44:29.399 +05:30 [INF] Microsoft.EntityFrameworkCore.Database.Command Executed DbCommand (1ms) [Parameters=[@__tourId_0='?' (DbType = Int32)], CommandType='"Text"', CommandTimeout='30']
SELECT `i`.`itinerary_id` AS `ItineraryId`, `i`.`day_number` AS `DayNumber`, `i`.`description` AS `Description`, `i`.`location` AS `Location`
FROM `itinerary` AS `i`
WHERE `i`.`tour_id` = @__tourId_0
ORDER BY `i`.`day_number`
2026-08-05 20:44:29.403 +05:30 [INF] Microsoft.EntityFrameworkCore.Database.Command Executed DbCommand (0ms) [Parameters=[@__tourId_0='?' (DbType = Int32), @__today_1='?' (DbType = Date)], CommandType='"Text"', CommandTimeout='30']
SELECT `s`.`schedule_id` AS `ScheduleId`, `s`.`start_date` AS `StartDate`, `s`.`available_seats` AS `AvailableSeats`, `s`.`total_seats` AS `TotalSeats`, `s`.`status` AS `Status`
FROM `schedule` AS `s`
WHERE ((`s`.`tour_id` = @__tourId_0) AND `s`.`start_date` IS NOT NULL) AND (`s`.`start_date` >= @__today_1)
ORDER BY `s`.`start_date`
2026-08-05 20:44:29.407 +05:30 [INF] Microsoft.EntityFrameworkCore.Database.Command Executed DbCommand (1ms) [Parameters=[@__tourId_0='?' (DbType = Int32)], CommandType='"Text"', CommandTimeout='30']
SELECT `c`.`cost_id` AS `CostId`, `c`.`adult_price` AS `AdultPrice`, `c`.`single_person_price` AS `SinglePersonPrice`, `c`.`extra_person_price` AS `ExtraPersonPrice`, `c`.`child_with_bed_price` AS `ChildWithBedPrice`, `c`.`child_without_bed_price` AS `ChildWithoutBedPrice`, `c`.`valid_from` AS `ValidFrom`, `c`.`valid_to` AS `ValidTo`, `c`.`is_active` AS `IsActive`
FROM `cost` AS `c`
WHERE `c`.`tour_id` = @__tourId_0
2026-08-05 20:44:29.411 +05:30 [INF] Microsoft.EntityFrameworkCore.Database.Command Executed DbCommand (0ms) [Parameters=[@__tourId_0='?' (DbType = Int32)], CommandType='"Text"', CommandTimeout='30']
SELECT `t`.`image_id` AS `ImageId`, `t`.`source` AS `Source`, `t`.`image_title` AS `ImageTitle`, `t`.`is_primary` AS `IsPrimary`, `t`.`upload_date` AS `UploadDate`
FROM `tour_images` AS `t`
WHERE `t`.`tour_id` = @__tourId_0
2026-08-05 20:44:29.414 +05:30 [INF] Microsoft.EntityFrameworkCore.Database.Command Executed DbCommand (1ms) [Parameters=[@__tourId_0='?' (DbType = Int32)], CommandType='"Text"', CommandTimeout='30']
SELECT CAST(`r`.`rating` AS double)
FROM `review` AS `r`
WHERE (`r`.`tour_id` = @__tourId_0) AND `r`.`rating` IS NOT NULL
2026-08-05 20:44:29.417 +05:30 [INF] Microsoft.EntityFrameworkCore.Database.Command Executed DbCommand (0ms) [Parameters=[@__tourId_0='?' (DbType = Int32)], CommandType='"Text"', CommandTimeout='30']
SELECT `t`.`tour_id`, `t`.`add_ons`, `t`.`category_id`, `t`.`days`, `t`.`description`, `t`.`destination`, `t`.`do_and_dont`, `t`.`location`, `t`.`nights`, `t`.`passport_and_visa`, `t`.`price`, `t`.`stay_and_meals`, `t`.`subcat_id`, `t`.`tour_name`, `t`.`tour_type`, `t`.`weather`, `c`.`category_id`, `c`.`cat_code`, `c`.`cat_image_path`, `c`.`category_name`, `c`.`description`, `c`.`flag`, `c`.`parent_id`, `c`.`status`, `c`.`suitable_for`, `s`.`subcat_id`, `s`.`cat_id`, `s`.`flag`, `s`.`isactive`, `s`.`subcat_image_path`, `s`.`subcat_name`
FROM `tour` AS `t`
LEFT JOIN `category` AS `c` ON `t`.`category_id` = `c`.`category_id`
LEFT JOIN `sub_category_master` AS `s` ON `t`.`subcat_id` = `s`.`subcat_id`
WHERE `t`.`tour_id` = @__tourId_0
LIMIT 1
2026-08-05 20:44:29.421 +05:30 [INF] Microsoft.EntityFrameworkCore.Database.Command Executed DbCommand (0ms) [Parameters=[@__tourId_0='?' (DbType = Int32)], CommandType='"Text"', CommandTimeout='30']
SELECT `i`.`itinerary_id` AS `ItineraryId`, `i`.`day_number` AS `DayNumber`, `i`.`description` AS `Description`, `i`.`location` AS `Location`
FROM `itinerary` AS `i`
WHERE `i`.`tour_id` = @__tourId_0
ORDER BY `i`.`day_number`
2026-08-05 20:44:29.424 +05:30 [INF] Microsoft.EntityFrameworkCore.Database.Command Executed DbCommand (0ms) [Parameters=[@__tourId_0='?' (DbType = Int32), @__today_1='?' (DbType = Date)], CommandType='"Text"', CommandTimeout='30']
SELECT `s`.`schedule_id` AS `ScheduleId`, `s`.`start_date` AS `StartDate`, `s`.`available_seats` AS `AvailableSeats`, `s`.`total_seats` AS `TotalSeats`, `s`.`status` AS `Status`
FROM `schedule` AS `s`
WHERE ((`s`.`tour_id` = @__tourId_0) AND `s`.`start_date` IS NOT NULL) AND (`s`.`start_date` >= @__today_1)
ORDER BY `s`.`start_date`
2026-08-05 20:44:29.427 +05:30 [INF] Microsoft.EntityFrameworkCore.Database.Command Executed DbCommand (1ms) [Parameters=[@__tourId_0='?' (DbType = Int32)], CommandType='"Text"', CommandTimeout='30']
SELECT `c`.`cost_id` AS `CostId`, `c`.`adult_price` AS `AdultPrice`, `c`.`single_person_price` AS `SinglePersonPrice`, `c`.`extra_person_price` AS `ExtraPersonPrice`, `c`.`child_with_bed_price` AS `ChildWithBedPrice`, `c`.`child_without_bed_price` AS `ChildWithoutBedPrice`, `c`.`valid_from` AS `ValidFrom`, `c`.`valid_to` AS `ValidTo`, `c`.`is_active` AS `IsActive`
FROM `cost` AS `c`
WHERE `c`.`tour_id` = @__tourId_0
2026-08-05 20:44:29.430 +05:30 [INF] Microsoft.EntityFrameworkCore.Database.Command Executed DbCommand (0ms) [Parameters=[@__tourId_0='?' (DbType = Int32)], CommandType='"Text"', CommandTimeout='30']
SELECT `t`.`image_id` AS `ImageId`, `t`.`source` AS `Source`, `t`.`image_title` AS `ImageTitle`, `t`.`is_primary` AS `IsPrimary`, `t`.`upload_date` AS `UploadDate`
FROM `tour_images` AS `t`
WHERE `t`.`tour_id` = @__tourId_0
2026-08-05 20:44:29.433 +05:30 [INF] Microsoft.EntityFrameworkCore.Database.Command Executed DbCommand (0ms) [Parameters=[@__tourId_0='?' (DbType = Int32)], CommandType='"Text"', CommandTimeout='30']
SELECT CAST(`r`.`rating` AS double)
FROM `review` AS `r`
WHERE (`r`.`tour_id` = @__tourId_0) AND `r`.`rating` IS NOT NULL
2026-08-05 20:44:29.438 +05:30 [INF] Microsoft.EntityFrameworkCore.Database.Command Executed DbCommand (0ms) [Parameters=[@__tourId_0='?' (DbType = Int32)], CommandType='"Text"', CommandTimeout='30']
SELECT `t`.`tour_id`, `t`.`add_ons`, `t`.`category_id`, `t`.`days`, `t`.`description`, `t`.`destination`, `t`.`do_and_dont`, `t`.`location`, `t`.`nights`, `t`.`passport_and_visa`, `t`.`price`, `t`.`stay_and_meals`, `t`.`subcat_id`, `t`.`tour_name`, `t`.`tour_type`, `t`.`weather`, `c`.`category_id`, `c`.`cat_code`, `c`.`cat_image_path`, `c`.`category_name`, `c`.`description`, `c`.`flag`, `c`.`parent_id`, `c`.`status`, `c`.`suitable_for`, `s`.`subcat_id`, `s`.`cat_id`, `s`.`flag`, `s`.`isactive`, `s`.`subcat_image_path`, `s`.`subcat_name`
FROM `tour` AS `t`
LEFT JOIN `category` AS `c` ON `t`.`category_id` = `c`.`category_id`
LEFT JOIN `sub_category_master` AS `s` ON `t`.`subcat_id` = `s`.`subcat_id`
WHERE `t`.`tour_id` = @__tourId_0
LIMIT 1
2026-08-05 20:44:29.441 +05:30 [INF] Microsoft.EntityFrameworkCore.Database.Command Executed DbCommand (1ms) [Parameters=[@__tourId_0='?' (DbType = Int32)], CommandType='"Text"', CommandTimeout='30']
SELECT `i`.`itinerary_id` AS `ItineraryId`, `i`.`day_number` AS `DayNumber`, `i`.`description` AS `Description`, `i`.`location` AS `Location`
FROM `itinerary` AS `i`
WHERE `i`.`tour_id` = @__tourId_0
ORDER BY `i`.`day_number`
2026-08-05 20:44:29.445 +05:30 [INF] Microsoft.EntityFrameworkCore.Database.Command Executed DbCommand (0ms) [Parameters=[@__tourId_0='?' (DbType = Int32), @__today_1='?' (DbType = Date)], CommandType='"Text"', CommandTimeout='30']
SELECT `s`.`schedule_id` AS `ScheduleId`, `s`.`start_date` AS `StartDate`, `s`.`available_seats` AS `AvailableSeats`, `s`.`total_seats` AS `TotalSeats`, `s`.`status` AS `Status`
FROM `schedule` AS `s`
WHERE ((`s`.`tour_id` = @__tourId_0) AND `s`.`start_date` IS NOT NULL) AND (`s`.`start_date` >= @__today_1)
ORDER BY `s`.`start_date`
2026-08-05 20:44:29.448 +05:30 [INF] Microsoft.EntityFrameworkCore.Database.Command Executed DbCommand (0ms) [Parameters=[@__tourId_0='?' (DbType = Int32)], CommandType='"Text"', CommandTimeout='30']
SELECT `c`.`cost_id` AS `CostId`, `c`.`adult_price` AS `AdultPrice`, `c`.`single_person_price` AS `SinglePersonPrice`, `c`.`extra_person_price` AS `ExtraPersonPrice`, `c`.`child_with_bed_price` AS `ChildWithBedPrice`, `c`.`child_without_bed_price` AS `ChildWithoutBedPrice`, `c`.`valid_from` AS `ValidFrom`, `c`.`valid_to` AS `ValidTo`, `c`.`is_active` AS `IsActive`
FROM `cost` AS `c`
WHERE `c`.`tour_id` = @__tourId_0
2026-08-05 20:44:29.452 +05:30 [INF] Microsoft.EntityFrameworkCore.Database.Command Executed DbCommand (0ms) [Parameters=[@__tourId_0='?' (DbType = Int32)], CommandType='"Text"', CommandTimeout='30']
SELECT `t`.`image_id` AS `ImageId`, `t`.`source` AS `Source`, `t`.`image_title` AS `ImageTitle`, `t`.`is_primary` AS `IsPrimary`, `t`.`upload_date` AS `UploadDate`
FROM `tour_images` AS `t`
WHERE `t`.`tour_id` = @__tourId_0
2026-08-05 20:44:29.455 +05:30 [INF] Microsoft.EntityFrameworkCore.Database.Command Executed DbCommand (0ms) [Parameters=[@__tourId_0='?' (DbType = Int32)], CommandType='"Text"', CommandTimeout='30']
SELECT CAST(`r`.`rating` AS double)
FROM `review` AS `r`
WHERE (`r`.`tour_id` = @__tourId_0) AND `r`.`rating` IS NOT NULL
2026-08-05 20:44:29.458 +05:30 [INF] Serilog.AspNetCore.RequestLoggingMiddleware GET /api/admin/tours responded 200 in 843.0 ms
2026-08-05 20:44:30.954 +05:30 [INF] Microsoft.EntityFrameworkCore.Database.Command Executed DbCommand (1ms) [Parameters=[], CommandType='"Text"', CommandTimeout='30']
SELECT `f`.`feedback_id`, `f`.`category`, `f`.`created_at`, `f`.`email`, `f`.`message`, `f`.`name`, `f`.`page_url`, `f`.`published`, `f`.`rating`, `f`.`status`, `f`.`user_id`
FROM `feedback` AS `f`
WHERE `f`.`published`
ORDER BY `f`.`feedback_id` DESC
2026-08-05 20:44:30.956 +05:30 [INF] Microsoft.EntityFrameworkCore.Database.Command Executed DbCommand (3ms) [Parameters=[], CommandType='"Text"', CommandTimeout='30']
SELECT `t`.`tour_id`, `t`.`add_ons`, `t`.`category_id`, `t`.`days`, `t`.`description`, `t`.`destination`, `t`.`do_and_dont`, `t`.`location`, `t`.`nights`, `t`.`passport_and_visa`, `t`.`price`, `t`.`stay_and_meals`, `t`.`subcat_id`, `t`.`tour_name`, `t`.`tour_type`, `t`.`weather`
FROM `tour` AS `t`
ORDER BY `t`.`tour_id`
2026-08-05 20:44:30.957 +05:30 [INF] Microsoft.EntityFrameworkCore.Database.Command Executed DbCommand (1ms) [Parameters=[], CommandType='"Text"', CommandTimeout='30']
SELECT `c`.`category_id`, `c`.`cat_code`, `c`.`cat_image_path`, `c`.`category_name`, `c`.`description`, `c`.`flag`, `c`.`parent_id`, `c`.`status`, `c`.`suitable_for`
FROM `category` AS `c`
WHERE `c`.`parent_id` IS NULL
ORDER BY `c`.`category_id`
2026-08-05 20:44:30.961 +05:30 [INF] Serilog.AspNetCore.RequestLoggingMiddleware GET /api/feedback/published responded 200 in 15.1 ms
2026-08-05 20:44:30.967 +05:30 [INF] Microsoft.EntityFrameworkCore.Database.Command Executed DbCommand (1ms) [Parameters=[], CommandType='"Text"', CommandTimeout='30']
SELECT `c`.`category_id`, `c`.`cat_code`, `c`.`cat_image_path`, `c`.`category_name`, `c`.`description`, `c`.`flag`, `c`.`parent_id`, `c`.`status`, `c`.`suitable_for`
FROM `category` AS `c`
2026-08-05 20:44:30.967 +05:30 [INF] Microsoft.EntityFrameworkCore.Database.Command Executed DbCommand (3ms) [Parameters=[], CommandType='"Text"', CommandTimeout='30']
SELECT `c`.`tour_id` AS `TourId`, MIN(`c`.`adult_price`) AS `Min`
FROM `cost` AS `c`
WHERE `c`.`tour_id` IS NOT NULL AND (`c`.`adult_price` IS NOT NULL)
GROUP BY `c`.`tour_id`
2026-08-05 20:44:30.972 +05:30 [INF] Microsoft.EntityFrameworkCore.Database.Command Executed DbCommand (1ms) [Parameters=[], CommandType='"Text"', CommandTimeout='30']
SELECT `f`.`feedback_id`, `f`.`category`, `f`.`created_at`, `f`.`email`, `f`.`message`, `f`.`name`, `f`.`page_url`, `f`.`published`, `f`.`rating`, `f`.`status`, `f`.`user_id`
FROM `feedback` AS `f`
WHERE `f`.`published`
ORDER BY `f`.`feedback_id` DESC
2026-08-05 20:44:30.990 +05:30 [INF] Microsoft.EntityFrameworkCore.Database.Command Executed DbCommand (1ms) [Parameters=[], CommandType='"Text"', CommandTimeout='30']
SELECT `t`.`tour_id` AS `TourId`, `t`.`category_id` AS `CategoryId`
FROM `tour` AS `t`
2026-08-05 20:44:31.003 +05:30 [INF] Microsoft.EntityFrameworkCore.Database.Command Executed DbCommand (4ms) [Parameters=[], CommandType='"Text"', CommandTimeout='30']
SELECT `r`.`tour_id` AS `TourId`, AVG(CAST(`r`.`rating` AS double)) AS `Avg`, CAST(COUNT(*) AS signed) AS `Count`
FROM `review` AS `r`
WHERE `r`.`tour_id` IS NOT NULL AND (`r`.`rating` IS NOT NULL)
GROUP BY `r`.`tour_id`
2026-08-05 20:44:31.005 +05:30 [INF] Serilog.AspNetCore.RequestLoggingMiddleware GET /api/feedback/published responded 200 in 38.5 ms
2026-08-05 20:44:31.010 +05:30 [INF] Serilog.AspNetCore.RequestLoggingMiddleware GET /api/categories/roots responded 200 in 60.9 ms
2026-08-05 20:44:31.017 +05:30 [INF] Microsoft.EntityFrameworkCore.Database.Command Executed DbCommand (4ms) [Parameters=[], CommandType='"Text"', CommandTimeout='30']
SELECT `t`.`tour_id` AS `TourId`, (
    SELECT `t0`.`source`
    FROM `tour_images` AS `t0`
    WHERE (`t0`.`is_primary` AND (`t0`.`tour_id` IS NOT NULL)) AND (`t`.`tour_id` = `t0`.`tour_id`)
    LIMIT 1) AS `Source`
FROM `tour_images` AS `t`
WHERE `t`.`is_primary` AND (`t`.`tour_id` IS NOT NULL)
GROUP BY `t`.`tour_id`
2026-08-05 20:44:31.026 +05:30 [INF] Microsoft.EntityFrameworkCore.Database.Command Executed DbCommand (1ms) [Parameters=[], CommandType='"Text"', CommandTimeout='30']
SELECT `c`.`category_id`, `c`.`cat_code`, `c`.`cat_image_path`, `c`.`category_name`, `c`.`description`, `c`.`flag`, `c`.`parent_id`, `c`.`status`, `c`.`suitable_for`
FROM `category` AS `c`
WHERE `c`.`parent_id` IS NULL
ORDER BY `c`.`category_id`
2026-08-05 20:44:31.032 +05:30 [INF] Serilog.AspNetCore.RequestLoggingMiddleware GET /api/tours responded 200 in 88.2 ms
2026-08-05 20:44:31.037 +05:30 [INF] Microsoft.EntityFrameworkCore.Database.Command Executed DbCommand (1ms) [Parameters=[], CommandType='"Text"', CommandTimeout='30']
SELECT `c`.`category_id`, `c`.`cat_code`, `c`.`cat_image_path`, `c`.`category_name`, `c`.`description`, `c`.`flag`, `c`.`parent_id`, `c`.`status`, `c`.`suitable_for`
FROM `category` AS `c`
2026-08-05 20:44:31.043 +05:30 [INF] Microsoft.EntityFrameworkCore.Database.Command Executed DbCommand (1ms) [Parameters=[], CommandType='"Text"', CommandTimeout='30']
SELECT `t`.`tour_id` AS `TourId`, `t`.`category_id` AS `CategoryId`
FROM `tour` AS `t`
2026-08-05 20:44:31.044 +05:30 [INF] Microsoft.EntityFrameworkCore.Database.Command Executed DbCommand (1ms) [Parameters=[], CommandType='"Text"', CommandTimeout='30']
SELECT `t`.`tour_id`, `t`.`add_ons`, `t`.`category_id`, `t`.`days`, `t`.`description`, `t`.`destination`, `t`.`do_and_dont`, `t`.`location`, `t`.`nights`, `t`.`passport_and_visa`, `t`.`price`, `t`.`stay_and_meals`, `t`.`subcat_id`, `t`.`tour_name`, `t`.`tour_type`, `t`.`weather`
FROM `tour` AS `t`
ORDER BY `t`.`tour_id`
2026-08-05 20:44:31.048 +05:30 [INF] Serilog.AspNetCore.RequestLoggingMiddleware GET /api/categories/roots responded 200 in 29.4 ms
2026-08-05 20:44:31.053 +05:30 [INF] Microsoft.EntityFrameworkCore.Database.Command Executed DbCommand (1ms) [Parameters=[], CommandType='"Text"', CommandTimeout='30']
SELECT `c`.`tour_id` AS `TourId`, MIN(`c`.`adult_price`) AS `Min`
FROM `cost` AS `c`
WHERE `c`.`tour_id` IS NOT NULL AND (`c`.`adult_price` IS NOT NULL)
GROUP BY `c`.`tour_id`
2026-08-05 20:44:31.059 +05:30 [INF] Microsoft.EntityFrameworkCore.Database.Command Executed DbCommand (1ms) [Parameters=[], CommandType='"Text"', CommandTimeout='30']
SELECT `r`.`tour_id` AS `TourId`, AVG(CAST(`r`.`rating` AS double)) AS `Avg`, CAST(COUNT(*) AS signed) AS `Count`
FROM `review` AS `r`
WHERE `r`.`tour_id` IS NOT NULL AND (`r`.`rating` IS NOT NULL)
GROUP BY `r`.`tour_id`
2026-08-05 20:44:31.064 +05:30 [INF] Microsoft.EntityFrameworkCore.Database.Command Executed DbCommand (1ms) [Parameters=[], CommandType='"Text"', CommandTimeout='30']
SELECT `t`.`tour_id` AS `TourId`, (
    SELECT `t0`.`source`
    FROM `tour_images` AS `t0`
    WHERE (`t0`.`is_primary` AND (`t0`.`tour_id` IS NOT NULL)) AND (`t`.`tour_id` = `t0`.`tour_id`)
    LIMIT 1) AS `Source`
FROM `tour_images` AS `t`
WHERE `t`.`is_primary` AND (`t`.`tour_id` IS NOT NULL)
GROUP BY `t`.`tour_id`
2026-08-05 20:44:31.068 +05:30 [INF] Serilog.AspNetCore.RequestLoggingMiddleware GET /api/tours responded 200 in 30.2 ms
